Order Date,Sales,Quantity,Customer ID,Region,Product ID,Category,Discount,Discount value,Year
2014-06-09,48.86,7,BH-11710,West,FUR-FU-10001487,Furniture,0.0,0.0,2014
2014-06-09,7.28,4,BH-11710,West,OFF-AR-10002833,Office Supplies,0.0,0.0,2014
2014-06-09,907.152,6,BH-11710,West,TEC-PH-10002275,Technology,0.2,-181.4304,2014
2014-06-09,18.504,3,BH-11710,West,OFF-BI-10003910,Office Supplies,0.2,-3.700800000000001,2014
2014-06-09,114.9,5,BH-11710,West,OFF-AP-10002892,Office Supplies,0.0,0.0,2014
2014-06-09,1706.184,9,BH-11710,West,FUR-TA-10001539,Furniture,0.2,-341.2368,2014
2014-06-09,911.424,4,BH-11710,West,TEC-PH-10002033,Technology,0.2,-182.2848,2014
2014-11-11,665.88,6,PK-19075,Central,OFF-ST-10004186,Office Supplies,0.0,0.0,2014
2014-05-13,55.5,2,AG-10270,West,OFF-ST-10000107,Office Supplies,0.0,0.0,2014
2014-08-27,8.56,2,ZD-21925,West,OFF-AR-10003056,Office Supplies,0.0,0.0,2014
2014-08-27,213.48,3,ZD-21925,West,TEC-PH-10001949,Technology,0.2,-42.696,2014
2014-08-27,22.72,4,ZD-21925,West,OFF-BI-10002215,Office Supplies,0.2,-4.544,2014
2014-10-20,211.96,4,PO-18865,Central,OFF-ST-10001713,Office Supplies,0.0,0.0,2014
2014-12-05,1113.024,8,BS-11590,West,OFF-AR-10002671,Office Supplies,0.2,-222.6048,2014
2014-12-05,167.968,4,BS-11590,West,TEC-PH-10002726,Technology,0.2,-33.5936,2014
2014-11-26,19.3,5,JE-15745,Central,FUR-FU-10003194,Furniture,0.6,-11.58,2014
2014-10-12,14.9,5,DN-13690,West,OFF-AR-10002053,Office Supplies,0.0,0.0,2014
2014-10-12,21.39,1,DN-13690,West,OFF-ST-10002370,Office Supplies,0.0,0.0,2014
2014-08-25,40.096,14,RC-19960,East,OFF-FA-10000621,Office Supplies,0.2,-8.0192,2014
2014-08-25,4.72,2,RC-19960,East,OFF-EN-10002600,Office Supplies,0.2,-0.944,2014
2014-08-25,23.976,3,RC-19960,East,OFF-PA-10004965,Office Supplies,0.2,-4.7952,2014
2014-08-25,130.464,6,RC-19960,East,OFF-EN-10002504,Office Supplies,0.2,-26.0928,2014
2014-12-26,600.558,3,AD-10180,Central,FUR-CH-10004063,Furniture,0.3,-180.1674,2014
2014-09-20,617.7,6,PF-19165,Central,FUR-TA-10004534,Furniture,0.5,-308.85,2014
2014-10-22,93.888,4,MG-17680,East,FUR-FU-10000521,Furniture,0.2,-18.7776,2014
2014-03-01,457.568,2,DB-13060,West,FUR-CH-10004063,Furniture,0.2,-91.5136,2014
2014-09-08,9.936,3,BM-11140,Central,OFF-AR-10004441,Office Supplies,0.2,-1.9872,2014
2014-09-08,8159.952,8,BM-11140,Central,TEC-MA-10000822,Technology,0.4,-3263.9808,2014
2014-09-08,275.928,3,BM-11140,Central,OFF-ST-10000991,Office Supplies,0.2,-55.1856,2014
2014-09-08,1740.06,9,BM-11140,Central,FUR-CH-10004287,Furniture,0.3,-522.0179999999999,2014
2014-09-08,32.064,6,BM-11140,Central,OFF-AR-10002656,Office Supplies,0.2,-6.412800000000001,2014
2014-09-08,177.98,5,BM-11140,Central,OFF-AP-10002518,Office Supplies,0.8,-142.384,2014
2014-09-08,143.976,3,BM-11140,Central,TEC-PH-10003931,Technology,0.2,-28.7952,2014
2014-08-05,20.94,3,CS-12130,West,OFF-PA-10000659,Office Supplies,0.0,0.0,2014
2014-08-05,110.96,2,CS-12130,West,OFF-PA-10001144,Office Supplies,0.0,0.0,2014
2014-08-05,340.144,7,CS-12130,West,FUR-CH-10003817,Furniture,0.2,-68.0288,2014
2014-09-14,52.448,2,JB-15400,Central,OFF-AP-10000891,Office Supplies,0.8,-41.9584,2014
2014-09-14,20.16,4,JB-15400,Central,OFF-LA-10003148,Office Supplies,0.2,-4.032,2014
2014-12-05,24.816,2,DK-13150,Central,OFF-ST-10003455,Office Supplies,0.2,-4.963200000000001,2014
2014-12-05,408.744,7,DK-13150,Central,TEC-AC-10004659,Technology,0.2,-81.74880000000002,2014
2014-11-19,503.96,4,RM-19675,South,TEC-PH-10003273,Technology,0.0,0.0,2014
2014-11-19,149.95,5,RM-19675,South,TEC-PH-10004896,Technology,0.0,0.0,2014
2014-11-19,29.0,2,RM-19675,South,TEC-AC-10002345,Technology,0.0,0.0,2014
2014-08-26,176.8,8,FM-14290,West,TEC-AC-10002323,Technology,0.0,0.0,2014
2014-03-21,7.408,2,CB-12025,East,OFF-AR-10004685,Office Supplies,0.2,-1.4816,2014
2014-03-21,6.048,3,CB-12025,East,OFF-AR-10004027,Office Supplies,0.2,-1.2096,2014
2014-08-03,218.75,2,BS-11755,West,FUR-TA-10004289,Furniture,0.5,-109.375,2014
2014-08-03,2.6,1,BS-11755,West,OFF-AP-10003622,Office Supplies,0.2,-0.52,2014
2014-09-13,18.648,7,EA-14035,South,OFF-BI-10001679,Office Supplies,0.7,-13.0536,2014
2014-06-01,2001.86,7,DW-13480,Central,FUR-CH-10004063,Furniture,0.0,0.0,2014
2014-06-01,166.72,2,DW-13480,Central,OFF-ST-10002276,Office Supplies,0.0,0.0,2014
2014-06-01,47.88,6,DW-13480,Central,OFF-PA-10004082,Office Supplies,0.0,0.0,2014
2014-06-01,1503.25,5,DW-13480,Central,OFF-AP-10002945,Office Supplies,0.0,0.0,2014
2014-06-01,25.92,4,DW-13480,Central,OFF-PA-10000061,Office Supplies,0.0,0.0,2014
2014-09-19,3059.982,3,SB-20290,Central,TEC-MA-10000822,Technology,0.4,-1223.9928,2014
2014-09-19,2519.958,7,SB-20290,Central,TEC-MA-10003353,Technology,0.4,-1007.9832,2014
2014-12-26,300.416,8,KL-16555,West,FUR-FU-10004091,Furniture,0.2,-60.08320000000001,2014
2014-12-26,230.352,3,KL-16555,West,FUR-CH-10001891,Furniture,0.2,-46.07040000000001,2014
2014-12-26,218.352,3,KL-16555,West,FUR-FU-10002918,Furniture,0.2,-43.6704,2014
2014-12-26,78.6,5,KL-16555,West,OFF-BI-10004593,Office Supplies,0.7,-55.02,2014
2014-12-26,27.552,3,KL-16555,West,OFF-FA-10004854,Office Supplies,0.2,-5.510400000000001,2014
2014-12-30,9.84,3,KB-16600,Central,OFF-AR-10003651,Office Supplies,0.0,0.0,2014
2014-06-01,45.48,3,CR-12625,East,OFF-BI-10001072,Office Supplies,0.0,0.0,2014
2014-06-01,289.2,6,CR-12625,East,OFF-AR-10002135,Office Supplies,0.0,0.0,2014
2014-09-27,87.54,3,TS-21205,East,FUR-FU-10001588,Furniture,0.0,0.0,2014
2014-08-09,178.384,2,AG-10525,South,TEC-PH-10002398,Technology,0.2,-35.6768,2014
2014-08-09,15.552,3,AG-10525,South,OFF-PA-10001937,Office Supplies,0.2,-3.1104,2014
2014-12-28,99.136,4,SP-20860,East,OFF-AR-10003373,Office Supplies,0.2,-19.8272,2014
2014-11-04,135.882,1,NM-18445,East,FUR-CH-10002602,Furniture,0.1,-13.5882,2014
2014-11-04,3991.98,2,NM-18445,East,TEC-MA-10002927,Technology,0.0,0.0,2014
2014-11-04,275.94,6,NM-18445,East,TEC-PH-10004093,Technology,0.0,0.0,2014
2014-11-04,360.0,4,NM-18445,East,TEC-AC-10000892,Technology,0.0,0.0,2014
2014-11-04,43.57,1,NM-18445,East,OFF-ST-10002974,Office Supplies,0.0,0.0,2014
2014-09-19,7.16,2,FA-14230,West,OFF-FA-10000624,Office Supplies,0.0,0.0,2014
2014-07-12,7.712,2,AC-10420,West,OFF-BI-10003314,Office Supplies,0.2,-1.5424,2014
2014-07-12,698.352,3,AC-10420,West,FUR-TA-10004575,Furniture,0.2,-139.6704,2014
2014-04-13,17.856,4,JD-15895,East,OFF-AR-10000122,Office Supplies,0.2,-3.571200000000001,2014
2014-04-13,509.97,10,JD-15895,East,OFF-BI-10003656,Office Supplies,0.7,-356.979,2014
2014-04-13,30.992,13,JD-15895,East,OFF-FA-10002780,Office Supplies,0.2,-6.1984,2014
2014-04-13,71.928,12,JD-15895,East,TEC-PH-10000702,Technology,0.4,-28.7712,2014
2014-09-24,211.96,4,JD-16060,West,OFF-ST-10001713,Office Supplies,0.0,0.0,2014
2014-07-23,8.16,5,AG-10900,West,OFF-BI-10001982,Office Supplies,0.7,-5.712,2014
2014-07-23,1023.936,8,AG-10900,West,TEC-AC-10003911,Technology,0.2,-204.7872,2014
2014-07-23,9.24,1,AG-10900,West,OFF-AR-10000658,Office Supplies,0.2,-1.848,2014
2014-07-23,479.04,10,AG-10900,West,TEC-AC-10002076,Technology,0.2,-95.808,2014
2014-11-24,2.624,1,NG-18430,East,OFF-AR-10004757,Office Supplies,0.2,-0.5248,2014
2014-09-21,246.384,2,JG-15115,West,TEC-PH-10003012,Technology,0.2,-49.2768,2014
2014-09-21,1799.97,3,JG-15115,West,TEC-CO-10002313,Technology,0.0,0.0,2014
2014-06-07,12.462,3,BP-11095,Central,OFF-BI-10003982,Office Supplies,0.8,-9.9696,2014
2014-12-24,9.568,2,LF-17185,South,OFF-PA-10001947,Office Supplies,0.2,-1.9136,2014
2014-04-16,39.072,6,SP-20650,South,OFF-AR-10003478,Office Supplies,0.2,-7.814400000000001,2014
2014-06-22,196.752,6,JE-15745,West,TEC-AC-10004114,Technology,0.2,-39.35040000000001,2014
2014-09-12,69.99,1,SD-20485,East,TEC-MA-10000029,Technology,0.0,0.0,2014
2014-12-19,4.812,2,MK-18160,South,OFF-BI-10000773,Office Supplies,0.7,-3.3684,2014
2014-12-19,247.8,5,MK-18160,South,TEC-AC-10002600,Technology,0.2,-49.56,2014
2014-02-12,129.568,2,SC-20095,West,FUR-CH-10000225,Furniture,0.2,-25.9136,2014
2014-11-09,340.92,3,JP-15520,West,OFF-ST-10002743,Office Supplies,0.0,0.0,2014
2014-11-09,222.666,2,JP-15520,West,FUR-BO-10001601,Furniture,0.15,-33.3999,2014
2014-11-09,703.968,4,JP-15520,West,TEC-PH-10002680,Technology,0.2,-140.7936,2014
2014-11-09,92.52,6,JP-15520,West,OFF-ST-10001321,Office Supplies,0.0,0.0,2014
2014-11-09,62.65,7,JP-15520,West,OFF-PA-10001509,Office Supplies,0.0,0.0,2014
2014-11-09,94.85,5,JP-15520,West,OFF-PA-10003465,Office Supplies,0.0,0.0,2014
2014-10-06,9.09,3,XP-21865,West,TEC-AC-10001445,Technology,0.0,0.0,2014
2014-07-22,5.96,2,EM-14065,East,OFF-AR-10002053,Office Supplies,0.0,0.0,2014
2014-07-22,159.98,2,EM-14065,East,TEC-AC-10002567,Technology,0.0,0.0,2014
2014-10-29,2735.952,6,SA-20830,Central,TEC-PH-10001363,Technology,0.2,-547.1904000000001,2014
2014-06-09,7.992,1,CW-11905,Central,TEC-PH-10000376,Technology,0.2,-1.5984,2014
2014-06-09,63.984,2,CW-11905,Central,TEC-AC-10000303,Technology,0.2,-12.7968,2014
2014-06-09,70.368,2,CW-11905,Central,OFF-AR-10001953,Office Supplies,0.2,-14.0736,2014
2014-09-14,449.15,5,AJ-10960,East,OFF-ST-10001809,Office Supplies,0.0,0.0,2014
2014-09-14,11.07,3,AJ-10960,East,OFF-EN-10003845,Office Supplies,0.0,0.0,2014
2014-02-01,468.9,6,BD-11500,Central,TEC-AC-10001432,Technology,0.0,0.0,2014
2014-05-11,58.112,2,PG-18895,Central,TEC-AC-10001465,Technology,0.2,-11.6224,2014
2014-05-11,100.792,1,PG-18895,Central,TEC-PH-10002597,Technology,0.2,-20.1584,2014
2014-05-11,66.112,4,PG-18895,Central,FUR-FU-10000723,Furniture,0.6,-39.66719999999999,2014
2014-03-03,19.456,4,AJ-10945,South,OFF-AR-10003560,Office Supplies,0.2,-3.8912,2014
2014-09-14,13.0,5,CA-12775,South,OFF-AP-10003914,Office Supplies,0.2,-2.6,2014
2014-09-14,13.128,3,CA-12775,South,FUR-FU-10004020,Furniture,0.2,-2.6256,2014
2014-01-09,9.344,2,MS-17830,Central,OFF-AR-10004078,Office Supplies,0.2,-1.8688,2014
2014-01-09,31.2,3,MS-17830,Central,TEC-AC-10001266,Technology,0.2,-6.24,2014
2014-08-08,76.12,2,LR-16915,West,OFF-AP-10004708,Office Supplies,0.0,0.0,2014
2014-08-08,1199.976,3,LR-16915,West,TEC-CO-10004115,Technology,0.2,-239.9952,2014
2014-08-08,445.96,5,LR-16915,West,TEC-PH-10002398,Technology,0.2,-89.19200000000001,2014
2014-08-08,327.76,8,LR-16915,West,FUR-FU-10001979,Furniture,0.0,0.0,2014
2014-03-15,142.776,1,AS-10240,South,OFF-ST-10001490,Office Supplies,0.2,-28.5552,2014
2014-03-15,45.696,3,AS-10240,South,FUR-FU-10001756,Furniture,0.2,-9.1392,2014
2014-03-15,7.218,3,AS-10240,South,OFF-BI-10000773,Office Supplies,0.7,-5.0526,2014
2014-03-15,43.188,4,AS-10240,South,OFF-BI-10001543,Office Supplies,0.7,-30.2316,2014
2014-03-15,131.904,3,AS-10240,South,OFF-PA-10002120,Office Supplies,0.2,-26.3808,2014
2014-05-23,3.282,2,AR-10510,East,OFF-BI-10000848,Office Supplies,0.7,-2.2974,2014
2014-05-23,21.168,9,AR-10510,East,OFF-AR-10001246,Office Supplies,0.2,-4.2336,2014
2014-05-23,55.188,2,AR-10510,East,TEC-PH-10003092,Technology,0.4,-22.0752,2014
2014-12-26,8.69,5,CA-12265,Central,OFF-BI-10002103,Office Supplies,0.8,-6.952,2014
2014-12-24,30.36,5,RP-19390,East,FUR-FU-10003096,Furniture,0.2,-6.072,2014
2014-07-05,479.97,3,MC-17845,South,TEC-AC-10003911,Technology,0.0,0.0,2014
2014-07-05,14.62,2,MC-17845,South,OFF-LA-10001934,Office Supplies,0.0,0.0,2014
2014-07-05,19.44,3,MC-17845,South,OFF-PA-10000304,Office Supplies,0.0,0.0,2014
2014-06-21,104.01,1,NP-18325,South,FUR-FU-10004071,Furniture,0.0,0.0,2014
2014-06-21,284.82,1,NP-18325,South,TEC-PH-10002033,Technology,0.0,0.0,2014
2014-06-21,36.84,3,NP-18325,South,OFF-ST-10002444,Office Supplies,0.0,0.0,2014
2014-09-12,10.368,2,BN-11470,South,OFF-PA-10001800,Office Supplies,0.2,-2.0736,2014
2014-09-12,166.84,5,BN-11470,South,OFF-AP-10001469,Office Supplies,0.2,-33.368,2014
2014-09-12,15.216,1,BN-11470,South,TEC-AC-10002399,Technology,0.2,-3.0432,2014
2014-12-02,119.96,4,DP-13165,East,TEC-AC-10003628,Technology,0.0,0.0,2014
2014-12-02,883.92,5,DP-13165,East,FUR-BO-10003272,Furniture,0.2,-176.784,2014
2014-12-02,46.72,8,DP-13165,East,OFF-BI-10000050,Office Supplies,0.2,-9.344,2014
2014-04-05,55.48,1,TH-21550,East,OFF-PA-10004071,Office Supplies,0.0,0.0,2014
2014-07-01,19.92,5,Dl-13600,West,OFF-BI-10003355,Office Supplies,0.2,-3.984,2014
2014-01-11,9.94,2,SV-20365,East,FUR-FU-10000010,Furniture,0.0,0.0,2014
2014-06-02,59.808,3,CK-12325,West,OFF-BI-10001658,Office Supplies,0.2,-11.9616,2014
2014-06-02,73.32,6,CK-12325,West,FUR-FU-10000246,Furniture,0.0,0.0,2014
2014-10-07,129.92,5,MR-17545,East,FUR-FU-10000222,Furniture,0.2,-25.984,2014
2014-09-08,49.98,2,GZ-14470,West,TEC-AC-10001383,Technology,0.0,0.0,2014
2014-01-04,11.784,3,PO-19195,Central,OFF-LA-10003223,Office Supplies,0.2,-2.3568,2014
2014-01-04,272.736,3,PO-19195,Central,OFF-ST-10002743,Office Supplies,0.2,-54.5472,2014
2014-01-04,3.54,2,PO-19195,Central,OFF-BI-10004094,Office Supplies,0.8,-2.832,2014
2014-05-27,567.12,10,MH-17785,West,FUR-TA-10002607,Furniture,0.2,-113.424,2014
2014-05-27,359.32,4,MH-17785,West,OFF-ST-10001809,Office Supplies,0.0,0.0,2014
2014-12-29,24.56,2,DC-13285,Central,OFF-ST-10002444,Office Supplies,0.0,0.0,2014
2014-12-29,119.8,4,DC-13285,Central,TEC-AC-10001267,Technology,0.0,0.0,2014
2014-01-13,11.36,2,CS-12250,South,OFF-EN-10001990,Office Supplies,0.0,0.0,2014
2014-01-13,50.94,3,CS-12250,South,OFF-EN-10001532,Office Supplies,0.0,0.0,2014
2014-01-13,646.74,6,CS-12250,South,TEC-AC-10003174,Technology,0.0,0.0,2014
2014-01-13,5.64,3,CS-12250,South,OFF-BI-10004187,Office Supplies,0.0,0.0,2014
2014-01-13,572.58,6,CS-12250,South,OFF-ST-10000025,Office Supplies,0.0,0.0,2014
2014-05-14,310.88,2,AJ-10795,South,FUR-FU-10004306,Furniture,0.2,-62.176,2014
2014-06-29,32.76,7,DL-12865,East,OFF-AR-10003405,Office Supplies,0.2,-6.552,2014
2014-09-20,9.96,2,ES-14020,West,OFF-LA-10001569,Office Supplies,0.0,0.0,2014
2014-09-20,21.72,4,ES-14020,West,OFF-PA-10003724,Office Supplies,0.0,0.0,2014
2014-11-01,43.176,3,RA-19915,West,OFF-AR-10001897,Office Supplies,0.2,-8.635200000000001,2014
2014-11-01,1983.968,4,RA-19915,West,TEC-PH-10001795,Technology,0.2,-396.7936,2014
2014-10-13,11.52,4,ZC-21910,West,OFF-AR-10003190,Office Supplies,0.0,0.0,2014
2014-10-13,1298.55,5,ZC-21910,West,FUR-TA-10002903,Furniture,0.0,0.0,2014
2014-10-13,213.92,4,ZC-21910,West,OFF-AP-10000240,Office Supplies,0.0,0.0,2014
2014-10-13,25.78,2,ZC-21910,West,TEC-AC-10001101,Technology,0.0,0.0,2014
2014-06-28,41.472,8,CA-12775,East,OFF-PA-10000304,Office Supplies,0.2,-8.294400000000001,2014
2014-06-28,3.168,3,CA-12775,East,OFF-BI-10003094,Office Supplies,0.7,-2.2176,2014
2014-06-28,1228.465,5,CA-12775,East,FUR-CH-10001394,Furniture,0.3,-368.5395,2014
2014-06-28,31.086,3,CA-12775,East,OFF-BI-10004230,Office Supplies,0.7,-21.7602,2014
2014-06-28,335.52,4,CA-12775,East,OFF-PA-10003395,Office Supplies,0.2,-67.104,2014
2014-05-09,67.8,4,PG-18820,West,TEC-AC-10003441,Technology,0.0,0.0,2014
2014-05-09,167.97,3,PG-18820,West,TEC-AC-10000109,Technology,0.0,0.0,2014
2014-09-08,51.184,4,LH-17020,Central,OFF-BI-10001071,Office Supplies,0.8,-40.9472,2014
2014-02-07,115.36,7,CK-12760,East,TEC-AC-10000710,Technology,0.0,0.0,2014
2014-08-03,39.96,2,BK-11260,East,OFF-PA-10001019,Office Supplies,0.0,0.0,2014
2014-08-03,102.3,10,BK-11260,East,OFF-SU-10002537,Office Supplies,0.0,0.0,2014
2014-08-03,21.36,2,BK-11260,East,OFF-ST-10003221,Office Supplies,0.0,0.0,2014
2014-06-09,7.36,2,CM-12445,West,OFF-SU-10001225,Office Supplies,0.0,0.0,2014
2014-06-09,23.1,2,CM-12445,West,OFF-AR-10003752,Office Supplies,0.0,0.0,2014
2014-01-10,2.89,1,AJ-10780,South,OFF-LA-10004272,Office Supplies,0.0,0.0,2014
2014-01-10,51.94,1,AJ-10780,South,FUR-FU-10000965,Furniture,0.0,0.0,2014
2014-04-06,44.91,6,GP-14740,East,OFF-BI-10003719,Office Supplies,0.7,-31.43699999999999,2014
2014-12-10,11.36,2,SM-20005,East,OFF-PA-10004470,Office Supplies,0.0,0.0,2014
2014-12-10,106.344,7,SM-20005,East,OFF-BI-10000315,Office Supplies,0.2,-21.2688,2014
2014-09-17,5.892,4,AG-10765,East,OFF-BI-10003712,Office Supplies,0.7,-4.1244,2014
2014-04-29,17.46,2,LL-16840,East,FUR-FU-10001424,Furniture,0.0,0.0,2014
2014-12-09,34.68,6,CK-12760,West,OFF-PA-10003845,Office Supplies,0.0,0.0,2014
2014-09-09,103.6,7,MS-17365,Central,OFF-LA-10003923,Office Supplies,0.0,0.0,2014
2014-06-15,99.918,2,KL-16555,Central,FUR-TA-10001520,Furniture,0.3,-29.9754,2014
2014-06-15,797.944,4,KL-16555,Central,FUR-CH-10003379,Furniture,0.3,-239.3832,2014
2014-06-15,8.568,3,KL-16555,Central,OFF-BI-10002706,Office Supplies,0.8,-6.8544,2014
2014-12-05,24.56,2,RC-19825,South,OFF-ST-10002444,Office Supplies,0.0,0.0,2014
2014-09-13,15.552,3,JM-15535,East,OFF-PA-10003543,Office Supplies,0.2,-3.1104,2014
2014-09-13,252.0,5,JM-15535,East,TEC-AC-10004353,Technology,0.2,-50.40000000000001,2014
2014-09-22,4.608,2,MS-17365,South,OFF-LA-10001613,Office Supplies,0.2,-0.9216,2014
2014-01-16,127.104,6,DL-13315,East,FUR-FU-10001095,Furniture,0.2,-25.4208,2014
2014-01-16,124.2,3,DL-13315,East,TEC-PH-10004614,Technology,0.4,-49.68000000000001,2014
2014-01-16,18.588,2,DL-13315,East,OFF-BI-10001575,Office Supplies,0.7,-13.0116,2014
2014-01-16,30.072,3,DL-13315,East,OFF-LA-10001074,Office Supplies,0.2,-6.0144,2014
2014-11-11,3.392,1,TZ-21580,West,OFF-AR-10000034,Office Supplies,0.2,-0.6784,2014
2014-11-11,559.984,2,TZ-21580,West,TEC-PH-10000560,Technology,0.2,-111.9968,2014
2014-11-11,603.92,5,TZ-21580,West,FUR-CH-10000665,Furniture,0.2,-120.784,2014
2014-05-21,2715.93,7,MW-18235,South,OFF-BI-10003925,Office Supplies,0.0,0.0,2014
2014-05-21,617.97,3,MW-18235,South,TEC-PH-10001530,Technology,0.0,0.0,2014
2014-11-24,151.72,4,VG-21790,West,FUR-FU-10001602,Furniture,0.0,0.0,2014
2014-07-11,177.2,5,LA-16780,East,OFF-PA-10000474,Office Supplies,0.0,0.0,2014
2014-07-11,197.97,3,LA-16780,East,TEC-PH-10003885,Technology,0.0,0.0,2014
2014-07-11,854.94,3,LA-16780,East,FUR-CH-10003379,Furniture,0.0,0.0,2014
2014-07-11,124.11,9,LA-16780,East,FUR-FU-10000629,Furniture,0.0,0.0,2014
2014-07-11,14.4,5,LA-16780,East,OFF-LA-10001175,Office Supplies,0.0,0.0,2014
2014-05-27,1113.504,12,LC-16885,West,TEC-PH-10000486,Technology,0.2,-222.7008,2014
2014-05-27,99.99,1,LC-16885,West,TEC-AC-10001606,Technology,0.0,0.0,2014
2014-06-25,447.84,5,NS-18640,West,FUR-TA-10004147,Furniture,0.2,-89.568,2014
2014-01-20,699.93,7,HL-15040,South,TEC-PH-10001061,Technology,0.0,0.0,2014
2014-01-20,22.96,7,HL-15040,South,OFF-AR-10002375,Office Supplies,0.0,0.0,2014
2014-01-20,38.6,4,HL-15040,South,FUR-FU-10003194,Furniture,0.0,0.0,2014
2014-01-20,6.63,3,HL-15040,South,OFF-AR-10003811,Office Supplies,0.0,0.0,2014
2014-01-20,23.34,3,HL-15040,South,OFF-EN-10001539,Office Supplies,0.0,0.0,2014
2014-01-20,1067.94,3,HL-15040,South,FUR-CH-10002331,Furniture,0.0,0.0,2014
2014-09-29,204.6,2,AP-10915,West,FUR-FU-10004188,Furniture,0.0,0.0,2014
2014-09-29,8.72,4,AP-10915,West,OFF-FA-10001561,Office Supplies,0.0,0.0,2014
2014-09-29,6.48,1,AP-10915,West,OFF-PA-10002105,Office Supplies,0.0,0.0,2014
2014-09-29,686.32,2,AP-10915,West,TEC-MA-10004241,Technology,0.2,-137.264,2014
2014-09-29,62.18,1,AP-10915,West,OFF-ST-10004340,Office Supplies,0.0,0.0,2014
2014-12-20,122.48,2,PS-19045,South,OFF-ST-10004337,Office Supplies,0.0,0.0,2014
2014-12-20,2244.48,7,PS-19045,South,FUR-TA-10001932,Furniture,0.0,0.0,2014
2014-12-20,62.31,3,PS-19045,South,OFF-BI-10003982,Office Supplies,0.0,0.0,2014
2014-12-20,455.1,2,PS-19045,South,FUR-TA-10000617,Furniture,0.0,0.0,2014
2014-09-01,53.94,3,LT-16765,West,OFF-AR-10004042,Office Supplies,0.0,0.0,2014
2014-03-03,9.99,1,AP-10720,East,TEC-PH-10004700,Technology,0.0,0.0,2014
2014-03-03,125.76,3,AP-10720,East,OFF-BI-10004593,Office Supplies,0.2,-25.152,2014
2014-03-03,25.32,5,AP-10720,East,OFF-BI-10003429,Office Supplies,0.2,-5.064,2014
2014-05-04,46.8,4,PM-18940,Central,OFF-BI-10001294,Office Supplies,0.0,0.0,2014
2014-03-10,22.38,2,SW-20275,Central,OFF-PA-10002259,Office Supplies,0.0,0.0,2014
2014-04-21,16.52,5,AA-10375,West,OFF-BI-10002976,Office Supplies,0.2,-3.304,2014
2014-12-27,11.56,4,AT-10435,West,OFF-LA-10004425,Office Supplies,0.0,0.0,2014
2014-06-21,1322.93,7,DB-13060,East,TEC-PH-10004539,Technology,0.0,0.0,2014
2014-06-21,3.76,2,DB-13060,East,OFF-AR-10001919,Office Supplies,0.0,0.0,2014
2014-11-24,12.096,7,HR-14830,West,OFF-BI-10004656,Office Supplies,0.2,-2.4192,2014
2014-11-24,485.88,6,HR-14830,West,OFF-ST-10002344,Office Supplies,0.0,0.0,2014
2014-11-24,25.92,4,HR-14830,West,OFF-PA-10001800,Office Supplies,0.0,0.0,2014
2014-11-24,197.58,2,HR-14830,West,OFF-ST-10000036,Office Supplies,0.0,0.0,2014
2014-07-12,249.75,9,BF-11170,West,OFF-ST-10000107,Office Supplies,0.0,0.0,2014
2014-07-12,255.936,8,BF-11170,West,TEC-PH-10000439,Technology,0.2,-51.1872,2014
2014-08-11,12.35,1,GM-14680,West,FUR-FU-10003691,Furniture,0.0,0.0,2014
2014-08-11,40.97,1,GM-14680,West,OFF-AR-10003903,Office Supplies,0.0,0.0,2014
2014-08-11,22.96,2,GM-14680,West,OFF-FA-10004854,Office Supplies,0.0,0.0,2014
2014-12-12,764.688,6,NP-18700,West,FUR-TA-10004619,Furniture,0.2,-152.9376,2014
2014-12-12,3610.848,12,NP-18700,West,FUR-TA-10003473,Furniture,0.2,-722.1696000000001,2014
2014-12-12,254.9745,3,NP-18700,West,FUR-BO-10004467,Furniture,0.15,-38.246175,2014
2014-12-24,142.86,1,JC-16105,West,OFF-ST-10003306,Office Supplies,0.0,0.0,2014
2014-12-24,292.272,6,JC-16105,West,FUR-CH-10001146,Furniture,0.2,-58.4544,2014
2014-09-08,32.97,3,KC-16255,South,TEC-AC-10004209,Technology,0.0,0.0,2014
2014-09-08,83.88,4,KC-16255,South,TEC-AC-10000023,Technology,0.0,0.0,2014
2014-07-01,575.92,2,LW-16825,South,TEC-PH-10004586,Technology,0.2,-115.184,2014
2014-07-01,5.184,6,LW-16825,South,OFF-BI-10000546,Office Supplies,0.7,-3.6288,2014
2014-09-28,46.26,3,GZ-14545,East,OFF-ST-10001321,Office Supplies,0.0,0.0,2014
2014-05-27,17.46,6,LE-16810,Central,OFF-BI-10004139,Office Supplies,0.8,-13.968,2014
2014-02-16,1.08,3,MN-17935,Central,OFF-BI-10002012,Office Supplies,0.8,-0.8640000000000001,2014
2014-02-16,7.96,2,MN-17935,Central,OFF-AP-10001303,Office Supplies,0.8,-6.368,2014
2014-05-06,140.736,8,HP-14815,West,OFF-BI-10003684,Office Supplies,0.2,-28.1472,2014
2014-03-17,93.78,2,BN-11515,Central,OFF-AP-10001154,Office Supplies,0.0,0.0,2014
2014-03-17,47.18,7,BN-11515,Central,OFF-PA-10000466,Office Supplies,0.0,0.0,2014
2014-03-17,19.68,6,BN-11515,Central,OFF-AR-10003829,Office Supplies,0.0,0.0,2014
2014-03-17,53.4,10,BN-11515,Central,OFF-BI-10001758,Office Supplies,0.0,0.0,2014
2014-03-17,35.88,6,BN-11515,Central,OFF-BI-10000136,Office Supplies,0.0,0.0,2014
2014-10-03,258.279,3,BP-11290,Central,FUR-CH-10002880,Furniture,0.3,-77.4837,2014
2014-07-05,220.776,3,DC-12850,Central,OFF-ST-10001522,Office Supplies,0.2,-44.15520000000001,2014
2014-07-05,281.424,11,DC-12850,Central,OFF-ST-10000563,Office Supplies,0.2,-56.2848,2014
2014-09-26,145.568,2,KT-16465,West,FUR-CH-10002961,Furniture,0.2,-29.11360000000001,2014
2014-04-01,29.6,2,KM-16720,West,OFF-LA-10002312,Office Supplies,0.0,0.0,2014
2014-04-01,17.088,4,KM-16720,West,OFF-BI-10000042,Office Supplies,0.2,-3.4176,2014
2014-08-04,1089.75,3,VD-21670,West,OFF-AP-10003590,Office Supplies,0.0,0.0,2014
2014-08-04,447.84,8,VD-21670,West,OFF-PA-10000806,Office Supplies,0.0,0.0,2014
2014-08-04,16.4,5,VD-21670,West,OFF-AR-10000896,Office Supplies,0.0,0.0,2014
2014-08-04,399.96,5,VD-21670,West,TEC-PH-10002310,Technology,0.2,-79.992,2014
2014-08-04,158.9,5,VD-21670,West,OFF-ST-10002289,Office Supplies,0.0,0.0,2014
2014-08-04,13.184,1,VD-21670,West,OFF-BI-10002852,Office Supplies,0.2,-2.6368,2014
2014-04-06,10.304,1,SD-20485,East,OFF-SU-10004498,Office Supplies,0.2,-2.0608,2014
2014-04-06,154.764,3,SD-20485,East,FUR-TA-10001039,Furniture,0.4,-61.90560000000001,2014
2014-04-06,116.784,2,SD-20485,East,TEC-AC-10004659,Technology,0.2,-23.3568,2014
2014-06-30,334.768,7,HA-14905,East,OFF-BI-10002867,Office Supplies,0.2,-66.9536,2014
2014-12-19,152.76,6,IM-15070,South,OFF-BI-10001191,Office Supplies,0.0,0.0,2014
2014-12-19,7.27,1,IM-15070,South,OFF-SU-10004115,Office Supplies,0.0,0.0,2014
2014-12-19,1819.86,14,IM-15070,South,FUR-CH-10000513,Furniture,0.0,0.0,2014
2014-04-23,2.502,3,TS-21160,East,OFF-BI-10004876,Office Supplies,0.7,-1.7514,2014
2014-05-04,27.46,2,AA-10480,East,FUR-FU-10001473,Furniture,0.0,0.0,2014
2014-08-08,121.376,4,MB-17305,West,FUR-FU-10001602,Furniture,0.2,-24.2752,2014
2014-08-08,95.976,3,MB-17305,West,TEC-AC-10001767,Technology,0.2,-19.1952,2014
2014-11-27,3.76,2,MS-17770,East,OFF-FA-10003021,Office Supplies,0.0,0.0,2014
2014-11-29,5.04,2,Co-12640,East,OFF-LA-10000452,Office Supplies,0.2,-1.008,2014
2014-12-17,40.05,3,RF-19840,South,OFF-AR-10002952,Office Supplies,0.0,0.0,2014
2014-02-03,83.84,2,TB-21400,West,OFF-BI-10004593,Office Supplies,0.2,-16.768,2014
2014-02-03,13.272,3,TB-21400,West,OFF-BI-10002827,Office Supplies,0.2,-2.6544,2014
2014-03-11,8.32,5,CK-12205,East,FUR-FU-10003981,Furniture,0.2,-1.664,2014
2014-03-11,10.464,6,CK-12205,East,OFF-FA-10001561,Office Supplies,0.2,-2.0928,2014
2014-02-04,82.896,3,DB-13270,West,OFF-BI-10004230,Office Supplies,0.2,-16.5792,2014
2014-02-04,34.24,4,DB-13270,West,OFF-PA-10000350,Office Supplies,0.0,0.0,2014
2014-12-31,1573.488,7,PC-18745,East,FUR-BO-10002613,Furniture,0.2,-314.6976,2014
2014-07-06,559.992,1,EP-13915,East,TEC-CO-10001046,Technology,0.2,-111.9984,2014
2014-05-03,21.56,7,JS-15940,Central,OFF-LA-10002195,Office Supplies,0.0,0.0,2014
2014-04-04,18.9,6,PK-18910,West,OFF-LA-10001641,Office Supplies,0.0,0.0,2014
2014-03-04,354.9,5,CL-12565,South,OFF-ST-10001370,Office Supplies,0.0,0.0,2014
2014-11-23,603.92,5,SC-20095,West,FUR-CH-10000863,Furniture,0.2,-120.784,2014
2014-11-23,21.84,3,SC-20095,West,OFF-EN-10003160,Office Supplies,0.0,0.0,2014
2014-11-23,29.99,1,SC-20095,West,TEC-AC-10003280,Technology,0.0,0.0,2014
2014-11-23,381.44,2,SC-20095,West,FUR-CH-10000595,Furniture,0.2,-76.288,2014
2014-12-15,40.68,3,MC-18100,Central,TEC-PH-10000169,Technology,0.2,-8.136000000000001,2014
2014-12-15,763.28,5,MC-18100,Central,FUR-CH-10004675,Furniture,0.3,-228.984,2014
2014-10-19,13.44,3,JF-15490,West,OFF-PA-10004519,Office Supplies,0.0,0.0,2014
2014-05-26,290.666,2,ML-17395,West,FUR-BO-10000362,Furniture,0.15,-43.5999,2014
2014-05-26,201.584,2,ML-17395,West,TEC-PH-10000441,Technology,0.2,-40.3168,2014
2014-05-26,83.984,2,ML-17395,West,TEC-PH-10002726,Technology,0.2,-16.7968,2014
2014-11-26,15.552,3,NW-18400,West,OFF-PA-10001166,Office Supplies,0.2,-3.1104,2014
2014-11-26,669.08,5,NW-18400,West,OFF-ST-10001097,Office Supplies,0.2,-133.816,2014
2014-11-26,438.336,4,NW-18400,West,TEC-PH-10000038,Technology,0.2,-87.66720000000001,2014
2014-11-29,12.624,2,BS-11380,Central,OFF-FA-10003112,Office Supplies,0.2,-2.5248,2014
2014-08-29,109.92,2,HH-15010,West,OFF-PA-10004475,Office Supplies,0.0,0.0,2014
2014-08-29,13.36,2,HH-15010,West,OFF-PA-10003001,Office Supplies,0.0,0.0,2014
2014-05-12,34.79,7,HL-15040,Central,FUR-FU-10000010,Furniture,0.0,0.0,2014
2014-09-07,64.784,1,SB-20290,East,OFF-ST-10002344,Office Supplies,0.2,-12.9568,2014
2014-09-07,32.382,3,SB-20290,East,TEC-PH-10003589,Technology,0.4,-12.9528,2014
2014-09-07,42.368,2,SB-20290,East,FUR-FU-10000758,Furniture,0.2,-8.473600000000001,2014
2014-09-07,399.54,4,SB-20290,East,TEC-MA-10004679,Technology,0.7,-279.678,2014
2014-08-16,853.092,6,TS-21610,East,FUR-TA-10001539,Furniture,0.4,-341.2368,2014
2014-06-03,515.88,6,SC-20725,West,FUR-TA-10004086,Furniture,0.0,0.0,2014
2014-02-02,12.35,5,CD-12790,West,OFF-FA-10001843,Office Supplies,0.0,0.0,2014
2014-09-28,96.256,8,KD-16495,South,OFF-PA-10001457,Office Supplies,0.2,-19.2512,2014
2014-09-28,10.688,2,KD-16495,South,OFF-PA-10001804,Office Supplies,0.2,-2.1376,2014
2014-08-09,20.88,8,ED-13885,West,OFF-LA-10000262,Office Supplies,0.0,0.0,2014
2014-06-06,13.36,2,BM-11785,East,OFF-AR-10002656,Office Supplies,0.0,0.0,2014
2014-04-25,10.368,2,DA-13450,Central,OFF-PA-10003543,Office Supplies,0.2,-2.0736,2014
2014-04-25,6.24,3,DA-13450,Central,OFF-AR-10002221,Office Supplies,0.2,-1.248,2014
2014-05-11,46.864,2,RM-19375,Central,TEC-AC-10001013,Technology,0.2,-9.3728,2014
2014-01-05,19.536,3,MB-18085,East,OFF-AR-10003478,Office Supplies,0.2,-3.9072,2014
2014-03-22,7.644,4,CC-12685,South,OFF-BI-10004410,Office Supplies,0.7,-5.3508,2014
2014-03-22,51.465,5,CC-12685,South,OFF-BI-10002735,Office Supplies,0.7,-36.0255,2014
2014-04-28,20.86,2,MY-18295,East,OFF-BI-10001628,Office Supplies,0.0,0.0,2014
2014-04-28,497.61,9,MY-18295,East,OFF-ST-10000877,Office Supplies,0.0,0.0,2014
2014-04-28,5.34,2,MY-18295,East,OFF-AR-10004752,Office Supplies,0.0,0.0,2014
2014-04-28,3.15,1,MY-18295,East,OFF-LA-10000452,Office Supplies,0.0,0.0,2014
2014-09-30,48.94,1,RA-19915,East,OFF-PA-10004092,Office Supplies,0.0,0.0,2014
2014-12-01,2807.84,8,RP-19390,Central,FUR-CH-10001854,Furniture,0.0,0.0,2014
2014-12-01,46.64,4,RP-19390,Central,OFF-AR-10000475,Office Supplies,0.0,0.0,2014
2014-12-08,60.416,2,TB-21175,Central,OFF-ST-10000777,Office Supplies,0.2,-12.0832,2014
2014-06-09,1441.3,7,FO-14305,South,FUR-TA-10004534,Furniture,0.0,0.0,2014
2014-05-25,75.6,2,JL-15235,Central,OFF-AP-10001394,Office Supplies,0.8,-60.48,2014
2014-05-25,29.32,2,JL-15235,Central,FUR-FU-10002553,Furniture,0.6,-17.592,2014
2014-05-18,779.796,2,BS-11755,East,TEC-PH-10002885,Technology,0.4,-311.9184,2014
2014-06-21,21.4,5,RM-19375,East,OFF-AR-10003056,Office Supplies,0.0,0.0,2014
2014-08-01,17.544,3,BF-10975,South,OFF-LA-10000240,Office Supplies,0.2,-3.5088,2014
2014-08-01,44.128,4,BF-10975,South,FUR-FU-10000629,Furniture,0.2,-8.8256,2014
2014-08-01,62.92,1,BF-10975,South,OFF-AP-10001005,Office Supplies,0.2,-12.584,2014
2014-08-01,78.304,2,BF-10975,South,OFF-PA-10002377,Office Supplies,0.2,-15.6608,2014
2014-06-13,14.52,3,FM-14215,West,OFF-AR-10003631,Office Supplies,0.0,0.0,2014
2014-11-12,49.632,4,RF-19840,Central,OFF-ST-10001328,Office Supplies,0.2,-9.926400000000001,2014
2014-07-21,99.2,5,ME-18010,West,OFF-AR-10002067,Office Supplies,0.0,0.0,2014
2014-07-21,801.568,2,ME-18010,West,FUR-CH-10001215,Furniture,0.2,-160.3136,2014
2014-07-21,272.848,1,ME-18010,West,FUR-TA-10004175,Furniture,0.2,-54.56960000000001,2014
2014-06-04,16.224,2,MP-17470,East,OFF-PA-10001685,Office Supplies,0.2,-3.2448,2014
2014-05-13,7.104,2,EH-14005,South,OFF-FA-10002815,Office Supplies,0.2,-1.4208,2014
2014-05-13,398.352,8,EH-14005,South,OFF-BI-10004519,Office Supplies,0.7,-278.8464,2014
2014-10-21,121.792,4,TB-21520,East,OFF-AP-10004708,Office Supplies,0.2,-24.3584,2014
2014-10-21,409.59,3,TB-21520,East,FUR-TA-10000617,Furniture,0.4,-163.836,2014
2014-03-14,10.56,2,DK-13225,West,OFF-PA-10001204,Office Supplies,0.0,0.0,2014
2014-03-14,3.38,1,DK-13225,West,OFF-AR-10003723,Office Supplies,0.0,0.0,2014
2014-08-29,29.808,2,RA-19945,South,OFF-EN-10001749,Office Supplies,0.2,-5.961600000000001,2014
2014-08-29,505.176,4,RA-19945,South,OFF-BI-10004390,Office Supplies,0.7,-353.6232,2014
2014-08-29,174.0585,3,RA-19945,South,FUR-TA-10001857,Furniture,0.45,-78.32632500000001,2014
2014-01-15,149.95,5,EH-13990,South,TEC-AC-10003628,Technology,0.0,0.0,2014
2014-12-14,5.104,4,JD-16015,Central,OFF-BI-10001249,Office Supplies,0.8,-4.083200000000001,2014
2014-12-14,2.896,2,JD-16015,Central,OFF-FA-10003059,Office Supplies,0.2,-0.5792,2014
2014-12-14,35.016,3,JD-16015,Central,TEC-AC-10002718,Technology,0.2,-7.0032,2014
2014-10-18,275.97,3,AS-10225,South,OFF-ST-10001522,Office Supplies,0.0,0.0,2014
2014-10-18,1394.95,5,AS-10225,South,TEC-PH-10002352,Technology,0.0,0.0,2014
2014-10-18,545.88,6,AS-10225,South,FUR-CH-10003774,Furniture,0.0,0.0,2014
2014-12-03,479.96,4,NG-18430,Central,TEC-PH-10003811,Technology,0.0,0.0,2014
2014-11-25,320.88,6,LW-16825,West,OFF-AP-10000240,Office Supplies,0.0,0.0,2014
2014-11-25,23.88,3,LW-16825,West,FUR-FU-10001940,Furniture,0.0,0.0,2014
2014-11-25,26.76,4,LW-16825,West,OFF-PA-10000575,Office Supplies,0.0,0.0,2014
2014-02-06,15.0,4,ND-18460,South,OFF-LA-10002787,Office Supplies,0.0,0.0,2014
2014-02-06,161.61,1,ND-18460,South,TEC-PH-10003645,Technology,0.0,0.0,2014
2014-02-06,144.95,5,ND-18460,South,TEC-PH-10001615,Technology,0.0,0.0,2014
2014-12-31,29.68,7,RW-19630,Central,OFF-AR-10000034,Office Supplies,0.0,0.0,2014
2014-12-31,47.53,7,RW-19630,Central,TEC-AC-10000290,Technology,0.0,0.0,2014
2014-11-15,4.224,3,JF-15190,South,OFF-AR-10001315,Office Supplies,0.2,-0.8448000000000001,2014
2014-11-15,333.056,2,JF-15190,South,OFF-AP-10002118,Office Supplies,0.2,-66.6112,2014
2014-11-15,24.896,4,JF-15190,South,OFF-PA-10002137,Office Supplies,0.2,-4.979200000000001,2014
2014-08-17,15.552,3,KB-16585,Central,OFF-PA-10001639,Office Supplies,0.2,-3.1104,2014
2014-10-31,11.34,3,GG-14650,West,OFF-FA-10002975,Office Supplies,0.0,0.0,2014
2014-10-31,80.3,5,GG-14650,West,OFF-ST-10003996,Office Supplies,0.0,0.0,2014
2014-10-31,15.968,2,GG-14650,West,OFF-BI-10002571,Office Supplies,0.2,-3.1936,2014
2014-10-31,64.74,13,GG-14650,West,OFF-PA-10000477,Office Supplies,0.0,0.0,2014
2014-10-31,19.296,3,GG-14650,West,OFF-BI-10004209,Office Supplies,0.2,-3.8592,2014
2014-10-31,405.64,4,GG-14650,West,OFF-ST-10001963,Office Supplies,0.0,0.0,2014
2014-10-31,146.352,3,GG-14650,West,FUR-CH-10003833,Furniture,0.2,-29.2704,2014
2014-10-31,251.91,9,GG-14650,West,TEC-AC-10004568,Technology,0.0,0.0,2014
2014-10-31,12.39,3,GG-14650,West,OFF-AR-10001419,Office Supplies,0.0,0.0,2014
2014-12-01,58.2,3,TR-21325,West,FUR-FU-10001861,Furniture,0.0,0.0,2014
2014-11-23,23.68,2,ED-13885,Central,OFF-LA-10003923,Office Supplies,0.2,-4.736,2014
2014-11-17,479.9,5,MP-17470,Central,FUR-CH-10004289,Furniture,0.0,0.0,2014
2014-03-10,636.408,3,KT-16480,West,OFF-ST-10000078,Office Supplies,0.2,-127.2816,2014
2014-03-10,83.168,4,KT-16480,West,OFF-AR-10001044,Office Supplies,0.2,-16.6336,2014
2014-07-18,259.136,4,AH-10120,West,FUR-CH-10002372,Furniture,0.2,-51.8272,2014
2014-09-30,15.552,3,BW-11200,South,OFF-PA-10004888,Office Supplies,0.2,-3.1104,2014
2014-09-26,0.876,1,HG-14965,Central,OFF-BI-10003460,Office Supplies,0.8,-0.7008000000000001,2014
2014-06-23,86.376,3,BS-11665,East,TEC-AC-10000158,Technology,0.2,-17.2752,2014
2014-05-20,33.28,4,RF-19345,East,OFF-AP-10000124,Office Supplies,0.0,0.0,2014
2014-05-20,38.52,9,RF-19345,East,OFF-AR-10004511,Office Supplies,0.0,0.0,2014
2014-05-20,139.86,7,RF-19345,East,FUR-FU-10000076,Furniture,0.0,0.0,2014
2014-06-06,149.544,9,GT-14635,East,OFF-BI-10003982,Office Supplies,0.2,-29.9088,2014
2014-06-06,17.14,2,GT-14635,East,OFF-SU-10001664,Office Supplies,0.0,0.0,2014
2014-06-06,991.764,3,GT-14635,East,FUR-TA-10003238,Furniture,0.4,-396.7056,2014
2014-12-12,43.31,1,WB-21850,West,FUR-FU-10003975,Furniture,0.0,0.0,2014
2014-11-24,111.79,7,RB-19435,Central,TEC-AC-10001772,Technology,0.0,0.0,2014
2014-06-22,501.81,3,DV-13465,Central,OFF-ST-10001097,Office Supplies,0.0,0.0,2014
2014-06-22,161.94,3,DV-13465,Central,OFF-ST-10001469,Office Supplies,0.0,0.0,2014
2014-08-01,19.752,3,IL-15100,West,OFF-BI-10004506,Office Supplies,0.2,-3.9504,2014
2014-11-28,14.67,3,BF-11080,South,OFF-AR-10001954,Office Supplies,0.0,0.0,2014
2014-06-01,22.2,6,LT-17110,South,FUR-FU-10001935,Furniture,0.0,0.0,2014
2014-06-01,881.93,7,LT-17110,South,TEC-PH-10002563,Technology,0.0,0.0,2014
2014-07-14,29.932,7,AW-10930,Central,OFF-BI-10001098,Office Supplies,0.8,-23.9456,2014
2014-07-14,38.272,4,AW-10930,Central,TEC-PH-10001552,Technology,0.2,-7.6544,2014
2014-11-14,832.93,7,ML-17410,East,TEC-PH-10001079,Technology,0.0,0.0,2014
2014-11-14,43.8,10,ML-17410,East,OFF-BI-10003460,Office Supplies,0.0,0.0,2014
2014-09-20,2.816,2,DB-13555,South,OFF-AR-10003469,Office Supplies,0.2,-0.5632,2014
2014-03-31,673.568,2,AA-10315,West,OFF-BI-10004390,Office Supplies,0.2,-134.7136,2014
2014-03-31,52.98,2,AA-10315,West,OFF-AP-10002765,Office Supplies,0.0,0.0,2014
2014-10-03,143.432,1,AR-10405,West,FUR-TA-10001866,Furniture,0.2,-28.6864,2014
2014-10-03,122.352,3,AR-10405,West,FUR-CH-10002774,Furniture,0.2,-24.4704,2014
2014-06-27,306.2,5,LM-17065,South,OFF-ST-10004337,Office Supplies,0.0,0.0,2014
2014-06-27,85.98,1,LM-17065,South,FUR-TA-10001039,Furniture,0.0,0.0,2014
2014-06-27,223.96,4,LM-17065,South,TEC-AC-10000109,Technology,0.0,0.0,2014
2014-11-14,12.72,3,JL-15505,Central,OFF-BI-10000756,Office Supplies,0.0,0.0,2014
2014-11-14,11.52,4,JL-15505,Central,OFF-BI-10000546,Office Supplies,0.0,0.0,2014
2014-09-30,69.216,6,KW-16570,South,OFF-AP-10000696,Office Supplies,0.2,-13.8432,2014
2014-08-23,25.92,4,RH-19495,East,OFF-PA-10003936,Office Supplies,0.0,0.0,2014
2014-08-23,45.92,4,RH-19495,East,OFF-PA-10004530,Office Supplies,0.0,0.0,2014
2014-08-19,10.72,2,JK-15625,East,OFF-AR-10004930,Office Supplies,0.2,-2.144,2014
2014-12-31,63.2,5,GM-14455,East,FUR-FU-10002501,Furniture,0.0,0.0,2014
2014-12-31,113.97,3,GM-14455,East,TEC-AC-10000358,Technology,0.0,0.0,2014
2014-07-26,123.552,3,CL-11890,Central,OFF-ST-10004804,Office Supplies,0.2,-24.7104,2014
2014-03-17,1579.746,7,CP-12340,East,FUR-TA-10003473,Furniture,0.4,-631.8984,2014
2014-03-17,1071.576,4,CP-12340,East,FUR-TA-10001950,Furniture,0.4,-428.6304,2014
2014-03-17,613.908,3,CP-12340,East,FUR-TA-10004175,Furniture,0.4,-245.5632,2014
2014-03-17,34.86,7,CP-12340,East,OFF-PA-10002960,Office Supplies,0.0,0.0,2014
2014-03-17,155.04,4,CP-12340,East,OFF-PA-10000919,Office Supplies,0.0,0.0,2014
2014-11-24,120.712,1,EH-13990,West,FUR-CH-10001714,Furniture,0.2,-24.1424,2014
2014-08-19,76.776,4,MS-17770,East,OFF-BI-10001718,Office Supplies,0.7,-53.74319999999999,2014
2014-08-19,9.184,2,MS-17770,East,OFF-SU-10004768,Office Supplies,0.2,-1.8368,2014
2014-08-01,5.68,2,AS-10630,East,OFF-FA-10000992,Office Supplies,0.2,-1.136,2014
2014-11-12,11.96,2,JA-15970,West,OFF-PA-10001947,Office Supplies,0.0,0.0,2014
2014-11-12,629.064,3,JA-15970,West,FUR-TA-10002356,Furniture,0.2,-125.8128,2014
2014-03-25,366.786,7,AZ-10750,East,FUR-CH-10002439,Furniture,0.1,-36.6786,2014
2014-11-18,145.98,2,PW-19240,West,FUR-TA-10000849,Furniture,0.5,-72.99,2014
2014-11-18,35.808,4,PW-19240,West,OFF-PA-10002259,Office Supplies,0.2,-7.1616,2014
2014-09-13,5.46,3,DC-12850,East,OFF-AR-10002833,Office Supplies,0.0,0.0,2014
2014-12-13,90.24,6,KD-16345,West,OFF-PA-10001457,Office Supplies,0.0,0.0,2014
2014-11-19,4548.81,7,JM-15865,East,TEC-PH-10002885,Technology,0.0,0.0,2014
2014-06-16,647.84,8,SC-20575,Central,FUR-CH-10000225,Furniture,0.0,0.0,2014
2014-07-25,53.72,4,KL-16645,West,OFF-ST-10001228,Office Supplies,0.0,0.0,2014
2014-07-25,8187.65,5,KL-16645,West,OFF-SU-10000151,Office Supplies,0.0,0.0,2014
2014-07-25,77.92,8,KL-16645,West,FUR-FU-10004351,Furniture,0.0,0.0,2014
2014-09-05,264.32,2,NP-18700,East,OFF-ST-10000585,Office Supplies,0.2,-52.864,2014
2014-11-15,604.656,9,PB-19105,Central,OFF-EN-10003001,Office Supplies,0.2,-120.9312,2014
2014-10-24,10.368,2,DB-12910,South,OFF-PA-10000788,Office Supplies,0.2,-2.0736,2014
2014-08-17,114.2,5,DJ-13510,South,OFF-PA-10000595,Office Supplies,0.0,0.0,2014
2014-08-17,17.96,4,DJ-13510,South,OFF-BI-10000829,Office Supplies,0.0,0.0,2014
2014-08-17,12.67,7,DJ-13510,South,OFF-FA-10002676,Office Supplies,0.0,0.0,2014
2014-08-17,339.96,4,DJ-13510,South,TEC-AC-10000844,Technology,0.0,0.0,2014
2014-09-26,143.952,3,NB-18580,East,OFF-AP-10002191,Office Supplies,0.2,-28.7904,2014
2014-11-22,16.23,3,RA-19885,South,OFF-EN-10004955,Office Supplies,0.0,0.0,2014
2014-11-22,319.9,5,RA-19885,South,OFF-BI-10001071,Office Supplies,0.0,0.0,2014
2014-11-22,11.36,2,RA-19885,South,OFF-EN-10001990,Office Supplies,0.0,0.0,2014
2014-11-22,675.12,3,RA-19885,South,OFF-AP-10002734,Office Supplies,0.0,0.0,2014
2014-01-26,62.82,3,SD-20485,South,FUR-FU-10004587,Furniture,0.0,0.0,2014
2014-01-26,489.92,8,SD-20485,South,OFF-ST-10004337,Office Supplies,0.0,0.0,2014
2014-01-26,19.44,3,SD-20485,South,OFF-PA-10003072,Office Supplies,0.0,0.0,2014
2014-01-26,16.68,2,SD-20485,South,OFF-PA-10000380,Office Supplies,0.0,0.0,2014
2014-01-26,155.35,13,SD-20485,South,TEC-PH-10004833,Technology,0.0,0.0,2014
2014-01-26,12.42,3,SD-20485,South,FUR-FU-10001847,Furniture,0.0,0.0,2014
2014-01-26,187.98,2,SD-20485,South,TEC-PH-10002103,Technology,0.0,0.0,2014
2014-12-16,1.167,1,KN-16450,South,OFF-BI-10000591,Office Supplies,0.7,-0.8169,2014
2014-11-25,24.672,3,MC-17590,Central,TEC-AC-10001635,Technology,0.2,-4.9344,2014
2014-11-25,2.52,1,MC-17590,Central,OFF-LA-10001317,Office Supplies,0.2,-0.504,2014
2014-11-25,1218.735,5,MC-17590,Central,FUR-TA-10000577,Furniture,0.3,-365.6204999999999,2014
2014-11-25,5.904,2,MC-17590,Central,OFF-LA-10000248,Office Supplies,0.2,-1.1808,2014
2014-11-25,15.696,3,MC-17590,Central,OFF-PA-10000955,Office Supplies,0.2,-3.1392,2014
2014-11-25,6.096,3,MC-17590,Central,FUR-FU-10000221,Furniture,0.6,-3.6576,2014
2014-04-26,230.28,3,AG-10300,West,FUR-CH-10004886,Furniture,0.2,-46.056,2014
2014-04-26,18.288,6,AG-10300,West,OFF-BI-10001525,Office Supplies,0.2,-3.6576,2014
2014-12-03,25.92,4,MC-17635,Central,OFF-PA-10001972,Office Supplies,0.0,0.0,2014
2014-09-07,57.69,3,TB-21400,Central,FUR-FU-10004270,Furniture,0.0,0.0,2014
2014-09-07,42.81,3,TB-21400,Central,OFF-BI-10000948,Office Supplies,0.0,0.0,2014
2014-09-07,12.96,2,TB-21400,Central,OFF-PA-10000223,Office Supplies,0.0,0.0,2014
2014-09-07,821.88,6,TB-21400,Central,FUR-FU-10004665,Furniture,0.0,0.0,2014
2014-09-07,104.85,3,TB-21400,Central,TEC-PH-10000215,Technology,0.0,0.0,2014
2014-09-09,166.44,3,RR-19525,East,OFF-PA-10001144,Office Supplies,0.0,0.0,2014
2014-09-09,785.88,6,RR-19525,East,FUR-CH-10003761,Furniture,0.0,0.0,2014
2014-09-09,26.2,2,RR-19525,East,OFF-PA-10004665,Office Supplies,0.0,0.0,2014
2014-09-09,1325.85,5,RR-19525,East,OFF-ST-10000078,Office Supplies,0.0,0.0,2014
2014-06-21,11.088,7,SV-20785,West,OFF-BI-10001116,Office Supplies,0.7,-7.761599999999999,2014
2014-06-21,25.164,2,SV-20785,West,OFF-BI-10002931,Office Supplies,0.7,-17.6148,2014
2014-06-30,5.248,4,RA-19915,Central,OFF-AR-10004582,Office Supplies,0.2,-1.0496,2014
2014-10-15,15.384,1,DL-12865,South,FUR-FU-10004270,Furniture,0.2,-3.0768,2014
2014-03-18,821.3,4,SM-20320,South,TEC-MA-10003626,Technology,0.5,-410.65,2014
2014-03-18,22638.48,6,SM-20320,South,TEC-MA-10002412,Technology,0.5,-11319.24,2014
2014-03-18,21.376,4,SM-20320,South,OFF-PA-10001804,Office Supplies,0.2,-4.275200000000001,2014
2014-03-18,8.016,3,SM-20320,South,OFF-AR-10003183,Office Supplies,0.2,-1.6032,2014
2014-03-18,30.768,2,SM-20320,South,FUR-FU-10004270,Furniture,0.2,-6.153600000000001,2014
2014-03-18,18.936,3,SM-20320,South,OFF-FA-10003112,Office Supplies,0.2,-3.7872,2014
2014-03-18,122.352,3,SM-20320,South,FUR-FU-10001986,Furniture,0.2,-24.4704,2014
2014-05-24,116.28,3,RP-19390,East,OFF-PA-10002319,Office Supplies,0.0,0.0,2014
2014-04-25,302.376,3,LC-16885,South,TEC-PH-10004531,Technology,0.2,-60.4752,2014
2014-12-04,129.98,2,CP-12085,East,TEC-PH-10000673,Technology,0.0,0.0,2014
2014-09-07,377.97,3,DK-13375,East,TEC-PH-10002075,Technology,0.0,0.0,2014
2014-12-06,23.976,3,LF-17185,Central,FUR-FU-10002759,Furniture,0.6,-14.3856,2014
2014-11-04,8.376,3,ON-18715,South,OFF-FA-10000585,Office Supplies,0.2,-1.6752,2014
2014-11-04,58.24,5,ON-18715,South,OFF-AP-10004859,Office Supplies,0.2,-11.648,2014
2014-10-04,14.45,5,DF-13135,West,OFF-LA-10004689,Office Supplies,0.0,0.0,2014
2014-10-04,95.648,2,DF-13135,West,OFF-BI-10002867,Office Supplies,0.2,-19.1296,2014
2014-07-02,73.98,2,EH-13945,East,TEC-PH-10002923,Technology,0.0,0.0,2014
2014-07-02,5.58,1,EH-13945,East,OFF-AR-10000716,Office Supplies,0.0,0.0,2014
2014-11-04,35.34,2,MS-17530,West,FUR-FU-10004671,Furniture,0.0,0.0,2014
2014-05-12,700.056,3,KT-16480,East,FUR-TA-10002228,Furniture,0.3,-210.0168,2014
2014-06-08,585.552,3,CS-11950,West,FUR-CH-10002758,Furniture,0.2,-117.1104,2014
2014-08-08,423.28,11,TM-21010,West,OFF-ST-10000532,Office Supplies,0.0,0.0,2014
2014-05-26,225.296,2,HF-14995,West,FUR-CH-10000988,Furniture,0.2,-45.0592,2014
2014-05-26,48.4,5,Dp-13240,West,OFF-PA-10002893,Office Supplies,0.0,0.0,2014
2014-12-02,58.36,5,MD-17860,Central,FUR-FU-10001588,Furniture,0.6,-35.016,2014
2014-12-02,16.464,7,MD-17860,Central,OFF-AR-10000940,Office Supplies,0.2,-3.2928,2014
2014-12-02,39.96,5,MD-17860,Central,FUR-FU-10002759,Furniture,0.6,-23.976,2014
2014-09-21,25.96,2,BM-11650,Central,OFF-AP-10000358,Office Supplies,0.0,0.0,2014
2014-09-21,36.27,3,BM-11650,Central,OFF-AP-10003281,Office Supplies,0.0,0.0,2014
2014-09-21,6.48,1,BM-11650,Central,OFF-PA-10000029,Office Supplies,0.0,0.0,2014
2014-04-12,1075.088,14,KN-16450,West,TEC-PH-10001557,Technology,0.2,-215.0176,2014
2014-04-12,438.368,4,KN-16450,West,TEC-PH-10000576,Technology,0.2,-87.67360000000001,2014
2014-04-12,18.088,7,KN-16450,West,OFF-BI-10002764,Office Supplies,0.2,-3.6176,2014
2014-04-12,308.499,3,KN-16450,West,FUR-BO-10001337,Furniture,0.15,-46.27485,2014
2014-09-25,33.792,8,MT-18070,Central,OFF-PA-10003270,Office Supplies,0.2,-6.758400000000001,2014
2014-09-25,300.5328,2,MT-18070,Central,FUR-BO-10003272,Furniture,0.32,-96.170496,2014
2014-09-25,2.724,2,MT-18070,Central,OFF-BI-10002982,Office Supplies,0.8,-2.1792,2014
2014-09-25,3.264,2,MT-18070,Central,OFF-EN-10001509,Office Supplies,0.2,-0.6528,2014
2014-11-01,443.92,5,ND-18370,West,OFF-ST-10001128,Office Supplies,0.2,-88.784,2014
2014-11-01,155.976,3,ND-18370,West,TEC-PH-10000673,Technology,0.2,-31.1952,2014
2014-03-14,1139.92,4,CK-12325,South,FUR-CH-10003379,Furniture,0.0,0.0,2014
2014-03-22,74.352,3,BF-11275,West,OFF-PA-10002581,Office Supplies,0.2,-14.8704,2014
2014-03-22,314.352,3,BF-11275,West,FUR-CH-10001482,Furniture,0.2,-62.8704,2014
2014-02-21,8.85,5,TM-21010,Central,OFF-BI-10004094,Office Supplies,0.8,-7.08,2014
2014-04-29,51.96,2,HG-14845,South,FUR-CH-10002304,Furniture,0.0,0.0,2014
2014-04-29,17.94,3,HG-14845,South,OFF-BI-10000136,Office Supplies,0.0,0.0,2014
2014-03-30,49.65,5,KM-16720,East,OFF-AR-10001915,Office Supplies,0.0,0.0,2014
2014-09-26,310.12,2,CS-12400,West,OFF-ST-10002615,Office Supplies,0.0,0.0,2014
2014-06-16,41.4,5,CK-12205,East,OFF-EN-10003286,Office Supplies,0.0,0.0,2014
2014-06-16,35.0,4,CK-12205,East,OFF-AR-10003772,Office Supplies,0.0,0.0,2014
2014-06-16,39.552,3,CK-12205,East,OFF-BI-10002852,Office Supplies,0.2,-7.9104,2014
2014-06-28,6.08,1,RW-19630,Central,OFF-FA-10003495,Office Supplies,0.0,0.0,2014
2014-09-02,19.9,1,JM-16195,East,OFF-AP-10001303,Office Supplies,0.0,0.0,2014
2014-09-02,70.71,1,JM-16195,East,FUR-FU-10002116,Furniture,0.0,0.0,2014
2014-12-27,32.952,6,Co-12640,Central,FUR-FU-10001473,Furniture,0.6,-19.7712,2014
2014-12-27,30.016,4,Co-12640,Central,OFF-ST-10002562,Office Supplies,0.2,-6.0032,2014
2014-01-13,545.94,6,ND-18370,South,FUR-CH-10000422,Furniture,0.0,0.0,2014
2014-07-12,123.136,4,CL-12565,West,FUR-CH-10001797,Furniture,0.2,-24.6272,2014
2014-07-12,11.264,4,CL-12565,West,OFF-BI-10003094,Office Supplies,0.2,-2.2528,2014
2014-12-06,53.424,3,RC-19960,West,OFF-ST-10002205,Office Supplies,0.2,-10.6848,2014
2014-12-06,275.49,1,RC-19960,West,FUR-TA-10003238,Furniture,0.5,-137.745,2014
2014-07-14,55.92,5,PB-19150,West,OFF-ST-10000760,Office Supplies,0.2,-11.184,2014
2014-06-21,24.896,4,NW-18400,East,OFF-EN-10001539,Office Supplies,0.2,-4.979200000000001,2014
2014-06-21,3.984,1,NW-18400,East,FUR-FU-10000550,Furniture,0.2,-0.7968000000000001,2014
2014-06-21,95.968,4,NW-18400,East,TEC-AC-10003628,Technology,0.2,-19.1936,2014
2014-06-21,206.991,3,NW-18400,East,TEC-MA-10004521,Technology,0.7,-144.8937,2014
2014-06-21,44.416,2,NW-18400,East,OFF-AP-10003860,Office Supplies,0.2,-8.8832,2014
2014-06-21,9.006,2,NW-18400,East,OFF-BI-10000069,Office Supplies,0.7,-6.3042,2014
2014-05-17,91.68,3,PA-19060,Central,OFF-BI-10000666,Office Supplies,0.0,0.0,2014
2014-10-24,34.272,3,AA-10375,West,OFF-BI-10002706,Office Supplies,0.2,-6.8544,2014
2014-08-24,8.288,2,RB-19645,West,OFF-BI-10002799,Office Supplies,0.2,-1.6576,2014
2014-09-30,43.176,7,DB-13615,West,OFF-BI-10003910,Office Supplies,0.2,-8.635200000000001,2014
2014-11-17,2934.33,7,YC-21895,East,OFF-ST-10002011,Office Supplies,0.0,0.0,2014
2014-11-17,124.41,3,YC-21895,East,FUR-FU-10002379,Furniture,0.0,0.0,2014
2014-11-17,57.75,5,YC-21895,East,OFF-AR-10003752,Office Supplies,0.0,0.0,2014
2014-07-20,342.864,3,KM-16375,Central,OFF-ST-10003306,Office Supplies,0.2,-68.5728,2014
2014-07-20,16.74,5,KM-16375,Central,FUR-FU-10003724,Furniture,0.6,-10.044,2014
2014-07-20,981.372,2,KM-16375,Central,FUR-CH-10002024,Furniture,0.3,-294.4116,2014
2014-05-21,31.84,8,BT-11530,West,OFF-AR-10003514,Office Supplies,0.0,0.0,2014
2014-01-28,3.928,1,JC-15340,East,OFF-BI-10000343,Office Supplies,0.2,-0.7856000000000001,2014
2014-12-16,44.46,2,CC-12100,West,FUR-FU-10004090,Furniture,0.0,0.0,2014
2014-12-16,241.568,2,CC-12100,West,FUR-CH-10002602,Furniture,0.2,-48.31360000000001,2014
2014-12-16,395.0,5,CC-12100,West,TEC-AC-10001142,Technology,0.0,0.0,2014
2014-12-16,627.168,4,CC-12100,West,TEC-PH-10004977,Technology,0.2,-125.4336,2014
2014-08-24,13.28,2,JP-15460,East,FUR-FU-10004586,Furniture,0.0,0.0,2014
2014-08-24,12.672,3,JP-15460,East,OFF-BI-10001116,Office Supplies,0.2,-2.5344,2014
2014-12-12,210.392,2,CY-12745,Central,OFF-BI-10003650,Office Supplies,0.8,-168.3136,2014
2014-06-30,32.4,5,AR-10825,West,OFF-AR-10001374,Office Supplies,0.0,0.0,2014
2014-12-20,31.05,3,KH-16510,West,OFF-LA-10002043,Office Supplies,0.0,0.0,2014
2014-08-03,93.024,3,GH-14410,West,OFF-PA-10001289,Office Supplies,0.2,-18.6048,2014
2014-09-12,5.18,5,PT-19090,Central,OFF-BI-10004040,Office Supplies,0.8,-4.144,2014
2014-09-21,15.56,2,HF-14995,West,OFF-EN-10001539,Office Supplies,0.0,0.0,2014
2014-09-21,78.35,5,HF-14995,West,OFF-EN-10004483,Office Supplies,0.0,0.0,2014
2014-09-21,59.52,3,HF-14995,West,OFF-AR-10001615,Office Supplies,0.0,0.0,2014
2014-09-21,38.52,9,HF-14995,West,OFF-PA-10000327,Office Supplies,0.0,0.0,2014
2014-09-21,239.984,2,HF-14995,West,TEC-PH-10001299,Technology,0.2,-47.99680000000001,2014
2014-09-21,19.35,3,HF-14995,West,OFF-PA-10002246,Office Supplies,0.0,0.0,2014
2014-11-07,26.046,3,TC-20980,Central,OFF-BI-10000632,Office Supplies,0.8,-20.8368,2014
2014-11-07,74.352,3,TC-20980,Central,OFF-EN-10004773,Office Supplies,0.2,-14.8704,2014
2014-09-01,3.648,3,JL-15130,Central,OFF-BI-10002949,Office Supplies,0.8,-2.9184,2014
2014-09-01,31.104,6,JL-15130,Central,OFF-PA-10004100,Office Supplies,0.2,-6.220800000000001,2014
2014-12-01,95.968,4,TB-21280,South,TEC-PH-10001644,Technology,0.2,-19.1936,2014
2014-05-18,149.232,3,TT-21070,East,FUR-FU-10000308,Furniture,0.2,-29.8464,2014
2014-05-18,15.936,4,TT-21070,East,OFF-PA-10001526,Office Supplies,0.2,-3.1872,2014
2014-11-10,601.536,8,RD-19900,West,TEC-PH-10002103,Technology,0.2,-120.3072,2014
2014-11-10,10.99,1,RD-19900,West,TEC-AC-10004209,Technology,0.0,0.0,2014
2014-11-10,39.88,2,RD-19900,West,FUR-FU-10000397,Furniture,0.0,0.0,2014
2014-11-10,62.24,8,RD-19900,West,OFF-PA-10002137,Office Supplies,0.0,0.0,2014
2014-11-10,53.2,5,RD-19900,West,FUR-FU-10001867,Furniture,0.0,0.0,2014
2014-11-10,39.84,8,RD-19900,West,OFF-LA-10000407,Office Supplies,0.0,0.0,2014
2014-12-23,207.24,11,SF-20200,Central,OFF-AP-10002350,Office Supplies,0.0,0.0,2014
2014-05-13,149.97,3,NP-18325,West,TEC-AC-10002800,Technology,0.0,0.0,2014
2014-10-02,9.408,2,ES-14080,West,OFF-PA-10001838,Office Supplies,0.2,-1.8816,2014
2014-10-02,4.672,2,ES-14080,West,OFF-FA-10000735,Office Supplies,0.2,-0.9344,2014
2014-10-02,318.4,2,ES-14080,West,TEC-PH-10001760,Technology,0.2,-63.68,2014
2014-10-02,12.768,6,ES-14080,West,OFF-EN-10004846,Office Supplies,0.2,-2.5536,2014
2014-10-02,15.36,2,ES-14080,West,OFF-SU-10003567,Office Supplies,0.2,-3.072,2014
2014-10-02,230.376,3,ES-14080,West,TEC-PH-10001557,Technology,0.2,-46.0752,2014
2014-10-02,7.16,1,ES-14080,West,TEC-AC-10003038,Technology,0.2,-1.432,2014
2014-08-11,375.34,1,KL-16645,East,OFF-ST-10004459,Office Supplies,0.0,0.0,2014
2014-11-14,20.736,4,CM-11815,Central,OFF-PA-10004609,Office Supplies,0.2,-4.147200000000001,2014
2014-11-17,99.98,2,TS-21205,West,TEC-AC-10001314,Technology,0.0,0.0,2014
2014-11-17,733.95,7,TS-21205,West,OFF-PA-10003395,Office Supplies,0.0,0.0,2014
2014-11-17,241.44,3,TS-21205,West,OFF-AP-10001242,Office Supplies,0.0,0.0,2014
2014-10-11,281.904,2,JF-15565,East,OFF-ST-10003816,Office Supplies,0.2,-56.3808,2014
2014-10-11,201.432,3,JF-15565,East,OFF-EN-10002230,Office Supplies,0.2,-40.2864,2014
2014-05-22,135.98,2,EH-14185,South,TEC-PH-10002660,Technology,0.0,0.0,2014
2014-05-22,44.95,1,EH-14185,South,TEC-PH-10003171,Technology,0.0,0.0,2014
2014-07-15,2.97,3,VW-21775,Central,TEC-AC-10003709,Technology,0.0,0.0,2014
2014-07-15,6.54,3,VW-21775,Central,OFF-FA-10000304,Office Supplies,0.0,0.0,2014
2014-04-05,22.96,7,GM-14695,South,OFF-AR-10004757,Office Supplies,0.0,0.0,2014
2014-04-05,28.99,1,GM-14695,South,TEC-PH-10001615,Technology,0.0,0.0,2014
2014-04-05,12.96,2,GM-14695,South,OFF-PA-10003349,Office Supplies,0.0,0.0,2014
2014-04-05,22.96,7,GM-14695,South,OFF-AR-10000127,Office Supplies,0.0,0.0,2014
2014-04-05,4164.05,5,GM-14695,South,OFF-SU-10002881,Office Supplies,0.0,0.0,2014
2014-09-17,47.984,2,KT-16465,South,TEC-AC-10001109,Technology,0.2,-9.5968,2014
2014-09-17,4.624,1,KT-16465,South,OFF-PA-10000682,Office Supplies,0.2,-0.9248,2014
2014-09-30,15.24,3,MH-17785,East,FUR-FU-10000221,Furniture,0.0,0.0,2014
2014-09-12,63.924,7,AF-10885,East,OFF-BI-10002429,Office Supplies,0.7,-44.7468,2014
2014-12-26,11.91,3,CK-12595,West,OFF-SU-10002189,Office Supplies,0.0,0.0,2014
2014-12-26,3.48,2,CK-12595,West,FUR-FU-10001852,Furniture,0.0,0.0,2014
2014-08-15,30.96,8,KH-16510,Central,OFF-BI-10003638,Office Supplies,0.8,-24.768,2014
2014-11-18,50.997,1,CS-11950,East,OFF-BI-10003656,Office Supplies,0.7,-35.6979,2014
2014-11-18,76.792,1,CS-11950,East,OFF-ST-10003656,Office Supplies,0.2,-15.3584,2014
2014-11-18,539.964,6,CS-11950,East,TEC-PH-10001128,Technology,0.4,-215.9856,2014
2014-11-18,60.312,3,CS-11950,East,FUR-FU-10001473,Furniture,0.2,-12.0624,2014
2014-11-18,1.944,3,CS-11950,East,OFF-BI-10004656,Office Supplies,0.7,-1.3608,2014
2014-12-30,12.984,3,SP-20620,Central,OFF-EN-10004955,Office Supplies,0.2,-2.5968,2014
2014-12-30,217.584,2,SP-20620,Central,TEC-PH-10002468,Technology,0.2,-43.5168,2014
2014-12-30,328.776,3,SP-20620,Central,TEC-PH-10000576,Technology,0.2,-65.7552,2014
2014-12-30,2.286,3,SP-20620,Central,OFF-BI-10002160,Office Supplies,0.8,-1.8288,2014
2014-12-30,47.984,2,SP-20620,Central,TEC-AC-10003628,Technology,0.2,-9.5968,2014
2014-09-27,603.92,5,TH-21100,West,FUR-CH-10002602,Furniture,0.2,-120.784,2014
2014-09-27,81.98,2,TH-21100,West,OFF-PA-10000675,Office Supplies,0.0,0.0,2014
2014-12-20,43.512,7,TS-21505,South,OFF-AP-10004868,Office Supplies,0.2,-8.7024,2014
2014-12-20,662.88,3,TS-21505,South,FUR-CH-10004287,Furniture,0.2,-132.576,2014
2014-12-20,25.92,5,TS-21505,South,OFF-PA-10002689,Office Supplies,0.2,-5.184000000000001,2014
2014-11-11,896.99,5,KD-16270,Central,OFF-BI-10001359,Office Supplies,0.8,-717.5920000000001,2014
2014-11-11,1.234,1,KD-16270,Central,OFF-BI-10001267,Office Supplies,0.8,-0.9872000000000001,2014
2014-11-11,67.56,3,KD-16270,Central,OFF-AR-10003582,Office Supplies,0.2,-13.512,2014
2014-11-11,21.72,5,KD-16270,Central,OFF-PA-10003724,Office Supplies,0.2,-4.344,2014
2014-11-11,262.336,8,KD-16270,Central,OFF-PA-10001033,Office Supplies,0.2,-52.46720000000001,2014
2014-11-11,148.48,2,KD-16270,Central,TEC-PH-10003505,Technology,0.2,-29.696,2014
2014-11-11,241.176,3,KD-16270,Central,TEC-PH-10004959,Technology,0.2,-48.2352,2014
2014-09-23,435.999,3,BM-11650,West,FUR-BO-10002916,Furniture,0.15,-65.39985,2014
2014-09-23,83.984,2,BM-11650,West,TEC-PH-10002726,Technology,0.2,-16.7968,2014
2014-07-19,359.98,2,CA-12310,East,TEC-PH-10000895,Technology,0.0,0.0,2014
2014-07-19,70.56,1,CA-12310,East,FUR-TA-10004152,Furniture,0.3,-21.168,2014
2014-07-19,20.88,2,CA-12310,East,OFF-BI-10003694,Office Supplies,0.0,0.0,2014
2014-07-19,3.81,1,CA-12310,East,OFF-BI-10002160,Office Supplies,0.0,0.0,2014
2014-01-31,290.666,2,LC-17050,West,FUR-BO-10003966,Furniture,0.15,-43.5999,2014
2014-07-09,10.368,2,BM-11650,Central,OFF-PA-10003072,Office Supplies,0.2,-2.0736,2014
2014-07-09,14.352,3,BM-11650,Central,OFF-PA-10002245,Office Supplies,0.2,-2.8704,2014
2014-08-09,1091.168,4,MG-17650,West,TEC-PH-10001530,Technology,0.2,-218.2336,2014
2014-08-09,219.168,2,MG-17650,West,TEC-PH-10000038,Technology,0.2,-43.8336,2014
2014-11-22,6.928,1,EH-14185,Central,OFF-BI-10001765,Office Supplies,0.8,-5.542400000000001,2014
2014-11-21,36.99,1,DH-13075,South,TEC-PH-10002923,Technology,0.0,0.0,2014
2014-11-21,629.1,6,DH-13075,South,OFF-PA-10004359,Office Supplies,0.0,0.0,2014
2014-11-21,193.95,3,DH-13075,South,OFF-ST-10001511,Office Supplies,0.0,0.0,2014
2014-11-21,5.46,3,DH-13075,South,OFF-AR-10002833,Office Supplies,0.0,0.0,2014
2014-04-23,281.372,2,LB-16795,East,FUR-CH-10002965,Furniture,0.3,-84.4116,2014
2014-04-23,281.372,2,LB-16795,East,FUR-CH-10002965,Furniture,0.3,-84.4116,2014
2014-04-23,7.488,8,LB-16795,East,OFF-BI-10000145,Office Supplies,0.7,-5.2416,2014
2014-04-23,22.336,4,LB-16795,East,FUR-FU-10002191,Furniture,0.2,-4.4672,2014
2014-03-11,108.92,14,KA-16525,East,OFF-PA-10002137,Office Supplies,0.0,0.0,2014
2014-09-08,56.65,5,DP-13390,West,OFF-AP-10004785,Office Supplies,0.0,0.0,2014
2014-09-08,14.97,1,DP-13390,West,OFF-ST-10002406,Office Supplies,0.0,0.0,2014
2014-09-08,4.02,2,DP-13390,West,OFF-FA-10002988,Office Supplies,0.0,0.0,2014
2014-03-16,471.92,2,KN-16705,South,TEC-PH-10002415,Technology,0.2,-94.38400000000001,2014
2014-08-31,92.52,9,SJ-20500,West,TEC-AC-10001635,Technology,0.0,0.0,2014
2014-04-07,8.96,2,PJ-19015,South,FUR-FU-10004415,Furniture,0.0,0.0,2014
2014-08-27,579.95,5,CC-12610,South,TEC-PH-10000455,Technology,0.0,0.0,2014
2014-08-27,29.12,4,CC-12610,South,FUR-FU-10002456,Furniture,0.0,0.0,2014
2014-08-27,1202.94,3,CC-12610,South,FUR-TA-10003569,Furniture,0.0,0.0,2014
2014-06-20,201.584,2,SC-20020,Central,TEC-PH-10000369,Technology,0.2,-40.3168,2014
2014-06-20,3.392,4,SC-20020,Central,OFF-BI-10000756,Office Supplies,0.8,-2.7136,2014
2014-06-20,193.0656,4,SC-20020,Central,FUR-BO-10001608,Furniture,0.32,-61.780992,2014
2014-06-20,15.552,3,SC-20020,Central,OFF-PA-10001166,Office Supplies,0.2,-3.1104,2014
2014-06-20,11.648,2,SC-20020,Central,OFF-PA-10000587,Office Supplies,0.2,-2.3296,2014
2014-06-20,418.8,2,SC-20020,Central,TEC-MA-10001972,Technology,0.4,-167.52,2014
2014-06-20,509.488,7,SC-20020,Central,OFF-ST-10004123,Office Supplies,0.2,-101.8976,2014
2014-04-18,287.968,4,JL-15835,West,TEC-MA-10002859,Technology,0.2,-57.59360000000001,2014
2014-04-18,13.12,4,JL-15835,West,OFF-AR-10002375,Office Supplies,0.0,0.0,2014
2014-04-18,10.75,5,JL-15835,West,OFF-AR-10000657,Office Supplies,0.0,0.0,2014
2014-04-18,11.62,2,JL-15835,West,OFF-FA-10000134,Office Supplies,0.0,0.0,2014
2014-05-09,83.25,3,SB-20290,South,OFF-ST-10000107,Office Supplies,0.0,0.0,2014
2014-05-09,9.45,3,SB-20290,South,OFF-LA-10001641,Office Supplies,0.0,0.0,2014
2014-05-09,20.65,5,SB-20290,South,OFF-LA-10003121,Office Supplies,0.0,0.0,2014
2014-05-09,45.36,7,SB-20290,South,OFF-PA-10002689,Office Supplies,0.0,0.0,2014
2014-03-23,330.4,2,PO-18865,West,OFF-ST-10000585,Office Supplies,0.0,0.0,2014
2014-03-23,604.752,6,PO-18865,West,TEC-PH-10003484,Technology,0.2,-120.9504,2014
2014-12-13,2.92,1,RA-19285,Central,OFF-SU-10001574,Office Supplies,0.2,-0.584,2014
2014-09-09,15.552,3,LC-17140,East,OFF-PA-10000788,Office Supplies,0.2,-3.1104,2014
2014-09-09,64.704,6,LC-17140,East,TEC-AC-10002134,Technology,0.2,-12.9408,2014
2014-09-09,17.472,3,LC-17140,East,FUR-FU-10002456,Furniture,0.2,-3.494400000000001,2014
2014-09-09,135.516,1,LC-17140,East,TEC-PH-10002549,Technology,0.4,-54.2064,2014
2014-11-17,12.448,2,RB-19330,East,OFF-PA-10002137,Office Supplies,0.2,-2.4896,2014
2014-11-17,657.93,5,RB-19330,East,FUR-CH-10004997,Furniture,0.3,-197.379,2014
2014-09-23,139.44,3,ST-20530,East,OFF-BI-10002026,Office Supplies,0.2,-27.888,2014
2014-04-28,6.912,3,GB-14530,East,OFF-LA-10001613,Office Supplies,0.2,-1.3824,2014
2014-04-28,27.096,3,GB-14530,East,OFF-ST-10002214,Office Supplies,0.2,-5.4192,2014
2014-04-28,177.568,2,GB-14530,East,OFF-ST-10001128,Office Supplies,0.2,-35.5136,2014
2014-09-14,142.4,5,JC-15775,South,FUR-FU-10002878,Furniture,0.0,0.0,2014
2014-09-14,7.16,2,JC-15775,South,OFF-BI-10001890,Office Supplies,0.0,0.0,2014
2014-08-09,2060.744,7,JH-15985,West,OFF-BI-10004600,Office Supplies,0.2,-412.1488000000001,2014
2014-12-20,487.984,2,MC-17845,West,OFF-BI-10004632,Office Supplies,0.2,-97.5968,2014
2014-12-20,47.3,2,MC-17845,West,OFF-AR-10001725,Office Supplies,0.0,0.0,2014
2014-12-20,4.13,1,MC-17845,West,OFF-AR-10004269,Office Supplies,0.0,0.0,2014
2014-12-20,155.12,5,MC-17845,West,OFF-BI-10003007,Office Supplies,0.2,-31.024,2014
2014-07-25,6.48,1,VF-21715,West,OFF-PA-10002195,Office Supplies,0.0,0.0,2014
2014-07-25,15.52,4,VF-21715,West,OFF-SU-10002522,Office Supplies,0.0,0.0,2014
2014-12-08,27.888,7,TB-21250,West,OFF-LA-10001569,Office Supplies,0.2,-5.5776,2014
2014-12-08,6.456,4,TB-21250,West,OFF-BI-10001132,Office Supplies,0.7,-4.5192,2014
2014-12-08,52.68,3,TB-21250,West,TEC-PH-10003095,Technology,0.2,-10.536,2014
2014-12-08,13.88,5,TB-21250,West,OFF-SU-10000432,Office Supplies,0.2,-2.776,2014
2014-12-08,103.92,10,TB-21250,West,TEC-AC-10004227,Technology,0.2,-20.784,2014
2014-12-08,11.52,5,TB-21250,West,OFF-LA-10004409,Office Supplies,0.2,-2.304,2014
2014-12-08,10.368,2,TB-21250,West,OFF-PA-10001569,Office Supplies,0.2,-2.0736,2014
2014-12-08,39.072,3,TB-21250,West,OFF-ST-10001031,Office Supplies,0.2,-7.814400000000001,2014
2014-09-13,79.4,5,ON-18715,West,OFF-ST-10001034,Office Supplies,0.2,-15.88,2014
2014-11-23,6.368,2,SS-20140,Central,FUR-FU-10001940,Furniture,0.6,-3.8208,2014
2014-11-23,34.176,3,SS-20140,Central,OFF-AP-10004336,Office Supplies,0.8,-27.3408,2014
2014-11-23,5.544,7,SS-20140,Central,TEC-AC-10003709,Technology,0.2,-1.1088,2014
2014-12-08,45.68,2,JK-15625,West,OFF-PA-10001954,Office Supplies,0.0,0.0,2014
2014-12-08,603.92,5,JK-15625,West,FUR-CH-10002602,Furniture,0.2,-120.784,2014
2014-12-30,551.985,5,MF-17665,West,OFF-BI-10004600,Office Supplies,0.7,-386.3895,2014
2014-10-24,11.85,3,AP-10915,South,OFF-FA-10002763,Office Supplies,0.0,0.0,2014
2014-12-16,1013.832,9,KB-16585,South,FUR-CH-10000988,Furniture,0.2,-202.7664,2014
2014-12-16,1.984,2,KB-16585,South,OFF-FA-10000490,Office Supplies,0.2,-0.3968,2014
2014-08-06,62.91,3,RF-19735,South,TEC-AC-10000023,Technology,0.0,0.0,2014
2014-04-11,6.912,3,JK-15370,South,OFF-FA-10001332,Office Supplies,0.2,-1.3824,2014
2014-04-11,383.976,3,JK-15370,South,TEC-AC-10002001,Technology,0.2,-76.79520000000001,2014
2014-04-11,10.368,2,JK-15370,South,OFF-PA-10000029,Office Supplies,0.2,-2.0736,2014
2014-04-11,335.944,7,JK-15370,South,TEC-AC-10001874,Technology,0.2,-67.1888,2014
2014-11-16,273.96,2,RH-19510,Central,TEC-PH-10000038,Technology,0.0,0.0,2014
2014-07-05,180.96,6,DP-13390,West,OFF-BI-10001670,Office Supplies,0.2,-36.192,2014
2014-01-27,57.23,1,EJ-13720,West,OFF-ST-10003692,Office Supplies,0.0,0.0,2014
2014-01-27,333.0,3,EJ-13720,West,FUR-TA-10003469,Furniture,0.2,-66.60000000000001,2014
2014-01-27,36.44,4,EJ-13720,West,OFF-AR-10003179,Office Supplies,0.0,0.0,2014
2014-10-07,107.44,10,JG-15805,Central,OFF-ST-10001228,Office Supplies,0.2,-21.488,2014
2014-11-24,1049.97,5,MY-18295,East,TEC-PH-10000560,Technology,0.4,-419.9880000000001,2014
2014-11-24,611.058,3,MY-18295,East,FUR-CH-10000847,Furniture,0.3,-183.3174,2014
2014-04-08,2.368,2,JM-15655,West,OFF-FA-10000611,Office Supplies,0.2,-0.4736,2014
2014-04-08,19.008,3,JM-15655,West,OFF-PA-10004733,Office Supplies,0.2,-3.8016,2014
2014-07-26,911.984,2,KM-16720,West,TEC-PH-10001363,Technology,0.2,-182.3968,2014
2014-07-26,674.352,3,KM-16720,West,FUR-CH-10003312,Furniture,0.2,-134.8704,2014
2014-07-26,134.01,9,KM-16720,West,FUR-FU-10004018,Furniture,0.0,0.0,2014
2014-07-26,170.97,3,KM-16720,West,TEC-AC-10004814,Technology,0.0,0.0,2014
2014-06-08,170.352,3,KE-16420,South,FUR-CH-10002647,Furniture,0.2,-34.0704,2014
2014-10-28,7.184,2,TS-21370,West,OFF-BI-10004140,Office Supplies,0.2,-1.4368,2014
2014-10-28,6.28,2,TS-21370,West,OFF-SU-10002301,Office Supplies,0.0,0.0,2014
2014-10-28,480.74,2,TS-21370,West,OFF-SU-10000646,Office Supplies,0.0,0.0,2014
2014-10-28,616.998,6,TS-21370,West,FUR-BO-10001337,Furniture,0.15,-92.5497,2014
2014-10-28,141.4,5,TS-21370,West,OFF-ST-10003442,Office Supplies,0.0,0.0,2014
2014-12-20,447.944,7,TC-21295,West,TEC-AC-10001539,Technology,0.2,-89.5888,2014
2014-05-03,40.176,3,NC-18415,East,OFF-BI-10004828,Office Supplies,0.2,-8.035200000000001,2014
2014-05-03,10.896,3,NC-18415,East,OFF-BI-10003981,Office Supplies,0.2,-2.1792,2014
2014-07-27,238.0,2,GW-14605,West,TEC-AC-10002842,Technology,0.0,0.0,2014
2014-04-05,49.632,4,JG-15805,Central,OFF-ST-10003455,Office Supplies,0.2,-9.926400000000001,2014
2014-04-05,52.096,4,JG-15805,Central,OFF-ST-10001031,Office Supplies,0.2,-10.4192,2014
2014-07-05,4.368,3,DW-13195,South,OFF-AR-10002833,Office Supplies,0.2,-0.8736000000000002,2014
2014-06-02,8.56,2,SV-20785,South,OFF-AR-10004511,Office Supplies,0.0,0.0,2014
2014-06-02,239.97,3,SV-20785,South,TEC-PH-10001425,Technology,0.0,0.0,2014
2014-06-02,356.94,2,SV-20785,South,OFF-ST-10001490,Office Supplies,0.0,0.0,2014
2014-11-22,9.98,5,TC-21475,Central,OFF-BI-10002571,Office Supplies,0.8,-7.984000000000001,2014
2014-09-17,30.28,2,BN-11515,West,OFF-ST-10004963,Office Supplies,0.0,0.0,2014
2014-09-17,57.93,3,BN-11515,West,OFF-ST-10000943,Office Supplies,0.0,0.0,2014
2014-09-17,35.34,2,BN-11515,West,FUR-FU-10004671,Furniture,0.0,0.0,2014
2014-09-17,137.24,5,BN-11515,West,OFF-BI-10002735,Office Supplies,0.2,-27.448,2014
2014-11-28,17.248,2,MO-17500,East,OFF-BI-10003676,Office Supplies,0.2,-3.4496,2014
2014-04-04,5.47,1,MS-17710,Central,FUR-FU-10004020,Furniture,0.0,0.0,2014
2014-04-04,79.36,4,MS-17710,Central,OFF-AR-10001955,Office Supplies,0.0,0.0,2014
2014-11-12,7.872,3,DM-13345,South,OFF-AR-10003651,Office Supplies,0.2,-1.5744,2014
2014-11-22,53.82,9,SP-20920,West,OFF-PA-10002245,Office Supplies,0.0,0.0,2014
2014-12-23,53.316,2,TH-21235,East,FUR-TA-10001676,Furniture,0.4,-21.3264,2014
2014-12-23,56.52,3,TH-21235,East,OFF-AP-10002350,Office Supplies,0.0,0.0,2014
2014-11-25,52.96,2,AR-10540,East,FUR-FU-10001095,Furniture,0.0,0.0,2014
2014-11-03,286.344,3,MS-17770,East,OFF-SU-10000157,Office Supplies,0.2,-57.2688,2014
2014-10-11,63.47,11,Dp-13240,West,FUR-FU-10001196,Furniture,0.0,0.0,2014
2014-10-11,345.0,5,Dp-13240,West,TEC-AC-10002942,Technology,0.0,0.0,2014
2014-06-22,170.058,3,AA-10645,East,FUR-CH-10004698,Furniture,0.3,-51.01739999999999,2014
2014-06-22,82.782,3,AA-10645,East,TEC-PH-10004093,Technology,0.4,-33.1128,2014
2014-06-22,853.93,5,AA-10645,East,FUR-CH-10000454,Furniture,0.3,-256.179,2014
2014-12-29,24.9,5,AJ-10795,West,FUR-FU-10000550,Furniture,0.0,0.0,2014
2014-12-29,21.12,4,AJ-10795,West,OFF-PA-10000528,Office Supplies,0.0,0.0,2014
2014-12-29,767.952,6,AJ-10795,West,TEC-MA-10003183,Technology,0.2,-153.5904,2014
2014-12-29,14.352,3,AJ-10795,West,OFF-BI-10003305,Office Supplies,0.2,-2.8704,2014
2014-12-29,191.976,3,AJ-10795,West,TEC-PH-10001425,Technology,0.2,-38.3952,2014
2014-12-29,274.77,9,AJ-10795,West,OFF-LA-10001474,Office Supplies,0.0,0.0,2014
2014-12-29,70.56,6,AJ-10795,West,FUR-FU-10000672,Furniture,0.0,0.0,2014
2014-09-29,4.224,3,SM-20950,East,OFF-AR-10003469,Office Supplies,0.2,-0.8448000000000001,2014
2014-09-29,409.272,2,SM-20950,East,FUR-TA-10004175,Furniture,0.4,-163.7088,2014
2014-09-29,55.44,11,SM-20950,East,OFF-LA-10002945,Office Supplies,0.2,-11.088,2014
2014-09-29,20.928,4,SM-20950,East,OFF-PA-10000533,Office Supplies,0.2,-4.1856,2014
2014-09-29,1801.632,6,SM-20950,East,OFF-ST-10004459,Office Supplies,0.2,-360.3264,2014
2014-09-29,67.176,1,SM-20950,East,FUR-TA-10004147,Furniture,0.4,-26.8704,2014
2014-11-24,646.2,5,DK-12985,Central,OFF-ST-10000046,Office Supplies,0.2,-129.24,2014
2014-06-23,20.016,9,DL-13330,South,OFF-AR-10002766,Office Supplies,0.2,-4.0032,2014
2014-06-23,3.104,1,DL-13330,South,OFF-SU-10002522,Office Supplies,0.2,-0.6208,2014
2014-11-01,7.52,5,KH-16630,South,OFF-FA-10003021,Office Supplies,0.2,-1.504,2014
2014-11-01,10.272,3,KH-16630,South,OFF-AR-10000634,Office Supplies,0.2,-2.0544,2014
2014-11-01,47.808,12,KH-16630,South,OFF-LA-10001771,Office Supplies,0.2,-9.5616,2014
2014-11-01,978.84,9,KH-16630,South,TEC-PH-10004434,Technology,0.2,-195.768,2014
2014-08-19,638.82,9,LH-16900,South,FUR-BO-10000711,Furniture,0.0,0.0,2014
2014-09-23,32.4,5,SC-20095,Central,OFF-PA-10004888,Office Supplies,0.0,0.0,2014
2014-09-23,404.9,5,SC-20095,Central,OFF-ST-10000736,Office Supplies,0.0,0.0,2014
2014-09-23,9449.95,5,SC-20095,Central,OFF-BI-10001120,Office Supplies,0.0,0.0,2014
2014-09-23,12.94,2,SC-20095,Central,OFF-BI-10000301,Office Supplies,0.0,0.0,2014
2014-05-11,35.91,3,BG-11695,East,OFF-AP-10004249,Office Supplies,0.0,0.0,2014
2014-09-19,67.344,6,JL-15835,South,OFF-ST-10003722,Office Supplies,0.2,-13.4688,2014
2014-09-19,2624.985,3,JL-15835,South,TEC-MA-10001127,Technology,0.5,-1312.4925,2014
2014-11-18,14.48,5,AB-10600,Central,OFF-BI-10001107,Office Supplies,0.8,-11.584,2014
2014-09-08,45.0,9,TT-21070,South,OFF-FA-10002280,Office Supplies,0.0,0.0,2014
2014-09-08,209.97,3,TT-21070,South,TEC-MA-10000029,Technology,0.0,0.0,2014
2014-05-19,57.42,9,JH-15820,Central,OFF-BI-10001249,Office Supplies,0.0,0.0,2014
2014-11-01,15.696,3,SM-20950,Central,OFF-PA-10000533,Office Supplies,0.2,-3.1392,2014
2014-10-11,31.92,4,HA-14920,West,OFF-ST-10002352,Office Supplies,0.0,0.0,2014
2014-10-11,433.568,2,HA-14920,West,FUR-CH-10000229,Furniture,0.2,-86.7136,2014
2014-04-07,629.95,5,RS-19765,South,TEC-PH-10003273,Technology,0.0,0.0,2014
2014-04-07,122.97,3,RS-19765,South,OFF-PA-10000100,Office Supplies,0.0,0.0,2014
2014-10-31,49.25,5,AM-10705,East,OFF-AR-10001683,Office Supplies,0.0,0.0,2014
2014-10-31,10.16,2,AM-10705,East,OFF-PA-10002195,Office Supplies,0.0,0.0,2014
2014-10-31,14.76,2,AM-10705,East,FUR-FU-10002364,Furniture,0.0,0.0,2014
2014-10-31,34.08,2,AM-10705,East,OFF-BI-10004001,Office Supplies,0.0,0.0,2014
2014-10-31,17.67,3,AM-10705,East,FUR-FU-10000023,Furniture,0.0,0.0,2014
2014-10-31,1604.9,5,AM-10705,East,FUR-CH-10002320,Furniture,0.0,0.0,2014
2014-10-31,385.686,1,AM-10705,East,FUR-TA-10003238,Furniture,0.3,-115.7058,2014
2014-05-05,9.42,3,PF-19120,South,OFF-PA-10003016,Office Supplies,0.0,0.0,2014
2014-05-05,6.56,2,PF-19120,South,OFF-AR-10003651,Office Supplies,0.0,0.0,2014
2014-05-05,24.56,2,PF-19120,South,OFF-PA-10001363,Office Supplies,0.0,0.0,2014
2014-11-30,62.28,4,JL-15505,East,OFF-EN-10004007,Office Supplies,0.0,0.0,2014
2014-12-13,94.428,3,EB-13840,Central,FUR-FU-10003930,Furniture,0.6,-56.6568,2014
2014-09-21,11.352,3,MA-17560,East,OFF-PA-10004000,Office Supplies,0.2,-2.2704,2014
2014-09-21,20.808,9,MA-17560,East,OFF-LA-10004425,Office Supplies,0.2,-4.1616,2014
2014-09-20,43.92,4,MA-17995,West,OFF-AP-10001366,Office Supplies,0.0,0.0,2014
2014-09-20,20.232,3,MA-17995,West,OFF-BI-10001636,Office Supplies,0.2,-4.0464,2014
2014-03-26,66.3,3,JD-15895,West,TEC-AC-10002323,Technology,0.0,0.0,2014
2014-09-19,887.103,7,BS-11365,East,FUR-CH-10000988,Furniture,0.1,-88.7103,2014
2014-11-14,11.36,2,RM-19675,East,OFF-PA-10004470,Office Supplies,0.0,0.0,2014
2014-11-14,69.264,2,RM-19675,East,FUR-CH-10001797,Furniture,0.1,-6.9264,2014
2014-12-20,3.69,1,AB-10105,Central,OFF-LA-10003720,Office Supplies,0.0,0.0,2014
2014-12-20,1103.97,3,AB-10105,Central,OFF-BI-10004600,Office Supplies,0.0,0.0,2014
2014-08-22,3.912,1,DE-13255,East,OFF-AR-10002804,Office Supplies,0.2,-0.7824,2014
2014-10-26,63.92,4,AH-10585,West,FUR-FU-10000448,Furniture,0.0,0.0,2014
2014-10-26,383.96,5,AH-10585,West,TEC-PH-10000526,Technology,0.2,-76.792,2014
2014-11-04,666.344,7,WB-21850,West,TEC-PH-10001079,Technology,0.2,-133.2688,2014
2014-11-04,573.728,4,WB-21850,West,FUR-TA-10002041,Furniture,0.2,-114.7456,2014
2014-11-04,21.936,3,WB-21850,West,OFF-BI-10001036,Office Supplies,0.2,-4.3872,2014
2014-11-04,19.44,3,WB-21850,West,OFF-PA-10000223,Office Supplies,0.0,0.0,2014
2014-11-04,447.968,4,WB-21850,West,TEC-MA-10003246,Technology,0.2,-89.59360000000001,2014
2014-09-08,16.78,2,SP-20620,East,OFF-AP-10001962,Office Supplies,0.0,0.0,2014
2014-12-29,23.976,3,ST-20530,West,TEC-PH-10004897,Technology,0.2,-4.7952,2014
2014-12-29,33.29,1,ST-20530,West,OFF-ST-10003123,Office Supplies,0.0,0.0,2014
2014-03-22,16.28,2,VM-21835,Central,OFF-AR-10003478,Office Supplies,0.0,0.0,2014
2014-04-25,303.25,5,BT-11305,West,FUR-FU-10003708,Furniture,0.0,0.0,2014
2014-04-25,270.72,3,BT-11305,West,OFF-AP-10001391,Office Supplies,0.0,0.0,2014
2014-04-25,1487.04,5,BT-11305,West,FUR-CH-10003973,Furniture,0.2,-297.408,2014
2014-07-20,25.984,1,SW-20245,East,OFF-ST-10002583,Office Supplies,0.2,-5.196800000000001,2014
2014-07-20,27.36,3,SW-20245,East,OFF-BI-10000977,Office Supplies,0.7,-19.152,2014
2014-07-07,172.186,2,JL-15835,East,FUR-CH-10002880,Furniture,0.3,-51.6558,2014
2014-07-07,69.008,2,JL-15835,East,FUR-FU-10003039,Furniture,0.2,-13.8016,2014
2014-09-02,21.24,3,CL-12565,East,OFF-AR-10002445,Office Supplies,0.0,0.0,2014
2014-05-06,5.78,2,SN-20710,West,OFF-LA-10004425,Office Supplies,0.0,0.0,2014
2014-05-06,107.94,6,SN-20710,West,OFF-AR-10001897,Office Supplies,0.0,0.0,2014
2014-06-21,19.65,3,TB-21280,East,OFF-PA-10003883,Office Supplies,0.0,0.0,2014
2014-06-21,617.97,3,TB-21280,East,TEC-PH-10003963,Technology,0.0,0.0,2014
2014-06-21,59.7,3,TB-21280,East,OFF-AP-10001303,Office Supplies,0.0,0.0,2014
2014-11-29,575.92,2,AH-10210,West,TEC-PH-10004586,Technology,0.2,-115.184,2014
2014-11-29,30.4,5,AH-10210,West,OFF-FA-10003495,Office Supplies,0.0,0.0,2014
2014-12-20,190.848,3,MH-17455,East,FUR-FU-10003773,Furniture,0.2,-38.1696,2014
2014-12-17,5.484,4,EC-14050,East,OFF-BI-10002954,Office Supplies,0.7,-3.8388,2014
2014-03-04,15.552,3,SC-20095,South,OFF-AR-10001374,Office Supplies,0.2,-3.1104,2014
2014-11-16,78.35,5,SR-20740,Central,OFF-EN-10004483,Office Supplies,0.0,0.0,2014
2014-11-16,31.68,6,SR-20740,Central,OFF-PA-10003270,Office Supplies,0.0,0.0,2014
2014-11-16,29.12,4,SR-20740,Central,OFF-BI-10001634,Office Supplies,0.0,0.0,2014
2014-11-16,169.45,5,SR-20740,Central,OFF-ST-10000675,Office Supplies,0.0,0.0,2014
2014-03-24,24.9,5,CD-11920,East,OFF-PA-10004948,Office Supplies,0.0,0.0,2014
2014-12-01,659.988,2,JK-15730,East,TEC-CO-10001571,Technology,0.4,-263.9952,2014
2014-12-01,8.128,2,JK-15730,East,FUR-FU-10000221,Furniture,0.2,-1.6256,2014
2014-12-01,36.288,7,JK-15730,East,OFF-PA-10001972,Office Supplies,0.2,-7.2576,2014
2014-12-01,909.72,6,JK-15730,East,FUR-CH-10000015,Furniture,0.3,-272.916,2014
2014-11-21,12.96,2,GR-14560,West,OFF-PA-10003309,Office Supplies,0.0,0.0,2014
2014-06-30,25.92,5,MS-17980,Central,OFF-PA-10002005,Office Supplies,0.2,-5.184000000000001,2014
2014-06-30,21.312,6,MS-17980,Central,OFF-FA-10002815,Office Supplies,0.2,-4.2624,2014
2014-12-24,173.656,7,BF-11170,West,TEC-PH-10000213,Technology,0.2,-34.7312,2014
2014-12-24,361.96,2,BF-11170,West,OFF-AP-10000828,Office Supplies,0.0,0.0,2014
2014-12-24,62.85,3,BF-11170,West,TEC-AC-10004708,Technology,0.0,0.0,2014
2014-12-24,818.376,3,BF-11170,West,TEC-PH-10001530,Technology,0.2,-163.6752,2014
2014-12-24,20.34,1,BF-11170,West,OFF-ST-10002301,Office Supplies,0.0,0.0,2014
2014-12-24,23.99,1,BF-11170,West,FUR-FU-10002554,Furniture,0.0,0.0,2014
2014-02-20,62.31,3,LC-16930,Central,TEC-AC-10001284,Technology,0.0,0.0,2014
2014-02-20,20.32,4,LC-16930,Central,FUR-FU-10000221,Furniture,0.0,0.0,2014
2014-11-02,34.86,7,RD-19720,East,OFF-LA-10001569,Office Supplies,0.0,0.0,2014
2014-11-02,89.34,6,RD-19720,East,FUR-FU-10004018,Furniture,0.0,0.0,2014
2014-10-10,122.352,3,TN-21040,West,FUR-CH-10002774,Furniture,0.2,-24.4704,2014
2014-10-10,15.28,2,TN-21040,West,OFF-EN-10001219,Office Supplies,0.0,0.0,2014
2014-07-13,351.216,3,GK-14620,West,FUR-TA-10002855,Furniture,0.2,-70.2432,2014
2014-12-27,230.28,3,JF-15490,West,FUR-CH-10004886,Furniture,0.2,-46.056,2014
2014-12-27,12.84,3,JF-15490,West,OFF-PA-10003657,Office Supplies,0.0,0.0,2014
2014-12-31,49.568,2,CM-11815,Central,OFF-EN-10004773,Office Supplies,0.2,-9.9136,2014
2014-05-05,127.869,3,EB-13870,Central,FUR-CH-10001146,Furniture,0.3,-38.3607,2014
2014-12-09,100.704,6,DM-12955,West,OFF-ST-10004950,Office Supplies,0.2,-20.1408,2014
2014-04-19,76.14,3,NF-18595,West,FUR-FU-10004017,Furniture,0.0,0.0,2014
2014-04-11,9.584,1,SE-20110,West,OFF-BI-10004817,Office Supplies,0.2,-1.9168,2014
2014-07-27,65.78,11,AS-10045,East,OFF-PA-10002709,Office Supplies,0.0,0.0,2014
2014-05-30,13.62,3,EB-13840,South,OFF-PA-10001622,Office Supplies,0.0,0.0,2014
2014-05-05,45.248,2,KH-16330,Central,OFF-ST-10003442,Office Supplies,0.2,-9.0496,2014
2014-03-14,33.088,4,JF-15295,West,OFF-BI-10001617,Office Supplies,0.2,-6.6176,2014
2014-03-14,80.98,1,JF-15295,West,OFF-ST-10000736,Office Supplies,0.0,0.0,2014
2014-03-14,82.8,12,JF-15295,West,TEC-AC-10004877,Technology,0.0,0.0,2014
2014-03-14,21.36,2,JF-15295,West,OFF-ST-10003221,Office Supplies,0.0,0.0,2014
2014-03-14,62.048,2,JF-15295,West,OFF-BI-10003007,Office Supplies,0.2,-12.4096,2014
2014-12-20,51.968,2,CT-11995,West,FUR-FU-10001876,Furniture,0.2,-10.3936,2014
2014-12-20,71.976,3,CT-11995,West,TEC-AC-10003628,Technology,0.2,-14.3952,2014
2014-12-20,242.352,3,CT-11995,West,FUR-CH-10004860,Furniture,0.2,-48.47040000000001,2014
2014-12-20,221.92,5,CT-11995,West,OFF-PA-10000357,Office Supplies,0.2,-44.384,2014
2014-12-20,8.448,2,CT-11995,West,OFF-PA-10003270,Office Supplies,0.2,-1.6896,2014
2014-03-31,0.852,1,JO-15280,East,OFF-BI-10003529,Office Supplies,0.7,-0.5963999999999999,2014
2014-12-16,36.288,7,EJ-13720,Central,OFF-PA-10000029,Office Supplies,0.2,-7.2576,2014
2014-12-16,56.568,2,EJ-13720,Central,FUR-FU-10002116,Furniture,0.6,-33.9408,2014
2014-06-07,268.935,3,NR-18550,Central,FUR-TA-10002041,Furniture,0.5,-134.4675,2014
2014-11-25,1117.92,4,MP-18175,East,OFF-ST-10003470,Office Supplies,0.0,0.0,2014
2014-11-25,275.952,3,MP-18175,East,FUR-BO-10003159,Furniture,0.2,-55.1904,2014
2014-11-07,123.144,7,LH-16900,West,OFF-BI-10003684,Office Supplies,0.2,-24.6288,2014
2014-11-03,783.96,4,SG-20605,East,TEC-PH-10000984,Technology,0.0,0.0,2014
2014-11-03,48.896,2,SG-20605,East,OFF-BI-10000666,Office Supplies,0.2,-9.779200000000001,2014
2014-11-03,7.856,2,SG-20605,East,OFF-BI-10003712,Office Supplies,0.2,-1.5712,2014
2014-09-17,182.94,3,NR-18550,West,OFF-EN-10001453,Office Supplies,0.0,0.0,2014
2014-10-31,742.336,8,AC-10450,West,TEC-PH-10000486,Technology,0.2,-148.4672,2014
2014-07-08,63.882,1,MH-18025,East,FUR-CH-10002647,Furniture,0.1,-6.3882,2014
2014-11-07,683.144,4,SC-20725,Central,FUR-CH-10002758,Furniture,0.3,-204.9432,2014
2014-11-07,1.476,3,SC-20725,Central,OFF-BI-10000201,Office Supplies,0.8,-1.1808,2014
2014-11-07,40.712,7,SC-20725,Central,OFF-SU-10004115,Office Supplies,0.2,-8.1424,2014
2014-11-23,62.808,3,PB-19210,East,OFF-EN-10003040,Office Supplies,0.2,-12.5616,2014
2014-12-26,18.264,3,MG-17695,East,OFF-PA-10004569,Office Supplies,0.2,-3.6528,2014
2014-12-26,34.656,2,MG-17695,East,OFF-AP-10002998,Office Supplies,0.2,-6.9312,2014
2014-12-26,81.552,2,MG-17695,East,OFF-AP-10003287,Office Supplies,0.2,-16.3104,2014
2014-12-26,227.136,4,MG-17695,East,OFF-ST-10001370,Office Supplies,0.2,-45.4272,2014
2014-11-01,69.52,2,JO-15145,South,OFF-ST-10000464,Office Supplies,0.0,0.0,2014
2014-11-01,5.64,3,JO-15145,South,OFF-AR-10001919,Office Supplies,0.0,0.0,2014
2014-11-07,245.88,6,MS-17365,Central,OFF-AP-10001293,Office Supplies,0.0,0.0,2014
2014-11-07,36.63,3,MS-17365,Central,OFF-ST-10004258,Office Supplies,0.0,0.0,2014
2014-11-07,22.58,2,MS-17365,Central,OFF-ST-10002214,Office Supplies,0.0,0.0,2014
2014-11-07,12.39,3,MS-17365,Central,OFF-BI-10004970,Office Supplies,0.0,0.0,2014
2014-04-04,7.184,2,MZ-17515,West,OFF-BI-10004140,Office Supplies,0.2,-1.4368,2014
2014-06-25,263.96,5,GK-14620,West,TEC-PH-10002115,Technology,0.2,-52.792,2014
2014-06-25,71.632,11,GK-14620,West,OFF-AR-10003478,Office Supplies,0.2,-14.3264,2014
2014-06-25,9.328,1,GK-14620,West,OFF-AR-10000475,Office Supplies,0.2,-1.8656,2014
2014-09-08,5.88,2,MC-17275,West,OFF-AR-10003045,Office Supplies,0.0,0.0,2014
2014-09-08,975.92,5,MC-17275,West,FUR-CH-10000454,Furniture,0.2,-195.184,2014
2014-09-08,303.84,8,MC-17275,West,OFF-AR-10000380,Office Supplies,0.0,0.0,2014
2014-09-08,485.88,6,MC-17275,West,OFF-ST-10000736,Office Supplies,0.0,0.0,2014
2014-12-12,12.54,3,LH-17155,West,FUR-FU-10004270,Furniture,0.0,0.0,2014
2014-12-12,8.94,3,LH-17155,West,OFF-ST-10000617,Office Supplies,0.0,0.0,2014
2014-12-12,9.24,3,LH-17155,West,FUR-FU-10001706,Furniture,0.0,0.0,2014
2014-04-11,758.352,6,GM-14455,Central,TEC-PH-10001835,Technology,0.2,-151.6704,2014
2014-12-02,119.8,5,KN-16390,East,TEC-AC-10001267,Technology,0.2,-23.96,2014
2014-10-03,61.568,2,SL-20155,South,OFF-ST-10000532,Office Supplies,0.2,-12.3136,2014
2014-10-03,6.192,3,SL-20155,South,OFF-AR-10002335,Office Supplies,0.2,-1.2384,2014
2014-12-16,114.2,5,SC-20695,Central,OFF-PA-10000595,Office Supplies,0.0,0.0,2014
2014-10-15,183.372,2,AC-10660,East,FUR-CH-10003761,Furniture,0.3,-55.0116,2014
2014-10-15,7.968,2,AC-10660,East,OFF-PA-10002230,Office Supplies,0.2,-1.5936,2014
2014-12-01,674.058,3,MC-17605,Central,FUR-CH-10003746,Furniture,0.3,-202.2174,2014
2014-10-14,22.92,4,JE-15610,East,OFF-BI-10003476,Office Supplies,0.0,0.0,2014
2014-10-14,269.9,5,JE-15610,East,OFF-ST-10001469,Office Supplies,0.0,0.0,2014
2014-11-18,11.808,8,MS-17530,East,OFF-BI-10001757,Office Supplies,0.7,-8.2656,2014
2014-11-18,9.588,2,MS-17530,East,TEC-PH-10004875,Technology,0.4,-3.8352,2014
2014-09-02,57.75,5,KD-16345,East,OFF-AR-10000658,Office Supplies,0.0,0.0,2014
2014-09-02,14.94,3,KD-16345,East,OFF-PA-10000349,Office Supplies,0.0,0.0,2014
2014-01-13,1325.85,5,BD-11605,West,OFF-ST-10000078,Office Supplies,0.0,0.0,2014
2014-01-13,333.999,3,BD-11605,West,FUR-BO-10003034,Furniture,0.15,-50.09985,2014
2014-01-13,19.9,5,BD-11605,West,OFF-AR-10003514,Office Supplies,0.0,0.0,2014
2014-10-04,29.24,4,JD-16015,West,OFF-LA-10002475,Office Supplies,0.0,0.0,2014
2014-06-09,18.06,7,TS-21205,West,OFF-AR-10002335,Office Supplies,0.0,0.0,2014
2014-06-09,79.14,3,TS-21205,West,OFF-PA-10003641,Office Supplies,0.0,0.0,2014
2014-06-09,37.4,2,TS-21205,West,FUR-FU-10002685,Furniture,0.0,0.0,2014
2014-03-07,48.712,1,AB-10015,West,FUR-CH-10004477,Furniture,0.2,-9.742400000000002,2014
2014-03-07,17.94,3,AB-10015,West,OFF-AR-10001427,Office Supplies,0.0,0.0,2014
2014-03-07,242.94,3,AB-10015,West,OFF-ST-10002344,Office Supplies,0.0,0.0,2014
2014-11-16,5.22,2,AH-10075,West,OFF-LA-10001045,Office Supplies,0.0,0.0,2014
2014-09-03,14.4,5,AG-10390,East,OFF-LA-10001175,Office Supplies,0.0,0.0,2014
2014-11-04,52.064,4,SZ-20035,East,OFF-BI-10000962,Office Supplies,0.2,-10.4128,2014
2014-04-30,47.79,3,TM-21010,South,TEC-AC-10002550,Technology,0.0,0.0,2014
2014-11-24,35.168,7,TH-21100,East,FUR-FU-10002960,Furniture,0.2,-7.0336,2014
2014-11-24,1502.376,4,TH-21100,East,TEC-PH-10002584,Technology,0.4,-600.9504000000001,2014
2014-11-15,10.11,3,SS-20410,West,FUR-FU-10002505,Furniture,0.0,0.0,2014
2014-11-15,772.47,3,SS-20410,West,TEC-AC-10003832,Technology,0.0,0.0,2014
2014-11-15,20.46,2,SS-20410,West,OFF-SU-10002537,Office Supplies,0.0,0.0,2014
2014-09-02,239.976,3,CV-12295,Central,TEC-AC-10001606,Technology,0.2,-47.9952,2014
2014-04-06,653.55,3,SC-20260,West,FUR-TA-10000688,Furniture,0.0,0.0,2014
2014-04-06,33.9,2,SC-20260,West,TEC-AC-10003441,Technology,0.0,0.0,2014
2014-03-31,8.134,7,DD-13570,Central,OFF-BI-10002071,Office Supplies,0.8,-6.507200000000001,2014
2014-03-31,79.984,2,DD-13570,Central,TEC-AC-10004901,Technology,0.2,-15.9968,2014
2014-08-08,549.99,1,MA-17560,Central,TEC-CO-10001571,Technology,0.0,0.0,2014
2014-08-08,167.535,3,MA-17560,Central,OFF-AP-10002495,Office Supplies,0.1,-16.7535,2014
2014-08-08,38.34,3,MA-17560,Central,OFF-EN-10002500,Office Supplies,0.0,0.0,2014
2014-08-08,53.88,6,MA-17560,Central,FUR-FU-10002088,Furniture,0.0,0.0,2014
2014-08-08,299.98,2,MA-17560,Central,TEC-PH-10001128,Technology,0.0,0.0,2014
2014-04-20,744.1,5,SV-20365,Central,FUR-TA-10001705,Furniture,0.3,-223.23,2014
2014-04-20,44.84,5,SV-20365,Central,OFF-ST-10004634,Office Supplies,0.2,-8.968000000000002,2014
2014-04-20,401.59,2,SV-20365,Central,FUR-TA-10004442,Furniture,0.3,-120.477,2014
2014-12-06,14.016,4,BK-11260,Central,OFF-AP-10004036,Office Supplies,0.8,-11.2128,2014
2014-12-06,214.95,5,BK-11260,Central,FUR-TA-10004086,Furniture,0.5,-107.475,2014
2014-12-06,35.04,4,BK-11260,Central,TEC-PH-10000307,Technology,0.2,-7.008,2014
2014-12-06,10.776,3,BK-11260,Central,FUR-FU-10002088,Furniture,0.6,-6.465599999999999,2014
2014-12-06,4.6,2,BK-11260,Central,OFF-BI-10004965,Office Supplies,0.8,-3.68,2014
2014-12-06,35.168,2,BK-11260,Central,OFF-ST-10002485,Office Supplies,0.2,-7.0336,2014
2014-03-17,4.448,2,AZ-10750,Central,OFF-AR-10003732,Office Supplies,0.2,-0.8896000000000002,2014
2014-03-17,5.184,1,AZ-10750,Central,OFF-PA-10002195,Office Supplies,0.2,-1.0368,2014
2014-03-17,15.552,3,AZ-10750,Central,OFF-PA-10002365,Office Supplies,0.2,-3.1104,2014
2014-12-14,186.304,4,BM-11785,South,FUR-CH-10002439,Furniture,0.2,-37.2608,2014
2014-10-18,52.512,6,EH-13765,East,OFF-EN-10001335,Office Supplies,0.2,-10.5024,2014
2014-10-18,186.912,6,EH-13765,East,OFF-ST-10003479,Office Supplies,0.2,-37.3824,2014
2014-10-18,10.048,4,EH-13765,East,OFF-PA-10003016,Office Supplies,0.2,-2.0096,2014
2014-04-04,232.55,5,KB-16585,South,OFF-ST-10004180,Office Supplies,0.0,0.0,2014
2014-04-04,99.98,2,KB-16585,South,TEC-AC-10002926,Technology,0.0,0.0,2014
2014-04-04,19.44,3,KB-16585,South,OFF-PA-10003797,Office Supplies,0.0,0.0,2014
2014-04-04,12.96,2,KB-16585,South,OFF-PA-10002195,Office Supplies,0.0,0.0,2014
2014-09-14,464.292,9,DM-13015,East,FUR-TA-10001039,Furniture,0.4,-185.7168,2014
2014-09-14,68.46,7,DM-13015,East,OFF-EN-10001099,Office Supplies,0.0,0.0,2014
2014-09-14,2799.96,4,DM-13015,East,TEC-MA-10003979,Technology,0.0,0.0,2014
2014-09-14,601.3,2,DM-13015,East,OFF-AP-10002945,Office Supplies,0.0,0.0,2014
2014-09-14,16.99,1,DM-13015,East,TEC-PH-10001536,Technology,0.0,0.0,2014
2014-09-14,287.97,3,DM-13015,East,TEC-PH-10000526,Technology,0.0,0.0,2014
2014-09-14,44.82,9,DM-13015,East,OFF-PA-10000213,Office Supplies,0.0,0.0,2014
2014-06-21,1214.85,3,JG-15160,East,TEC-PH-10001578,Technology,0.0,0.0,2014
2014-06-30,2.688,1,CS-11860,East,OFF-BI-10004528,Office Supplies,0.2,-0.5376000000000001,2014
2014-06-30,6.6,3,CS-11860,East,OFF-AR-10001026,Office Supplies,0.0,0.0,2014
2014-07-30,1367.84,8,TS-21430,West,FUR-BO-10002916,Furniture,0.0,0.0,2014
2014-11-10,3.9,2,SC-20020,Central,OFF-AR-10001149,Office Supplies,0.0,0.0,2014
2014-11-10,12.84,3,SC-20020,Central,OFF-PA-10000130,Office Supplies,0.0,0.0,2014
2014-11-10,15.84,3,SC-20020,Central,OFF-PA-10002479,Office Supplies,0.0,0.0,2014
2014-11-10,563.94,3,SC-20020,Central,FUR-CH-10004997,Furniture,0.0,0.0,2014
2014-11-10,62.94,3,SC-20020,Central,OFF-ST-10004950,Office Supplies,0.0,0.0,2014
2014-11-10,535.41,3,SC-20020,Central,OFF-ST-10001490,Office Supplies,0.0,0.0,2014
2014-11-28,397.6,5,CS-12250,South,FUR-FU-10003773,Furniture,0.0,0.0,2014
2014-11-28,85.96,7,CS-12250,South,OFF-PA-10001363,Office Supplies,0.0,0.0,2014
2014-11-28,13.12,4,CS-12250,South,OFF-AR-10004757,Office Supplies,0.0,0.0,2014
2014-11-28,45.66,3,CS-12250,South,OFF-BI-10000309,Office Supplies,0.0,0.0,2014
2014-05-10,158.13,3,AI-10855,West,OFF-EN-10001434,Office Supplies,0.0,0.0,2014
2014-05-10,43.6,5,AI-10855,West,TEC-PH-10003988,Technology,0.2,-8.72,2014
2014-06-14,212.94,3,SR-20425,Central,FUR-BO-10000711,Furniture,0.0,0.0,2014
2014-11-26,81.98,2,LS-16975,West,OFF-PA-10001033,Office Supplies,0.0,0.0,2014
2014-10-18,605.34,6,LS-17200,South,FUR-CH-10004626,Furniture,0.0,0.0,2014
2014-09-20,164.22,3,DN-13690,East,FUR-FU-10004952,Furniture,0.0,0.0,2014
2014-09-20,362.94,3,DN-13690,East,FUR-BO-10001337,Furniture,0.0,0.0,2014
2014-09-20,59.98,2,DN-13690,East,TEC-AC-10003628,Technology,0.0,0.0,2014
2014-03-07,107.648,2,NP-18685,West,OFF-BI-10004224,Office Supplies,0.2,-21.5296,2014
2014-09-07,196.776,3,SZ-20035,Central,TEC-PH-10000675,Technology,0.2,-39.3552,2014
2014-09-07,2.92,2,SZ-20035,Central,OFF-BI-10000050,Office Supplies,0.8,-2.336,2014
2014-09-07,200.795,1,SZ-20035,Central,FUR-TA-10004154,Furniture,0.3,-60.23849999999999,2014
2014-09-07,46.688,4,SZ-20035,Central,TEC-AC-10002718,Technology,0.2,-9.3376,2014
2014-09-07,21.864,3,SZ-20035,Central,OFF-AR-10003179,Office Supplies,0.2,-4.372800000000001,2014
2014-09-13,340.116,6,BC-11125,Central,FUR-CH-10004698,Furniture,0.3,-102.0348,2014
2014-12-07,105.52,4,PO-18850,South,OFF-PA-10003641,Office Supplies,0.0,0.0,2014
2014-03-30,15.84,3,Dl-13600,West,OFF-ST-10002957,Office Supplies,0.0,0.0,2014
2014-03-30,44.4,3,Dl-13600,West,OFF-LA-10002312,Office Supplies,0.0,0.0,2014
2014-09-08,17.904,2,KT-16465,Central,OFF-PA-10002259,Office Supplies,0.2,-3.5808,2014
2014-09-08,966.7,5,KT-16465,Central,FUR-CH-10004287,Furniture,0.3,-290.01,2014
2014-09-08,182.112,6,KT-16465,Central,OFF-PA-10000482,Office Supplies,0.2,-36.4224,2014
2014-11-16,37.296,2,AB-10165,Central,FUR-CH-10002017,Furniture,0.3,-11.1888,2014
2014-09-21,8.544,2,JS-15940,Central,FUR-FU-10001546,Furniture,0.6,-5.1264,2014
2014-01-06,19.44,3,LS-17230,West,OFF-PA-10002005,Office Supplies,0.0,0.0,2014
2014-08-26,10.68,4,KB-16315,East,FUR-FU-10001731,Furniture,0.0,0.0,2014
2014-08-26,17.34,3,KB-16315,East,OFF-PA-10002160,Office Supplies,0.0,0.0,2014
2014-08-26,3.38,1,KB-16315,East,OFF-PA-10002659,Office Supplies,0.0,0.0,2014
2014-11-21,1.632,1,JK-15325,Central,OFF-EN-10001509,Office Supplies,0.2,-0.3264,2014
2014-11-21,267.96,5,JK-15325,Central,TEC-PH-10004922,Technology,0.2,-53.592,2014
2014-05-13,279.456,6,AH-10030,West,FUR-CH-10002439,Furniture,0.2,-55.8912,2014
2014-05-13,8.0,2,AH-10030,West,OFF-PA-10003063,Office Supplies,0.0,0.0,2014
2014-08-05,16.36,1,SS-20590,West,TEC-AC-10004510,Technology,0.0,0.0,2014
2014-08-05,15.78,2,SS-20590,West,OFF-ST-10000321,Office Supplies,0.0,0.0,2014
2014-08-05,45.98,2,SS-20590,West,OFF-AR-10004602,Office Supplies,0.0,0.0,2014
2014-01-18,64.864,4,DW-13195,West,OFF-AP-10000692,Office Supplies,0.2,-12.9728,2014
2014-12-05,348.488,7,NB-18655,East,OFF-EN-10000056,Office Supplies,0.2,-69.69760000000001,2014
2014-12-05,172.736,4,NB-18655,East,OFF-ST-10001469,Office Supplies,0.2,-34.5472,2014
2014-11-19,22.5,6,GR-14560,East,OFF-LA-10002787,Office Supplies,0.0,0.0,2014
2014-11-19,9.96,2,GR-14560,East,OFF-LA-10001569,Office Supplies,0.0,0.0,2014
2014-11-19,213.08,7,GR-14560,East,OFF-BI-10002429,Office Supplies,0.0,0.0,2014
2014-11-19,1025.88,6,GR-14560,East,FUR-BO-10000362,Furniture,0.0,0.0,2014
2014-11-18,21.98,7,JG-15805,West,OFF-PA-10003016,Office Supplies,0.0,0.0,2014
2014-10-06,15.36,2,AM-10360,Central,OFF-BI-10004099,Office Supplies,0.0,0.0,2014
2014-09-05,31.984,2,PR-18880,South,FUR-FU-10001967,Furniture,0.2,-6.396800000000001,2014
2014-07-05,19.52,2,DM-13525,South,FUR-FU-10001591,Furniture,0.2,-3.904,2014
2014-07-05,9.81,5,DM-13525,South,OFF-BI-10001787,Office Supplies,0.7,-6.867,2014
2014-07-05,213.216,3,DM-13525,South,FUR-FU-10003192,Furniture,0.2,-42.64320000000001,2014
2014-09-12,357.93,3,TA-21385,Central,OFF-SU-10000157,Office Supplies,0.0,0.0,2014
2014-09-12,57.4,5,TA-21385,Central,TEC-AC-10001542,Technology,0.0,0.0,2014
2014-09-12,331.96,2,TA-21385,Central,OFF-BI-10004519,Office Supplies,0.0,0.0,2014
2014-09-12,40.56,2,TA-21385,Central,FUR-FU-10003464,Furniture,0.0,0.0,2014
2014-03-21,16.272,1,TS-21205,South,OFF-ST-10002301,Office Supplies,0.2,-3.2544,2014
2014-01-19,32.34,10,TS-21340,West,OFF-BI-10003676,Office Supplies,0.7,-22.638,2014
2014-01-19,56.064,4,TS-21340,West,OFF-PA-10000659,Office Supplies,0.2,-11.2128,2014
2014-01-19,108.72,5,TS-21340,West,OFF-EN-10002504,Office Supplies,0.2,-21.744,2014
2014-01-19,181.47,5,TS-21340,West,FUR-BO-10001972,Furniture,0.7,-127.029,2014
2014-02-14,16.176,3,ST-20530,Central,OFF-PA-10000466,Office Supplies,0.2,-3.2352,2014
2014-09-26,585.552,3,KF-16285,West,FUR-CH-10000454,Furniture,0.2,-117.1104,2014
2014-09-26,19.44,3,KF-16285,West,OFF-PA-10004888,Office Supplies,0.0,0.0,2014
2014-03-31,1.869,1,KB-16240,South,OFF-BI-10001097,Office Supplies,0.7,-1.3083,2014
2014-12-12,23.472,3,PB-19150,South,OFF-EN-10001099,Office Supplies,0.2,-4.694400000000001,2014
2014-11-28,7.36,2,DH-13675,West,OFF-SU-10001225,Office Supplies,0.0,0.0,2014
2014-11-28,41.4,4,DH-13675,West,OFF-LA-10002043,Office Supplies,0.0,0.0,2014
2014-11-28,411.332,4,DH-13675,West,FUR-BO-10000330,Furniture,0.15,-61.6998,2014
2014-02-24,32.896,4,JH-15430,West,OFF-PA-10000174,Office Supplies,0.2,-6.5792,2014
2014-02-24,22.776,3,JH-15430,West,OFF-PA-10000069,Office Supplies,0.2,-4.5552,2014
2014-11-28,43.68,3,SG-20470,West,OFF-AP-10004859,Office Supplies,0.0,0.0,2014
2014-11-28,139.93,7,SG-20470,West,TEC-AC-10003447,Technology,0.0,0.0,2014
2014-11-12,2.672,1,DB-12970,Central,OFF-AR-10003183,Office Supplies,0.2,-0.5344000000000001,2014
2014-11-12,16.656,6,DB-12970,Central,OFF-SU-10000432,Office Supplies,0.2,-3.3312,2014
2014-11-12,79.512,3,DB-12970,Central,TEC-AC-10003832,Technology,0.2,-15.9024,2014
2014-11-12,36.288,7,DB-12970,Central,OFF-PA-10004100,Office Supplies,0.2,-7.2576,2014
2014-11-12,67.9932,1,DB-12970,Central,FUR-BO-10004467,Furniture,0.32,-21.757824,2014
2014-12-05,98.376,3,EA-14035,East,OFF-PA-10001033,Office Supplies,0.2,-19.6752,2014
2014-12-05,29.94,4,EA-14035,East,OFF-BI-10003719,Office Supplies,0.7,-20.958,2014
2014-12-05,17.472,3,EA-14035,East,OFF-PA-10003036,Office Supplies,0.2,-3.494400000000001,2014
2014-12-05,36.738,1,EA-14035,East,TEC-PH-10001870,Technology,0.4,-14.6952,2014
2014-12-05,179.94,2,EA-14035,East,TEC-PH-10001809,Technology,0.4,-71.976,2014
2014-12-15,6.16,2,JO-15280,West,FUR-FU-10003829,Furniture,0.0,0.0,2014
2014-07-19,6.096,2,EM-14140,West,OFF-BI-10001759,Office Supplies,0.2,-1.2192,2014
2014-10-13,245.98,2,ML-17395,East,FUR-CH-10002880,Furniture,0.0,0.0,2014
2014-10-13,18.94,1,ML-17395,East,OFF-BI-10004738,Office Supplies,0.0,0.0,2014
2014-10-03,55.984,2,DO-13435,East,OFF-AR-10004010,Office Supplies,0.2,-11.1968,2014
2014-10-03,14.48,5,DO-13435,East,OFF-EN-10004030,Office Supplies,0.2,-2.896,2014
2014-10-03,142.488,3,DO-13435,East,TEC-AC-10003023,Technology,0.2,-28.4976,2014
2014-09-29,6.16,2,PP-18955,West,FUR-FU-10001706,Furniture,0.0,0.0,2014
2014-09-29,2348.82,9,PP-18955,West,FUR-TA-10002958,Furniture,0.0,0.0,2014
2014-02-11,234.45,3,NF-18385,South,TEC-AC-10001432,Technology,0.0,0.0,2014
2014-02-11,1256.22,6,NF-18385,South,FUR-TA-10003715,Furniture,0.0,0.0,2014
2014-02-11,17.46,2,NF-18385,South,OFF-BI-10003291,Office Supplies,0.0,0.0,2014
2014-12-21,1325.76,6,GM-14440,West,FUR-CH-10004287,Furniture,0.2,-265.152,2014
2014-12-21,572.16,3,GM-14440,West,FUR-CH-10000595,Furniture,0.2,-114.432,2014
2014-09-23,28.8,9,JK-15640,East,OFF-PA-10003063,Office Supplies,0.2,-5.760000000000001,2014
2014-11-04,2.94,1,TH-21235,West,OFF-AR-10000940,Office Supplies,0.0,0.0,2014
2014-05-28,57.408,6,PJ-18835,West,TEC-PH-10001552,Technology,0.2,-11.4816,2014
2014-05-28,27.6,4,PJ-18835,West,TEC-AC-10004877,Technology,0.0,0.0,2014
2014-12-29,38.976,3,ZC-21910,Central,FUR-FU-10000193,Furniture,0.6,-23.3856,2014
2014-04-02,15.84,3,RD-19585,South,OFF-PA-10004248,Office Supplies,0.0,0.0,2014
2014-04-02,1049.93,7,RD-19585,South,TEC-PH-10001128,Technology,0.0,0.0,2014
2014-04-02,154.9,5,RD-19585,South,OFF-AP-10003842,Office Supplies,0.0,0.0,2014
2014-07-28,14.32,5,CK-12205,South,OFF-FA-10000621,Office Supplies,0.2,-2.864,2014
2014-07-28,129.888,6,CK-12205,South,FUR-FU-10003623,Furniture,0.2,-25.9776,2014
2014-07-28,48.944,7,CK-12205,South,OFF-EN-10000781,Office Supplies,0.2,-9.788800000000002,2014
2014-12-14,2.624,1,SS-20875,East,OFF-AR-10003829,Office Supplies,0.2,-0.5248,2014
2014-12-14,136.53,1,SS-20875,East,FUR-TA-10002645,Furniture,0.4,-54.612,2014
2014-12-14,263.96,1,SS-20875,East,TEC-AC-10003033,Technology,0.2,-52.792,2014
2014-11-03,11.64,3,RP-19390,East,OFF-SU-10002522,Office Supplies,0.0,0.0,2014
2014-03-01,5.94,3,HR-14770,East,TEC-PH-10003655,Technology,0.0,0.0,2014
2014-09-22,331.536,3,VG-21805,Central,OFF-ST-10002574,Office Supplies,0.2,-66.30720000000001,2014
2014-06-29,13.92,3,JK-15625,East,OFF-BI-10000174,Office Supplies,0.2,-2.784,2014
2014-01-20,19.36,2,MV-17485,West,OFF-PA-10002893,Office Supplies,0.0,0.0,2014
2014-01-20,19.3,2,MV-17485,West,FUR-FU-10003194,Furniture,0.0,0.0,2014
2014-05-30,355.455,3,SS-20410,Central,FUR-TA-10001539,Furniture,0.5,-177.7275,2014
2014-10-14,3.16,4,HG-15025,Central,OFF-AP-10004052,Office Supplies,0.8,-2.528,2014
2014-10-14,1999.96,5,HG-15025,Central,TEC-CO-10002095,Technology,0.2,-399.992,2014
2014-11-08,333.576,3,EB-13870,West,TEC-PH-10004447,Technology,0.2,-66.71520000000001,2014
2014-11-11,30.48,3,AP-10915,West,OFF-AR-10003156,Office Supplies,0.0,0.0,2014
2014-11-11,112.648,1,AP-10915,West,FUR-CH-10000988,Furniture,0.2,-22.5296,2014
2014-09-29,1395.54,9,LD-17005,East,OFF-ST-10002615,Office Supplies,0.0,0.0,2014
2014-09-29,117.36,4,LD-17005,East,FUR-FU-10000521,Furniture,0.0,0.0,2014
2014-09-29,18.9,3,LD-17005,East,OFF-LA-10000121,Office Supplies,0.0,0.0,2014
2014-09-29,77.52,2,LD-17005,East,OFF-PA-10001289,Office Supplies,0.0,0.0,2014
2014-08-20,421.372,2,CR-12730,Central,FUR-CH-10004495,Furniture,0.3,-126.4116,2014
2014-07-11,575.968,4,MN-17935,Central,TEC-PH-10000895,Technology,0.2,-115.1936,2014
2014-07-11,10.368,2,MN-17935,Central,OFF-PA-10000552,Office Supplies,0.2,-2.0736,2014
2014-11-26,279.96,4,LS-17245,East,TEC-PH-10002170,Technology,0.0,0.0,2014
2014-11-26,12.912,3,LS-17245,East,OFF-BI-10001078,Office Supplies,0.2,-2.5824,2014
2014-11-26,17.088,4,LS-17245,East,OFF-BI-10001031,Office Supplies,0.2,-3.4176,2014
2014-11-26,93.15,9,LS-17245,East,OFF-LA-10001158,Office Supplies,0.0,0.0,2014
2014-11-26,11.52,4,LS-17245,East,OFF-LA-10001613,Office Supplies,0.0,0.0,2014
2014-05-02,26.136,3,AR-10510,East,OFF-AP-10003971,Office Supplies,0.2,-5.2272,2014
2014-09-10,9.64,2,DA-13450,South,OFF-BI-10003314,Office Supplies,0.0,0.0,2014
2014-08-05,79.47,3,RS-19420,East,OFF-AP-10002765,Office Supplies,0.0,0.0,2014
2014-08-05,4.56,2,RS-19420,East,OFF-AR-10004165,Office Supplies,0.0,0.0,2014
2014-08-05,1133.35,5,RS-19420,East,FUR-CH-10002335,Furniture,0.0,0.0,2014
2014-05-21,447.86,7,FG-14260,East,OFF-BI-10001071,Office Supplies,0.0,0.0,2014
2014-05-21,17.94,3,FG-14260,East,OFF-PA-10003022,Office Supplies,0.0,0.0,2014
2014-05-21,245.88,6,FG-14260,East,OFF-AP-10001293,Office Supplies,0.0,0.0,2014
2014-10-16,14.352,3,LS-17245,West,OFF-BI-10000136,Office Supplies,0.2,-2.8704,2014
2014-10-16,179.97,3,LS-17245,West,TEC-AC-10003610,Technology,0.0,0.0,2014
2014-11-01,44.4,3,PL-18925,West,OFF-LA-10003498,Office Supplies,0.0,0.0,2014
2014-11-01,21.4,5,PL-18925,West,OFF-PA-10004947,Office Supplies,0.0,0.0,2014
2014-08-24,25.5,3,DW-13585,South,OFF-SU-10004661,Office Supplies,0.0,0.0,2014
2014-04-08,1215.92,8,RA-19885,South,FUR-TA-10001086,Furniture,0.0,0.0,2014
2014-10-11,7.31,1,DB-13555,South,OFF-LA-10000240,Office Supplies,0.0,0.0,2014
2014-10-11,8.92,4,DB-13555,South,FUR-FU-10002107,Furniture,0.0,0.0,2014
2014-08-25,6.28,1,JM-15265,West,FUR-FU-10000771,Furniture,0.0,0.0,2014
2014-08-25,95.1,5,JM-15265,West,TEC-AC-10002399,Technology,0.0,0.0,2014
2014-08-25,25.92,4,JM-15265,West,OFF-PA-10004983,Office Supplies,0.0,0.0,2014
2014-08-25,48.84,4,JM-15265,West,OFF-ST-10004258,Office Supplies,0.0,0.0,2014
2014-03-30,10.5,5,SG-20890,East,OFF-AR-10001231,Office Supplies,0.0,0.0,2014
2014-11-11,23.968,2,TS-21430,East,FUR-FU-10000409,Furniture,0.2,-4.793600000000001,2014
2014-11-11,521.96,4,TS-21430,East,FUR-BO-10002545,Furniture,0.5,-260.98,2014
2014-11-11,575.928,9,MA-17560,West,TEC-PH-10001425,Technology,0.2,-115.1856,2014
2014-11-11,7.78,2,MA-17560,West,OFF-AP-10001626,Office Supplies,0.0,0.0,2014
2014-11-11,123.92,4,MA-17560,West,OFF-PA-10003625,Office Supplies,0.0,0.0,2014
2014-07-20,104.85,1,CC-12145,West,OFF-PA-10000418,Office Supplies,0.0,0.0,2014
2014-07-20,8.704,2,CC-12145,West,OFF-BI-10001982,Office Supplies,0.2,-1.7408,2014
2014-07-20,19.92,4,CC-12145,West,OFF-PA-10002230,Office Supplies,0.0,0.0,2014
2014-07-20,43.02,3,CC-12145,West,FUR-FU-10003577,Furniture,0.0,0.0,2014
2014-09-07,429.9,5,RB-19465,Central,FUR-TA-10001039,Furniture,0.0,0.0,2014
2014-09-07,32.06,2,RB-19465,Central,OFF-BI-10000474,Office Supplies,0.0,0.0,2014
2014-09-07,161.96,2,RB-19465,Central,FUR-CH-10004698,Furniture,0.0,0.0,2014
2014-09-07,19.86,2,RB-19465,Central,OFF-ST-10003327,Office Supplies,0.0,0.0,2014
2014-12-10,338.352,3,SH-19975,West,FUR-CH-10001708,Furniture,0.2,-67.6704,2014
2014-12-10,25.92,4,SH-19975,West,OFF-PA-10000019,Office Supplies,0.0,0.0,2014
2014-12-10,91.36,4,SH-19975,West,OFF-PA-10002222,Office Supplies,0.0,0.0,2014
2014-12-13,87.96,3,RF-19345,West,FUR-FU-10002553,Furniture,0.2,-17.592,2014
2014-12-13,5.214,2,RF-19345,West,OFF-BI-10002103,Office Supplies,0.7,-3.6498,2014
2014-04-06,91.96,2,AY-10555,West,FUR-FU-10000747,Furniture,0.0,0.0,2014
2014-04-06,33.11,7,AY-10555,West,FUR-FU-10001918,Furniture,0.0,0.0,2014
2014-04-06,19.44,3,AY-10555,West,OFF-PA-10003309,Office Supplies,0.0,0.0,2014
2014-04-06,55.48,1,AY-10555,West,OFF-PA-10001977,Office Supplies,0.0,0.0,2014
2014-10-05,91.92,5,BD-11635,East,OFF-AP-10002892,Office Supplies,0.2,-18.384,2014
2014-11-17,7.08,3,CB-12025,Central,OFF-EN-10002600,Office Supplies,0.2,-1.416,2014
2014-03-02,11.36,2,KN-16705,East,OFF-EN-10001990,Office Supplies,0.0,0.0,2014
2014-03-02,36.4,5,KN-16705,East,OFF-PA-10000587,Office Supplies,0.0,0.0,2014
2014-12-30,27.968,2,GA-14725,East,TEC-AC-10004859,Technology,0.2,-5.5936,2014
2014-02-18,25.16,5,TB-21595,Central,FUR-FU-10002396,Furniture,0.6,-15.096,2014
2014-12-20,19.432,2,WB-21850,Central,OFF-AP-10001563,Office Supplies,0.8,-15.5456,2014
2014-12-20,65.44,5,WB-21850,Central,TEC-AC-10004510,Technology,0.2,-13.088,2014
2014-10-25,49.408,4,AH-10030,West,OFF-BI-10002353,Office Supplies,0.2,-9.8816,2014
2014-12-27,767.214,14,TB-21190,East,FUR-CH-10004477,Furniture,0.1,-76.7214,2014
2014-03-30,205.666,2,GA-14725,West,FUR-BO-10001337,Furniture,0.15,-30.8499,2014
2014-12-22,11.76,4,KM-16660,West,OFF-AR-10003394,Office Supplies,0.0,0.0,2014
2014-03-18,1198.33,10,EK-13795,West,FUR-BO-10004218,Furniture,0.15,-179.7495,2014
2014-03-19,323.976,3,MC-17605,South,TEC-PH-10004667,Technology,0.2,-64.79520000000001,2014
2014-03-19,11.808,4,MC-17605,South,OFF-LA-10000443,Office Supplies,0.2,-2.3616,2014
2014-03-19,26.16,3,MC-17605,South,OFF-ST-10000918,Office Supplies,0.2,-5.232,2014
2014-03-19,33.57,5,MC-17605,South,OFF-BI-10001196,Office Supplies,0.7,-23.499,2014
2014-03-19,4.992,3,MC-17605,South,FUR-FU-10003981,Furniture,0.2,-0.9984000000000001,2014
2014-03-19,20.016,3,MC-17605,South,FUR-FU-10002508,Furniture,0.2,-4.0032,2014
2014-03-19,170.24,2,MC-17605,South,TEC-AC-10002647,Technology,0.2,-34.048,2014
2014-08-27,13.36,2,MM-17920,South,OFF-PA-10002986,Office Supplies,0.0,0.0,2014
2014-08-02,26.7,5,NZ-18565,Central,OFF-BI-10001758,Office Supplies,0.0,0.0,2014
2014-08-02,21.2,2,NZ-18565,Central,TEC-AC-10003237,Technology,0.0,0.0,2014
2014-08-02,838.38,2,NZ-18565,Central,OFF-ST-10002011,Office Supplies,0.0,0.0,2014
2014-10-11,7.64,1,AS-10240,West,OFF-EN-10001219,Office Supplies,0.0,0.0,2014
2014-11-02,88.776,3,PO-18850,Central,TEC-PH-10002923,Technology,0.2,-17.7552,2014
2014-12-21,18.24,2,DP-13390,South,OFF-BI-10000977,Office Supplies,0.7,-12.768,2014
2014-12-02,2.394,1,MC-17575,Central,OFF-AP-10004249,Office Supplies,0.8,-1.9152,2014
2014-04-07,58.32,9,VM-21685,South,OFF-PA-10003441,Office Supplies,0.0,0.0,2014
2014-04-07,200.97,3,VM-21685,South,TEC-PH-10004922,Technology,0.0,0.0,2014
2014-11-03,3.488,2,AT-10735,South,OFF-PA-10000141,Office Supplies,0.2,-0.6976,2014
2014-11-03,143.856,9,AT-10735,South,OFF-PA-10001019,Office Supplies,0.2,-28.7712,2014
2014-07-08,502.488,3,EB-13705,West,FUR-TA-10003715,Furniture,0.2,-100.4976,2014
2014-07-08,196.704,6,EB-13705,West,OFF-BI-10001597,Office Supplies,0.2,-39.3408,2014
2014-09-16,33.552,1,RF-19345,East,OFF-BI-10002931,Office Supplies,0.2,-6.7104,2014
2014-12-28,1737.18,6,AJ-10780,East,OFF-AP-10002651,Office Supplies,0.0,0.0,2014
2014-12-28,704.25,5,AJ-10780,East,OFF-ST-10000689,Office Supplies,0.0,0.0,2014
2014-12-28,141.76,4,AJ-10780,East,OFF-PA-10003302,Office Supplies,0.0,0.0,2014
2014-10-21,36.36,3,SF-20965,West,OFF-BI-10001460,Office Supplies,0.2,-7.272,2014
2014-06-06,24.588,3,SB-20170,Central,OFF-BI-10002794,Office Supplies,0.8,-19.6704,2014
2014-06-06,13.984,2,SB-20170,Central,OFF-EN-10000461,Office Supplies,0.2,-2.7968,2014
2014-09-11,127.95,3,LW-17125,West,FUR-FU-10004006,Furniture,0.0,0.0,2014
2014-11-24,151.92,4,NG-18355,Central,OFF-AR-10000380,Office Supplies,0.0,0.0,2014
2014-11-24,196.62,2,NG-18355,Central,OFF-LA-10003930,Office Supplies,0.0,0.0,2014
2014-11-24,144.12,3,NG-18355,Central,OFF-PA-10001815,Office Supplies,0.0,0.0,2014
2014-11-24,15.96,2,NG-18355,Central,OFF-PA-10004082,Office Supplies,0.0,0.0,2014
2014-10-13,7.752,3,SP-20545,East,OFF-BI-10002764,Office Supplies,0.2,-1.5504,2014
2014-06-03,15.28,2,RB-19795,Central,OFF-EN-10004459,Office Supplies,0.0,0.0,2014
2014-06-17,65.97,3,DB-13660,East,TEC-MA-10000423,Technology,0.0,0.0,2014
2014-01-20,13.98,1,XP-21865,Central,OFF-ST-10000760,Office Supplies,0.0,0.0,2014
2014-01-20,272.94,3,XP-21865,Central,FUR-FU-10002918,Furniture,0.0,0.0,2014
2014-01-20,19.05,5,XP-21865,Central,OFF-BI-10000605,Office Supplies,0.0,0.0,2014
2014-01-20,247.716,4,XP-21865,Central,OFF-AP-10002311,Office Supplies,0.1,-24.7716,2014
2014-01-20,66.58,2,XP-21865,Central,OFF-ST-10003123,Office Supplies,0.0,0.0,2014
2014-01-20,43.92,3,XP-21865,Central,OFF-AR-10004456,Office Supplies,0.0,0.0,2014
2014-01-20,14.73,3,XP-21865,Central,FUR-FU-10002268,Furniture,0.0,0.0,2014
2014-01-20,29.7,5,XP-21865,Central,OFF-BI-10004364,Office Supplies,0.0,0.0,2014
2014-07-11,49.12,4,MH-17455,East,OFF-PA-10001970,Office Supplies,0.0,0.0,2014
2014-07-11,18.28,5,MH-17455,East,OFF-BI-10002954,Office Supplies,0.2,-3.656000000000001,2014
2014-10-06,83.92,5,JD-16015,East,OFF-ST-10000642,Office Supplies,0.2,-16.784,2014
2014-11-25,51.016,7,SE-20110,West,OFF-AR-10003179,Office Supplies,0.2,-10.2032,2014
2014-04-29,561.584,2,LA-16780,South,FUR-CH-10001394,Furniture,0.2,-112.3168,2014
2014-04-29,99.92,5,LA-16780,South,OFF-ST-10000798,Office Supplies,0.2,-19.984,2014
2014-04-08,49.792,8,PC-19000,West,OFF-FA-10001883,Office Supplies,0.2,-9.958400000000001,2014
2014-01-30,10.56,2,MV-18190,Central,OFF-PA-10001204,Office Supplies,0.0,0.0,2014
2014-01-30,229.94,2,MV-18190,Central,OFF-ST-10000991,Office Supplies,0.0,0.0,2014
2014-07-26,111.93,7,JO-15145,West,TEC-AC-10002006,Technology,0.0,0.0,2014
2014-11-03,25.984,2,SH-20395,South,OFF-ST-10001558,Office Supplies,0.2,-5.196800000000001,2014
2014-11-03,945.036,6,SH-20395,South,FUR-TA-10001768,Furniture,0.4,-378.0144,2014
2014-11-03,14.301,7,SH-20395,South,OFF-BI-10002982,Office Supplies,0.7,-10.0107,2014
2014-11-03,410.352,3,SH-20395,South,FUR-FU-10001468,Furniture,0.2,-82.0704,2014
2014-10-04,589.41,5,CC-12220,East,FUR-CH-10003298,Furniture,0.1,-58.941,2014
2014-08-05,135.99,1,SP-20650,East,TEC-PH-10002468,Technology,0.0,0.0,2014
2014-08-05,15.96,7,SP-20650,East,OFF-AR-10004165,Office Supplies,0.0,0.0,2014
2014-06-06,100.24,10,VT-21700,Central,OFF-LA-10001074,Office Supplies,0.2,-20.048,2014
2014-01-14,61.96,4,BS-11590,East,FUR-BO-10003433,Furniture,0.5,-30.98,2014
2014-09-15,103.936,4,MF-18250,East,FUR-FU-10000222,Furniture,0.2,-20.7872,2014
2014-11-02,539.964,6,LC-17050,East,TEC-PH-10001299,Technology,0.4,-215.9856,2014
2014-11-02,50.232,7,LC-17050,East,TEC-PH-10001552,Technology,0.4,-20.0928,2014
2014-11-02,19.242,3,LC-17050,East,OFF-BI-10001098,Office Supplies,0.7,-13.4694,2014
2014-12-22,216.4,4,BT-11530,East,OFF-ST-10004946,Office Supplies,0.0,0.0,2014
2014-02-23,6.936,3,MG-17875,Central,OFF-LA-10004425,Office Supplies,0.2,-1.3872,2014
2014-02-23,4.428,3,MG-17875,Central,OFF-BI-10000320,Office Supplies,0.8,-3.5424,2014
2014-11-17,2152.776,3,GT-14710,East,OFF-BI-10001359,Office Supplies,0.2,-430.5552,2014
2014-11-17,4007.84,10,GT-14710,East,FUR-BO-10002213,Furniture,0.2,-801.5680000000001,2014
2014-10-20,328.59,3,FH-14365,South,FUR-TA-10003008,Furniture,0.4,-131.436,2014
2014-10-20,98.352,3,FH-14365,South,OFF-ST-10000934,Office Supplies,0.2,-19.6704,2014
2014-03-01,634.116,6,VF-21715,Central,FUR-CH-10000863,Furniture,0.3,-190.2348,2014
2014-03-01,17.472,3,VF-21715,Central,OFF-PA-10003036,Office Supplies,0.2,-3.494400000000001,2014
2014-10-20,319.968,4,LS-16975,Central,TEC-AC-10001606,Technology,0.2,-63.99360000000001,2014
2014-10-20,505.32,3,LS-16975,Central,OFF-ST-10003805,Office Supplies,0.2,-101.064,2014
2014-10-20,3.808,1,LS-16975,Central,OFF-PA-10002109,Office Supplies,0.2,-0.7616,2014
2014-10-20,8.682,1,LS-16975,Central,OFF-BI-10000632,Office Supplies,0.8,-6.945600000000001,2014
2014-10-20,24.424,1,LS-16975,Central,OFF-LA-10003510,Office Supplies,0.2,-4.8848,2014
2014-05-07,16.14,3,CT-11995,East,OFF-BI-10001078,Office Supplies,0.0,0.0,2014
2014-05-07,194.25,2,CT-11995,East,FUR-TA-10003469,Furniture,0.3,-58.275,2014
2014-05-07,8.64,3,CT-11995,East,OFF-AR-10002578,Office Supplies,0.0,0.0,2014
2014-05-07,872.32,4,CT-11995,East,FUR-CH-10004675,Furniture,0.0,0.0,2014
2014-04-18,2.688,2,KM-16720,Central,OFF-AR-10001868,Office Supplies,0.2,-0.5376000000000001,2014
2014-04-18,317.058,3,KM-16720,Central,FUR-CH-10002602,Furniture,0.3,-95.11739999999999,2014
2014-04-18,149.352,3,KM-16720,Central,OFF-EN-10000056,Office Supplies,0.2,-29.8704,2014
2014-04-18,227.976,3,KM-16720,Central,TEC-AC-10000474,Technology,0.2,-45.59520000000001,2014
2014-08-25,1007.944,7,MW-18220,West,TEC-PH-10000895,Technology,0.2,-201.5888,2014
2014-03-23,9.912,3,BG-11740,South,OFF-LA-10004484,Office Supplies,0.2,-1.9824,2014
2014-06-06,1.365,1,SV-20785,South,OFF-BI-10002557,Office Supplies,0.7,-0.9554999999999999,2014
2014-06-06,62.016,2,SV-20785,South,OFF-PA-10002319,Office Supplies,0.2,-12.4032,2014
2014-12-02,60.72,3,ON-18715,East,FUR-FU-10003849,Furniture,0.0,0.0,2014
2014-12-02,146.82,3,ON-18715,East,OFF-PA-10002923,Office Supplies,0.0,0.0,2014
2014-12-02,239.84,8,ON-18715,East,FUR-CH-10004754,Furniture,0.0,0.0,2014
2014-12-02,15.66,6,ON-18715,East,OFF-LA-10000634,Office Supplies,0.0,0.0,2014
2014-09-06,41.88,6,VP-21760,West,FUR-FU-10001487,Furniture,0.0,0.0,2014
2014-09-06,58.48,8,VP-21760,West,OFF-LA-10001934,Office Supplies,0.0,0.0,2014
2014-12-14,6999.96,4,TB-21400,East,TEC-MA-10001127,Technology,0.0,0.0,2014
2014-05-23,12.96,2,EH-13990,West,OFF-PA-10003177,Office Supplies,0.0,0.0,2014
2014-10-31,1421.664,8,AJ-10780,East,FUR-TA-10003954,Furniture,0.4,-568.6656,2014
2014-08-23,49.568,2,RB-19645,West,OFF-BI-10001575,Office Supplies,0.2,-9.9136,2014
2014-10-10,46.872,7,SD-20485,West,FUR-FU-10003724,Furniture,0.2,-9.3744,2014
2014-11-05,20.04,6,DE-13255,West,FUR-FU-10000320,Furniture,0.0,0.0,2014
2014-04-13,7.83,3,BF-11170,East,OFF-LA-10002368,Office Supplies,0.0,0.0,2014
2014-07-04,177.536,4,KE-16420,West,OFF-PA-10001977,Office Supplies,0.2,-35.5072,2014
2014-07-04,32.432,2,KE-16420,West,OFF-AP-10000692,Office Supplies,0.2,-6.486400000000001,2014
2014-05-26,102.624,3,MM-18055,Central,OFF-ST-10001837,Office Supplies,0.2,-20.5248,2014
2014-05-26,359.772,2,MM-18055,Central,FUR-CH-10003981,Furniture,0.3,-107.9316,2014
2014-05-26,13.392,3,MM-18055,Central,OFF-AR-10000716,Office Supplies,0.2,-2.6784,2014
2014-08-12,196.21,7,CS-12175,East,OFF-BI-10002854,Office Supplies,0.0,0.0,2014
2014-08-15,62.94,3,CS-12355,East,OFF-BI-10001989,Office Supplies,0.0,0.0,2014
2014-10-05,99.98,2,KH-16510,West,TEC-AC-10002800,Technology,0.0,0.0,2014
2014-11-22,9.96,2,RB-19645,South,OFF-PA-10001752,Office Supplies,0.0,0.0,2014
2014-06-17,6.24,3,GH-14425,West,FUR-FU-10003981,Furniture,0.0,0.0,2014
2014-06-17,17.9,5,GH-14425,West,OFF-FA-10000624,Office Supplies,0.0,0.0,2014
2014-06-17,3266.376,3,GH-14425,West,OFF-BI-10004995,Office Supplies,0.2,-653.2752,2014
2014-07-06,478.48,2,BC-11125,West,FUR-CH-10000155,Furniture,0.2,-95.69600000000001,2014
2014-04-20,59.92,4,BP-11230,West,FUR-FU-10000409,Furniture,0.0,0.0,2014
2014-10-17,10.78,5,TB-21520,Central,OFF-BI-10003676,Office Supplies,0.8,-8.624,2014
2014-10-17,119.976,3,TB-21520,Central,TEC-AC-10001314,Technology,0.2,-23.9952,2014
2014-09-13,2.502,3,LH-16900,East,OFF-BI-10004022,Office Supplies,0.7,-1.7514,2014
2014-12-22,132.16,1,NP-18700,Central,OFF-ST-10000585,Office Supplies,0.2,-26.432,2014
2014-12-22,17.904,6,NP-18700,Central,OFF-BI-10002824,Office Supplies,0.8,-14.3232,2014
2014-12-22,124.032,4,NP-18700,Central,OFF-PA-10001289,Office Supplies,0.2,-24.8064,2014
2014-12-16,1403.92,5,SH-20635,West,FUR-CH-10001854,Furniture,0.2,-280.784,2014
2014-07-14,13.494,1,ST-20530,East,TEC-PH-10002070,Technology,0.4,-5.397600000000001,2014
2014-07-14,23.988,2,ST-20530,East,TEC-PH-10002583,Technology,0.4,-9.5952,2014
2014-07-14,31.984,2,ST-20530,East,FUR-FU-10001057,Furniture,0.2,-6.396800000000001,2014
2014-07-14,41.584,2,ST-20530,East,OFF-AR-10001044,Office Supplies,0.2,-8.3168,2014
2014-06-15,36.544,2,PS-18760,Central,OFF-PA-10001952,Office Supplies,0.2,-7.3088,2014
2014-09-23,11.12,4,TH-21115,East,OFF-BI-10004876,Office Supplies,0.0,0.0,2014
2014-11-07,5.92,4,BP-11095,East,OFF-FA-10000611,Office Supplies,0.0,0.0,2014
2014-11-07,30.18,3,BP-11095,East,OFF-PA-10000246,Office Supplies,0.0,0.0,2014
2014-08-19,289.24,7,DW-13195,West,FUR-FU-10000723,Furniture,0.0,0.0,2014
2014-08-19,69.456,2,DW-13195,West,OFF-BI-10000632,Office Supplies,0.2,-13.8912,2014
2014-12-23,5.184,1,ME-18010,Central,OFF-PA-10000223,Office Supplies,0.2,-1.0368,2014
2014-12-15,8.544,2,SP-20860,Central,FUR-FU-10001546,Furniture,0.6,-5.1264,2014
2014-05-23,17.96,5,GT-14710,East,OFF-BI-10000829,Office Supplies,0.2,-3.592000000000001,2014
2014-05-23,5.04,2,GT-14710,East,OFF-SU-10003002,Office Supplies,0.0,0.0,2014
2014-05-23,208.16,1,GT-14710,East,OFF-AP-10002118,Office Supplies,0.0,0.0,2014
2014-03-11,146.76,3,FM-14215,South,OFF-AP-10002578,Office Supplies,0.0,0.0,2014
2014-03-11,32.96,2,FM-14215,South,TEC-AC-10000710,Technology,0.0,0.0,2014
2014-03-11,587.97,3,FM-14215,South,TEC-PH-10000984,Technology,0.0,0.0,2014
2014-03-11,14.94,3,FM-14215,South,OFF-PA-10000213,Office Supplies,0.0,0.0,2014
2014-08-23,15.552,3,AP-10915,West,OFF-PA-10001837,Office Supplies,0.2,-3.1104,2014
2014-08-23,6.8,1,AP-10915,West,OFF-SU-10004661,Office Supplies,0.2,-1.36,2014
2014-08-23,4.224,3,AP-10915,West,FUR-FU-10003274,Furniture,0.2,-0.8448000000000001,2014
2014-08-23,143.64,9,AP-10915,West,TEC-PH-10000149,Technology,0.2,-28.728,2014
2014-08-23,31.104,6,AP-10915,West,OFF-PA-10000019,Office Supplies,0.2,-6.220800000000001,2014
2014-08-23,223.056,9,AP-10915,West,OFF-PA-10001125,Office Supplies,0.2,-44.6112,2014
2014-05-02,479.984,2,CS-11860,South,TEC-CO-10004202,Technology,0.2,-95.99680000000001,2014
2014-04-08,99.592,1,NM-18445,West,FUR-TA-10003748,Furniture,0.2,-19.9184,2014
2014-04-08,399.96,4,NM-18445,West,TEC-AC-10001908,Technology,0.0,0.0,2014
2014-09-25,14.576,2,BF-11005,West,OFF-AR-10003179,Office Supplies,0.2,-2.9152,2014
2014-12-06,1261.33,7,RS-19765,West,OFF-ST-10001496,Office Supplies,0.0,0.0,2014
2014-08-09,5.98,1,GM-14500,West,OFF-PA-10001667,Office Supplies,0.0,0.0,2014
2014-11-23,23.472,3,SM-20005,West,OFF-EN-10002621,Office Supplies,0.2,-4.694400000000001,2014
2014-09-21,6.57,3,LH-16750,East,OFF-BI-10000050,Office Supplies,0.7,-4.599,2014
2014-10-18,61.96,2,IG-15085,West,OFF-PA-10000167,Office Supplies,0.0,0.0,2014
2014-10-18,1.344,1,IG-15085,West,OFF-BI-10003784,Office Supplies,0.2,-0.2688,2014
2014-01-20,67.194,1,MM-18280,South,OFF-BI-10003091,Office Supplies,0.7,-47.0358,2014
2014-11-24,111.15,5,HP-14815,South,FUR-FU-10002045,Furniture,0.0,0.0,2014
2014-10-09,88.768,2,BP-11095,South,OFF-PA-10004071,Office Supplies,0.2,-17.7536,2014
2014-07-04,21.84,3,MS-17770,South,OFF-PA-10004734,Office Supplies,0.0,0.0,2014
2014-07-04,15.6,5,MS-17770,South,OFF-BI-10000145,Office Supplies,0.0,0.0,2014
2014-04-22,247.84,8,AH-10030,East,OFF-EN-10004773,Office Supplies,0.0,0.0,2014
2014-04-22,9.912,3,AH-10030,East,OFF-BI-10004970,Office Supplies,0.2,-1.9824,2014
2014-07-22,11.52,4,NP-18325,West,OFF-AR-10003190,Office Supplies,0.0,0.0,2014
2014-07-22,717.72,3,NP-18325,West,FUR-CH-10000155,Furniture,0.2,-143.544,2014
2014-07-22,236.5,10,NP-18325,West,OFF-ST-10003058,Office Supplies,0.0,0.0,2014
2014-07-22,170.352,3,NP-18325,West,FUR-TA-10004767,Furniture,0.2,-34.0704,2014
2014-01-06,12.78,3,JO-15145,South,OFF-AR-10002399,Office Supplies,0.0,0.0,2014
2014-04-26,21.4,5,MH-17290,West,OFF-AR-10003504,Office Supplies,0.0,0.0,2014
2014-04-26,12.6,2,MH-17290,West,OFF-LA-10000305,Office Supplies,0.0,0.0,2014
2014-12-29,8.736,3,MG-17890,Central,FUR-FU-10002111,Furniture,0.6,-5.2416,2014
2014-07-20,89.712,6,RD-19720,West,OFF-BI-10002498,Office Supplies,0.2,-17.9424,2014
2014-07-20,22.83,3,RD-19720,West,OFF-PA-10004569,Office Supplies,0.0,0.0,2014
2014-12-07,8.64,3,FP-14320,West,OFF-AR-10003190,Office Supplies,0.0,0.0,2014
2014-03-03,15.12,3,JS-15595,East,OFF-LA-10000305,Office Supplies,0.2,-3.024,2014
2014-03-03,302.45,5,JS-15595,East,FUR-BO-10001972,Furniture,0.5,-151.225,2014
2014-03-03,44.672,8,JS-15595,East,OFF-ST-10002486,Office Supplies,0.2,-8.9344,2014
2014-11-23,155.372,2,DK-12835,Central,FUR-CH-10001973,Furniture,0.3,-46.6116,2014
2014-11-02,799.92,10,JK-16120,South,TEC-AC-10004171,Technology,0.2,-159.984,2014
2014-09-02,559.71,3,AG-10525,Central,TEC-MA-10002210,Technology,0.4,-223.884,2014
2014-05-04,37.84,2,NC-18340,Central,OFF-AR-10001725,Office Supplies,0.2,-7.568000000000001,2014
2014-05-04,5.472,6,NC-18340,Central,OFF-FA-10000840,Office Supplies,0.2,-1.0944,2014
2014-11-18,292.1,4,JK-15730,Central,FUR-TA-10002533,Furniture,0.5,-146.05,2014
2014-11-18,8.544,2,JK-15730,Central,FUR-FU-10001546,Furniture,0.6,-5.1264,2014
2014-11-18,424.116,6,JK-15730,Central,FUR-BO-10003546,Furniture,0.3,-127.2348,2014
2014-11-18,2.892,3,JK-15730,Central,OFF-BI-10004728,Office Supplies,0.8,-2.3136,2014
2014-11-18,381.72,5,JK-15730,Central,OFF-ST-10000025,Office Supplies,0.2,-76.34400000000001,2014
2014-03-29,890.841,3,MG-18145,Central,FUR-TA-10001889,Furniture,0.3,-267.2523,2014
2014-03-18,111.0,2,SC-20050,West,FUR-FU-10004597,Furniture,0.0,0.0,2014
2014-03-18,1279.968,4,SC-20050,West,TEC-MA-10001148,Technology,0.2,-255.9936,2014
2014-03-18,1856.19,7,SC-20050,West,OFF-ST-10000078,Office Supplies,0.0,0.0,2014
2014-12-20,192.186,3,SM-20950,East,FUR-CH-10004875,Furniture,0.1,-19.2186,2014
2014-07-26,67.88,2,SG-20470,South,FUR-CH-10000553,Furniture,0.0,0.0,2014
2014-07-26,162.89,13,SG-20470,South,OFF-LA-10002762,Office Supplies,0.0,0.0,2014
2014-07-26,25.71,3,SG-20470,South,FUR-FU-10000719,Furniture,0.0,0.0,2014
2014-12-26,191.88,6,TB-21520,East,OFF-ST-10000563,Office Supplies,0.0,0.0,2014
2014-03-03,176.772,3,SC-20020,Central,OFF-AP-10002534,Office Supplies,0.8,-141.4176,2014
2014-12-30,251.964,6,AR-10345,East,TEC-PH-10002170,Technology,0.4,-100.7856,2014
2014-12-30,523.764,3,AR-10345,East,FUR-TA-10004575,Furniture,0.4,-209.5056,2014
2014-10-28,257.98,2,BT-11395,Central,TEC-PH-10001336,Technology,0.0,0.0,2014
2014-09-19,92.52,6,MC-18130,West,OFF-ST-10001321,Office Supplies,0.0,0.0,2014
2014-09-30,795.408,6,DM-12955,East,OFF-AP-10003217,Office Supplies,0.2,-159.0816,2014
2014-07-12,35.856,9,ME-17725,Central,OFF-PA-10001526,Office Supplies,0.2,-7.171200000000001,2014
2014-07-12,23.84,4,ME-17725,Central,TEC-AC-10002857,Technology,0.2,-4.768,2014
2014-04-08,172.11,1,JS-15880,East,FUR-TA-10004442,Furniture,0.4,-68.84400000000001,2014
2014-07-23,99.98,2,AG-10270,East,TEC-AC-10001314,Technology,0.0,0.0,2014
2014-03-17,11.43,3,MH-17440,South,OFF-BI-10000605,Office Supplies,0.0,0.0,2014
2014-03-17,30.44,2,MH-17440,South,OFF-BI-10000309,Office Supplies,0.0,0.0,2014
2014-03-17,12.96,2,MH-17440,South,OFF-PA-10003349,Office Supplies,0.0,0.0,2014
2014-03-17,16.0,4,MH-17440,South,OFF-PA-10003063,Office Supplies,0.0,0.0,2014
2014-03-17,32.67,3,MH-17440,South,OFF-AP-10003971,Office Supplies,0.0,0.0,2014
2014-08-09,4.464,3,RD-19720,West,OFF-FA-10004838,Office Supplies,0.2,-0.8928000000000001,2014
2014-08-09,9.345,5,RD-19720,West,OFF-BI-10001097,Office Supplies,0.7,-6.5415,2014
2014-02-15,21.36,5,BF-11020,West,OFF-BI-10001031,Office Supplies,0.2,-4.272,2014
2014-12-09,10.688,2,VP-21760,Central,OFF-PA-10001804,Office Supplies,0.2,-2.1376,2014
2014-12-09,237.096,3,VP-21760,Central,OFF-ST-10000036,Office Supplies,0.2,-47.4192,2014
2014-09-15,14.94,3,AA-10315,East,OFF-PA-10000349,Office Supplies,0.0,0.0,2014
2014-09-15,14.56,2,AA-10315,East,FUR-FU-10002456,Furniture,0.0,0.0,2014
2014-01-06,2573.82,9,ME-17320,South,FUR-CH-10004063,Furniture,0.0,0.0,2014
2014-01-06,609.98,2,ME-17320,South,OFF-BI-10004632,Office Supplies,0.0,0.0,2014
2014-01-06,5.48,2,ME-17320,South,OFF-AR-10001662,Office Supplies,0.0,0.0,2014
2014-01-06,391.98,2,ME-17320,South,TEC-PH-10004977,Technology,0.0,0.0,2014
2014-01-06,755.96,4,ME-17320,South,TEC-PH-10004539,Technology,0.0,0.0,2014
2014-01-06,31.12,4,ME-17320,South,OFF-FA-10001883,Office Supplies,0.0,0.0,2014
2014-01-06,6.54,1,ME-17320,South,OFF-PA-10000955,Office Supplies,0.0,0.0,2014
2014-09-23,18.464,4,JP-16135,East,OFF-BI-10004654,Office Supplies,0.2,-3.6928,2014
2014-12-15,445.802,7,EB-13705,East,FUR-CH-10003774,Furniture,0.3,-133.7406,2014
2014-11-02,46.384,2,SH-20395,West,TEC-PH-10001615,Technology,0.2,-9.2768,2014
2014-11-02,362.92,2,SH-20395,West,OFF-ST-10003208,Office Supplies,0.0,0.0,2014
2014-09-10,21.728,7,CL-12565,West,OFF-EN-10003072,Office Supplies,0.2,-4.3456,2014
2014-09-10,1487.04,5,CL-12565,West,FUR-CH-10003973,Furniture,0.2,-297.408,2014
2014-10-10,719.952,6,CM-12715,Central,TEC-PH-10001128,Technology,0.2,-143.9904,2014
2014-10-10,755.944,7,CM-12715,Central,TEC-PH-10004667,Technology,0.2,-151.1888,2014
2014-10-10,11.98,5,CM-12715,Central,OFF-BI-10004817,Office Supplies,0.8,-9.584000000000001,2014
2014-10-10,0.898,1,CM-12715,Central,OFF-BI-10004140,Office Supplies,0.8,-0.7184,2014
2014-11-20,34.74,3,KH-16330,East,OFF-EN-10002592,Office Supplies,0.0,0.0,2014
2014-11-20,833.94,6,KH-16330,East,TEC-PH-10004447,Technology,0.0,0.0,2014
2014-11-20,12.96,3,KH-16330,East,OFF-BI-10003669,Office Supplies,0.2,-2.592000000000001,2014
2014-11-20,25.92,4,KH-16330,East,OFF-PA-10000223,Office Supplies,0.0,0.0,2014
2014-05-10,349.965,7,AF-10885,East,FUR-BO-10004467,Furniture,0.5,-174.9825,2014
2014-05-10,22.32,5,AF-10885,East,OFF-AR-10000716,Office Supplies,0.2,-4.464,2014
2014-11-01,533.94,3,DL-12925,East,OFF-AP-10002518,Office Supplies,0.0,0.0,2014
2014-11-01,167.94,3,DL-12925,East,OFF-PA-10000806,Office Supplies,0.0,0.0,2014
2014-11-01,31.68,6,DL-12925,East,FUR-FU-10003142,Furniture,0.0,0.0,2014
2014-12-05,26.46,9,RL-19615,West,OFF-AR-10003045,Office Supplies,0.0,0.0,2014
2014-12-05,49.12,4,RL-19615,West,OFF-PA-10001363,Office Supplies,0.0,0.0,2014
2014-12-05,15.0,3,RL-19615,West,OFF-FA-10002280,Office Supplies,0.0,0.0,2014
2014-10-21,194.7,5,FH-14275,South,OFF-ST-10003479,Office Supplies,0.0,0.0,2014
2014-10-21,591.32,4,FH-14275,South,FUR-TA-10004607,Furniture,0.0,0.0,2014
2014-10-21,2.84,1,FH-14275,South,OFF-AR-10001022,Office Supplies,0.0,0.0,2014
2014-11-02,41.94,2,SW-20755,West,TEC-AC-10000023,Technology,0.0,0.0,2014
2014-11-02,52.792,1,SW-20755,West,TEC-PH-10001750,Technology,0.2,-10.5584,2014
2014-03-21,3499.93,7,KH-16690,South,TEC-PH-10000730,Technology,0.0,0.0,2014
2014-03-21,14.4,5,KH-16690,South,OFF-LA-10004409,Office Supplies,0.0,0.0,2014
2014-03-21,122.97,3,KH-16690,South,OFF-PA-10000675,Office Supplies,0.0,0.0,2014
2014-03-21,9.32,4,KH-16690,South,OFF-AR-10001573,Office Supplies,0.0,0.0,2014
2014-03-21,122.94,3,KH-16690,South,OFF-BI-10001597,Office Supplies,0.0,0.0,2014
2014-09-17,5.248,2,JA-15970,West,OFF-AR-10001473,Office Supplies,0.2,-1.0496,2014
2014-09-17,38.256,3,JA-15970,West,OFF-AR-10000411,Office Supplies,0.2,-7.6512,2014
2014-09-17,40.24,5,JA-15970,West,OFF-PA-10000246,Office Supplies,0.2,-8.048,2014
2014-09-17,29.925,5,JA-15970,West,TEC-MA-10004086,Technology,0.7,-20.9475,2014
2014-09-17,148.704,6,JA-15970,West,OFF-PA-10003039,Office Supplies,0.2,-29.7408,2014
2014-09-17,55.92,10,JA-15970,West,TEC-AC-10004633,Technology,0.2,-11.184,2014
2014-02-22,19.44,3,SA-20830,West,OFF-PA-10001800,Office Supplies,0.0,0.0,2014
2014-11-30,6.642,9,RF-19345,South,OFF-BI-10000201,Office Supplies,0.7,-4.6494,2014
2014-11-25,539.92,5,RB-19435,West,TEC-PH-10001580,Technology,0.2,-107.984,2014
2014-11-25,725.344,4,RB-19435,West,FUR-CH-10002335,Furniture,0.2,-145.0688,2014
2014-11-25,7.44,3,RB-19435,West,OFF-AR-10004707,Office Supplies,0.0,0.0,2014
2014-07-14,39.48,1,SS-20515,East,OFF-AP-10000576,Office Supplies,0.0,0.0,2014
2014-03-30,335.72,5,MP-17470,Central,OFF-EN-10002230,Office Supplies,0.2,-67.144,2014
2014-03-30,251.944,7,MP-17470,Central,TEC-PH-10001819,Technology,0.2,-50.3888,2014
2014-03-30,127.302,7,MP-17470,Central,FUR-CH-10002304,Furniture,0.3,-38.1906,2014
2014-09-09,1299.99,2,DL-12925,South,TEC-MA-10002073,Technology,0.5,-649.995,2014
2014-04-15,106.96,2,PS-18970,West,OFF-AP-10000240,Office Supplies,0.0,0.0,2014
2014-04-15,187.76,4,PS-18970,West,FUR-FU-10004091,Furniture,0.0,0.0,2014
2014-01-07,76.728,3,VS-21820,Central,FUR-FU-10004864,Furniture,0.6,-46.03679999999999,2014
2014-01-07,10.43,7,VS-21820,Central,OFF-BI-10003708,Office Supplies,0.8,-8.344,2014
2014-10-22,129.92,4,NB-18580,South,FUR-FU-10000193,Furniture,0.0,0.0,2014
2014-10-08,23.472,3,JG-15115,South,TEC-AC-10002331,Technology,0.2,-4.694400000000001,2014
2014-12-31,195.64,4,KM-16375,East,OFF-PA-10003228,Office Supplies,0.0,0.0,2014
2014-12-31,14.94,3,KM-16375,East,OFF-PA-10002586,Office Supplies,0.0,0.0,2014
2014-12-31,1687.8,4,KM-16375,East,TEC-AC-10002049,Technology,0.0,0.0,2014
2014-12-31,341.96,2,KM-16375,East,FUR-BO-10000362,Furniture,0.0,0.0,2014
2014-12-31,605.88,6,KM-16375,East,FUR-CH-10004218,Furniture,0.0,0.0,2014
2014-12-29,88.8,6,AI-10855,West,OFF-LA-10003923,Office Supplies,0.0,0.0,2014
2014-12-29,319.968,4,AI-10855,West,TEC-PH-10001051,Technology,0.2,-63.99360000000001,2014
2014-10-25,40.776,3,EH-14185,East,TEC-AC-10001553,Technology,0.2,-8.1552,2014
2014-10-25,13.698,3,EH-14185,East,OFF-BI-10000309,Office Supplies,0.7,-9.5886,2014
2014-12-05,250.26,6,JB-15925,West,OFF-AP-10001469,Office Supplies,0.0,0.0,2014
2014-05-30,70.368,4,JG-15160,East,OFF-BI-10003684,Office Supplies,0.2,-14.0736,2014
2014-11-21,6.58,2,SC-20680,West,OFF-PA-10001609,Office Supplies,0.0,0.0,2014
2014-11-21,94.99,1,SC-20680,West,TEC-AC-10000474,Technology,0.0,0.0,2014
2014-12-06,42.208,2,BG-11035,South,OFF-PA-10003641,Office Supplies,0.2,-8.4416,2014
2014-12-27,10.98,1,CD-12790,West,OFF-AP-10001366,Office Supplies,0.0,0.0,2014
2014-12-27,7.86,3,CD-12790,West,OFF-FA-10003485,Office Supplies,0.0,0.0,2014
2014-12-27,51.45,3,CD-12790,West,OFF-ST-10004507,Office Supplies,0.0,0.0,2014
2014-12-27,37.056,3,CD-12790,West,OFF-BI-10002353,Office Supplies,0.2,-7.4112,2014
2014-11-29,25.06,2,PB-19150,East,OFF-LA-10002762,Office Supplies,0.0,0.0,2014
2014-03-24,40.48,2,MS-17710,West,FUR-FU-10002813,Furniture,0.0,0.0,2014
2014-08-26,8.64,3,PP-18955,East,OFF-AR-10003770,Office Supplies,0.0,0.0,2014
2014-08-26,149.97,3,PP-18955,East,TEC-AC-10002800,Technology,0.0,0.0,2014
2014-05-16,232.88,5,PW-19030,West,FUR-CH-10002439,Furniture,0.2,-46.576,2014
2014-03-28,6.12,3,CV-12295,Central,OFF-EN-10001509,Office Supplies,0.0,0.0,2014
2014-03-28,1184.72,4,CV-12295,Central,FUR-TA-10003954,Furniture,0.0,0.0,2014
2014-04-19,58.05,3,AG-10390,South,OFF-BI-10003638,Office Supplies,0.0,0.0,2014
2014-04-19,71.28,11,AG-10390,South,OFF-PA-10001569,Office Supplies,0.0,0.0,2014
2014-12-09,8.448,2,TS-21205,Central,OFF-PA-10000143,Office Supplies,0.2,-1.6896,2014
2014-12-09,20.388,2,TS-21205,Central,OFF-AP-10003287,Office Supplies,0.8,-16.3104,2014
2014-05-30,25.584,2,LW-16825,East,OFF-BI-10004233,Office Supplies,0.2,-5.1168,2014
2014-05-30,464.0,5,LW-16825,East,TEC-PH-10003505,Technology,0.0,0.0,2014
2014-05-30,235.95,3,LW-16825,East,OFF-AP-10001005,Office Supplies,0.0,0.0,2014
2014-05-30,39.96,4,LW-16825,East,OFF-PA-10001712,Office Supplies,0.0,0.0,2014
2014-11-19,166.44,3,DB-13360,West,OFF-PA-10000357,Office Supplies,0.0,0.0,2014
2014-03-01,18.84,5,SC-20380,Central,OFF-FA-10004395,Office Supplies,0.2,-3.768,2014
2014-03-01,362.25,6,SC-20380,Central,FUR-CH-10001270,Furniture,0.3,-108.675,2014
2014-03-01,63.552,6,SC-20380,Central,FUR-FU-10001095,Furniture,0.6,-38.1312,2014
2014-03-01,129.552,3,SC-20380,Central,OFF-ST-10001469,Office Supplies,0.2,-25.9104,2014
2014-04-01,66.96,4,KH-16330,East,OFF-ST-10000636,Office Supplies,0.0,0.0,2014
2014-04-01,6.24,2,KH-16330,East,OFF-BI-10000145,Office Supplies,0.0,0.0,2014
2014-05-31,659.97,3,JK-15625,South,TEC-PH-10002680,Technology,0.0,0.0,2014
2014-05-31,113.73,3,JK-15625,South,TEC-PH-10002538,Technology,0.0,0.0,2014
2014-01-03,16.448,2,DP-13000,Central,OFF-PA-10000174,Office Supplies,0.2,-3.2896,2014
2014-09-10,81.92,4,SF-20065,East,OFF-AP-10004532,Office Supplies,0.0,0.0,2014
2014-09-10,254.9,5,SF-20065,East,FUR-FU-10001986,Furniture,0.0,0.0,2014
2014-05-04,12.18,7,BS-11365,West,FUR-FU-10001852,Furniture,0.0,0.0,2014
2014-05-04,57.68,4,BS-11365,West,OFF-AP-10000696,Office Supplies,0.0,0.0,2014
2014-12-01,271.9,2,AA-10645,East,TEC-PH-10004434,Technology,0.0,0.0,2014
2014-12-01,45.84,3,AA-10645,East,FUR-FU-10003878,Furniture,0.0,0.0,2014
2014-12-01,9.82,2,AA-10645,East,FUR-FU-10002268,Furniture,0.0,0.0,2014
2014-03-17,126.624,6,QJ-19255,East,OFF-PA-10003641,Office Supplies,0.2,-25.3248,2014
2014-09-09,60.672,6,NF-18595,East,FUR-FU-10002501,Furniture,0.2,-12.1344,2014
2014-09-09,30.816,9,NF-18595,East,OFF-AR-10000634,Office Supplies,0.2,-6.1632,2014
2014-07-21,4.992,3,HM-14860,Central,OFF-AP-10000124,Office Supplies,0.8,-3.9936,2014
2014-07-21,87.92,5,HM-14860,Central,OFF-EN-10003567,Office Supplies,0.2,-17.584,2014
2014-07-21,657.93,5,HM-14860,Central,FUR-CH-10004997,Furniture,0.3,-197.379,2014
2014-07-21,1.044,1,HM-14860,Central,OFF-BI-10000494,Office Supplies,0.8,-0.8352,2014
2014-09-26,5.97,5,CM-12715,East,OFF-BI-10003274,Office Supplies,0.7,-4.178999999999999,2014
2014-09-26,21.184,1,CM-12715,East,FUR-FU-10001095,Furniture,0.2,-4.236800000000001,2014
2014-09-26,41.376,6,CM-12715,East,OFF-AP-10001492,Office Supplies,0.2,-8.2752,2014
2014-07-14,17.94,3,BF-10975,East,OFF-AR-10004999,Office Supplies,0.0,0.0,2014
2014-12-07,269.36,7,AS-10630,West,OFF-ST-10000532,Office Supplies,0.0,0.0,2014
2014-12-09,30.672,3,FP-14320,East,OFF-EN-10002500,Office Supplies,0.2,-6.1344,2014
2014-12-09,1079.976,4,FP-14320,East,TEC-CO-10001766,Technology,0.4,-431.9904000000001,2014
2014-07-20,41.94,2,JD-15895,West,TEC-AC-10000023,Technology,0.0,0.0,2014
2014-07-20,11.96,2,JD-15895,West,OFF-PA-10003971,Office Supplies,0.0,0.0,2014
2014-07-20,13.12,4,JD-15895,West,OFF-AR-10003481,Office Supplies,0.0,0.0,2014
2014-07-20,535.41,3,JD-15895,West,OFF-ST-10001490,Office Supplies,0.0,0.0,2014
2014-11-09,56.52,9,BF-11215,East,FUR-FU-10004091,Furniture,0.0,0.0,2014
2014-06-20,471.9,6,Co-12640,Central,OFF-AP-10001005,Office Supplies,0.0,0.0,2014
2014-06-20,3.52,2,Co-12640,Central,OFF-AR-10003469,Office Supplies,0.0,0.0,2014
2014-01-26,10.68,2,CA-11965,Central,OFF-BI-10001758,Office Supplies,0.0,0.0,2014
2014-01-26,141.96,2,CA-11965,Central,FUR-BO-10004409,Furniture,0.0,0.0,2014
2014-07-09,2.88,1,GH-14410,West,OFF-LA-10004559,Office Supplies,0.0,0.0,2014
2014-07-09,41.904,6,GH-14410,West,OFF-BI-10003291,Office Supplies,0.2,-8.3808,2014
2014-07-09,23.92,4,GH-14410,West,OFF-ST-10001505,Office Supplies,0.0,0.0,2014
2014-10-03,4.344,3,RD-19930,Central,OFF-FA-10002676,Office Supplies,0.2,-0.8688000000000001,2014
2014-10-03,31.776,3,RD-19930,Central,FUR-FU-10000758,Furniture,0.6,-19.0656,2014
2014-10-03,4.928,2,RD-19930,Central,OFF-LA-10002271,Office Supplies,0.2,-0.9856,2014
2014-10-03,1.788,3,RD-19930,Central,OFF-BI-10002609,Office Supplies,0.8,-1.4304,2014
2014-10-03,15.072,4,RD-19930,Central,OFF-FA-10000254,Office Supplies,0.2,-3.0144,2014
2014-02-18,12.624,2,AB-10015,Central,OFF-ST-10000321,Office Supplies,0.2,-2.5248,2014
2014-09-22,169.45,5,SE-20110,West,OFF-ST-10000675,Office Supplies,0.0,0.0,2014
2014-09-22,40.68,2,SE-20110,West,OFF-ST-10002301,Office Supplies,0.0,0.0,2014
2014-09-01,23.744,2,LH-16900,East,OFF-BI-10004716,Office Supplies,0.2,-4.7488,2014
2014-09-01,357.0,3,LH-16900,East,TEC-AC-10002842,Technology,0.0,0.0,2014
2014-08-12,806.336,8,BW-11200,West,TEC-PH-10003691,Technology,0.2,-161.2672,2014
2014-08-12,85.44,3,BW-11200,West,FUR-FU-10002878,Furniture,0.0,0.0,2014
2014-08-19,344.91,3,BS-11365,South,OFF-ST-10000991,Office Supplies,0.0,0.0,2014
2014-12-30,122.94,3,AJ-10960,East,OFF-AP-10004136,Office Supplies,0.0,0.0,2014
2014-12-30,35.448,7,AJ-10960,East,OFF-BI-10003429,Office Supplies,0.2,-7.089600000000001,2014
2014-04-29,19.98,2,KH-16360,East,TEC-PH-10000376,Technology,0.0,0.0,2014
2014-08-12,31.104,6,DH-13675,South,OFF-PA-10000295,Office Supplies,0.2,-6.220800000000001,2014
2014-08-12,47.96,5,DH-13675,South,OFF-AR-10004344,Office Supplies,0.2,-9.592,2014
2014-08-12,158.928,7,DH-13675,South,TEC-AC-10002473,Technology,0.2,-31.7856,2014
2014-08-12,211.248,6,DH-13675,South,OFF-AP-10002403,Office Supplies,0.2,-42.2496,2014
2014-08-12,5.552,2,DH-13675,South,OFF-SU-10000432,Office Supplies,0.2,-1.1104,2014
2014-08-12,2.952,1,DH-13675,South,OFF-LA-10000443,Office Supplies,0.2,-0.5904,2014
2014-03-11,7.98,3,RB-19435,West,OFF-AR-10001770,Office Supplies,0.0,0.0,2014
2014-10-31,73.584,2,NL-18310,West,TEC-PH-10003092,Technology,0.2,-14.7168,2014
2014-03-01,137.352,3,GW-14605,Central,OFF-ST-10003692,Office Supplies,0.2,-27.4704,2014
2014-03-01,376.509,3,GW-14605,Central,FUR-TA-10001866,Furniture,0.3,-112.9527,2014
2014-07-12,512.358,3,PV-18985,Central,FUR-CH-10002126,Furniture,0.3,-153.7074,2014
2014-07-12,3.488,2,PV-18985,Central,OFF-FA-10001561,Office Supplies,0.2,-0.6976,2014
2014-07-12,22.288,7,PV-18985,Central,OFF-AR-10003158,Office Supplies,0.2,-4.4576,2014
2014-07-12,16.032,3,PV-18985,Central,OFF-PA-10001804,Office Supplies,0.2,-3.2064,2014
2014-12-27,23.92,4,TC-20980,South,OFF-PA-10001243,Office Supplies,0.0,0.0,2014
2014-12-27,498.0,5,TC-20980,South,TEC-AC-10003198,Technology,0.0,0.0,2014
2014-11-14,32.4,5,CC-12220,South,OFF-PA-10002262,Office Supplies,0.0,0.0,2014
2014-03-21,59.2,5,GM-14440,South,OFF-LA-10004544,Office Supplies,0.2,-11.84,2014
2014-03-21,32.952,3,GM-14440,South,FUR-FU-10001473,Furniture,0.2,-6.5904,2014
2014-03-21,218.376,3,GM-14440,South,FUR-CH-10000422,Furniture,0.2,-43.6752,2014
2014-04-11,87.08,7,MM-18055,West,OFF-ST-10000876,Office Supplies,0.0,0.0,2014
2014-04-11,105.584,2,MM-18055,West,TEC-PH-10000586,Technology,0.2,-21.1168,2014
2014-04-11,217.44,6,MM-18055,West,TEC-AC-10003399,Technology,0.0,0.0,2014
2014-09-07,27.36,4,LR-17035,West,OFF-SU-10004290,Office Supplies,0.0,0.0,2014
2014-09-07,20.56,2,LR-17035,West,OFF-PA-10000174,Office Supplies,0.0,0.0,2014
2014-09-07,83.92,5,LR-17035,West,OFF-BI-10004308,Office Supplies,0.2,-16.784,2014
2014-12-27,4.984,1,NC-18415,Central,OFF-BI-10001658,Office Supplies,0.8,-3.9872,2014
2014-09-09,10.896,3,CC-12220,Central,OFF-PA-10001622,Office Supplies,0.2,-2.1792,2014
2014-11-01,76.12,2,DG-13300,East,OFF-AP-10004708,Office Supplies,0.0,0.0,2014
2014-06-30,310.688,7,BD-11620,South,OFF-PA-10001144,Office Supplies,0.2,-62.1376,2014
2014-09-03,7.68,5,MR-17545,Central,OFF-BI-10004099,Office Supplies,0.8,-6.144,2014
2014-03-30,129.3,2,NC-18340,Central,OFF-ST-10001511,Office Supplies,0.0,0.0,2014
2014-09-14,6.048,4,SC-20260,Central,OFF-FA-10000053,Office Supplies,0.2,-1.2096,2014
2014-09-14,6.848,2,SC-20260,Central,OFF-PA-10004610,Office Supplies,0.2,-1.3696,2014
2014-09-14,9.96,5,SC-20260,Central,FUR-FU-10000550,Furniture,0.6,-5.976,2014
2014-09-14,8.552,2,SC-20260,Central,OFF-BI-10001721,Office Supplies,0.8,-6.8416,2014
2014-05-28,136.96,4,MM-17260,West,OFF-BI-10003876,Office Supplies,0.2,-27.392,2014
2014-04-28,1679.96,5,AI-10855,West,TEC-PH-10001459,Technology,0.2,-335.992,2014
2014-08-25,25.68,3,JE-15715,Central,OFF-BI-10002133,Office Supplies,0.8,-20.544,2014
2014-08-25,12.384,3,JE-15715,Central,OFF-BI-10002225,Office Supplies,0.8,-9.907200000000001,2014
2014-08-30,25.3,5,AT-10735,East,OFF-BI-10002432,Office Supplies,0.0,0.0,2014
2014-08-30,95.94,3,AT-10735,East,OFF-ST-10000563,Office Supplies,0.0,0.0,2014
2014-03-28,302.376,3,DR-12940,West,TEC-PH-10003273,Technology,0.2,-60.4752,2014
2014-07-21,35.98,2,PG-18820,Central,TEC-PH-10004100,Technology,0.0,0.0,2014
2014-03-05,59.52,3,AB-10150,East,OFF-AR-10000588,Office Supplies,0.0,0.0,2014
2014-03-05,479.97,3,AB-10150,East,TEC-AC-10002001,Technology,0.0,0.0,2014
2014-03-05,18.62,2,AB-10150,East,OFF-SU-10000381,Office Supplies,0.0,0.0,2014
2014-03-05,49.632,6,AB-10150,East,OFF-BI-10001617,Office Supplies,0.2,-9.926400000000001,2014
2014-03-05,97.82,2,AB-10150,East,OFF-PA-10001878,Office Supplies,0.0,0.0,2014
2014-02-20,12.96,2,SR-20740,West,OFF-PA-10003363,Office Supplies,0.0,0.0,2014
2014-05-16,56.4,3,CC-12475,West,TEC-AC-10002217,Technology,0.0,0.0,2014
2014-08-06,199.98,2,TB-21625,East,TEC-AC-10004571,Technology,0.0,0.0,2014
2014-05-30,719.976,3,MC-17425,Central,TEC-CO-10004202,Technology,0.2,-143.9952,2014
2014-11-28,998.85,5,BT-11680,Central,TEC-MA-10004679,Technology,0.4,-399.54,2014
2014-09-19,5.67,3,JK-15640,West,OFF-FA-10000053,Office Supplies,0.0,0.0,2014
2014-05-20,10.332,3,MC-17590,Central,FUR-FU-10003489,Furniture,0.6,-6.1992,2014
2014-05-20,10.368,2,MC-17590,Central,OFF-PA-10000289,Office Supplies,0.2,-2.0736,2014
2014-05-20,20.784,2,MC-17590,Central,TEC-AC-10004227,Technology,0.2,-4.1568,2014
2014-05-20,66.96,5,MC-17590,Central,OFF-ST-10000636,Office Supplies,0.2,-13.392,2014
2014-02-04,17.248,2,MH-17440,West,OFF-BI-10003676,Office Supplies,0.2,-3.4496,2014
2014-05-05,11.88,2,GD-14590,South,OFF-BI-10004364,Office Supplies,0.0,0.0,2014
2014-05-05,35.44,1,GD-14590,South,OFF-PA-10000474,Office Supplies,0.0,0.0,2014
2014-11-26,4.32,3,LS-17200,West,OFF-BI-10002012,Office Supplies,0.2,-0.8640000000000001,2014
2014-11-26,14.94,3,LS-17200,West,OFF-PA-10002586,Office Supplies,0.0,0.0,2014
2014-11-26,40.54,2,LS-17200,West,OFF-AP-10000692,Office Supplies,0.0,0.0,2014
2014-11-26,7.312,1,LS-17200,West,OFF-BI-10001553,Office Supplies,0.2,-1.4624,2014
2014-12-31,475.944,7,JL-15175,West,TEC-PH-10004908,Technology,0.2,-95.18880000000001,2014
2014-06-04,56.96,2,BT-11440,East,FUR-FU-10002878,Furniture,0.0,0.0,2014
2014-06-04,15.56,4,BT-11440,East,OFF-AP-10001626,Office Supplies,0.0,0.0,2014
2014-06-04,353.568,2,BT-11440,East,FUR-BO-10003272,Furniture,0.2,-70.7136,2014
2014-06-04,13.96,2,BT-11440,East,FUR-FU-10002191,Furniture,0.0,0.0,2014
2014-04-30,174.95,5,JM-16195,South,OFF-AR-10004010,Office Supplies,0.0,0.0,2014
2014-04-30,826.0,5,JM-16195,South,OFF-ST-10000585,Office Supplies,0.0,0.0,2014
2014-12-13,12.39,3,KC-16675,South,OFF-BI-10004970,Office Supplies,0.0,0.0,2014
2014-09-13,5.7,5,RP-19390,West,OFF-FA-10000840,Office Supplies,0.0,0.0,2014
2014-09-13,14.19,3,RP-19390,West,FUR-FU-10001918,Furniture,0.0,0.0,2014
2014-09-13,7.3,2,RP-19390,West,OFF-SU-10001574,Office Supplies,0.0,0.0,2014
2014-09-13,199.98,2,RP-19390,West,TEC-AC-10001606,Technology,0.0,0.0,2014
2014-09-13,144.96,4,RP-19390,West,TEC-AC-10003399,Technology,0.0,0.0,2014
2014-09-13,118.0,2,RP-19390,West,TEC-AC-10000865,Technology,0.0,0.0,2014
2014-09-13,48.94,1,RP-19390,West,OFF-PA-10002923,Office Supplies,0.0,0.0,2014
2014-09-13,22.66,2,RP-19390,West,OFF-AP-10004785,Office Supplies,0.0,0.0,2014
2014-12-27,182.352,3,KB-16315,East,FUR-FU-10004904,Furniture,0.2,-36.47040000000001,2014
2014-12-27,118.16,2,KB-16315,East,OFF-ST-10002790,Office Supplies,0.2,-23.632,2014
2014-11-05,47.79,3,SR-20740,South,TEC-AC-10002550,Technology,0.0,0.0,2014
2014-12-26,8.016,3,AY-10555,East,OFF-AR-10002257,Office Supplies,0.2,-1.6032,2014
2014-08-23,19.44,3,CR-12625,Central,OFF-PA-10001934,Office Supplies,0.0,0.0,2014
2014-10-01,4.71,1,NF-18475,West,OFF-FA-10000254,Office Supplies,0.0,0.0,2014
2014-09-08,172.764,2,PP-18955,East,FUR-CH-10004289,Furniture,0.1,-17.2764,2014
2014-09-08,3.52,2,PP-18955,East,OFF-AR-10003469,Office Supplies,0.0,0.0,2014
2014-11-16,79.968,4,JD-16150,West,TEC-PH-10004188,Technology,0.2,-15.9936,2014
2014-11-16,305.9745,3,JD-16150,West,FUR-BO-10004015,Furniture,0.15,-45.89617499999999,2014
2014-11-16,344.91,3,JD-16150,West,OFF-ST-10000991,Office Supplies,0.0,0.0,2014
2014-03-03,626.352,3,EJ-14155,West,FUR-TA-10002958,Furniture,0.2,-125.2704,2014
2014-02-07,64.96,4,CS-12250,East,OFF-ST-10001558,Office Supplies,0.0,0.0,2014
2014-12-19,14.62,2,BP-11095,West,OFF-LA-10001934,Office Supplies,0.0,0.0,2014
2014-12-19,22.55,5,BP-11095,West,OFF-FA-10004248,Office Supplies,0.0,0.0,2014
2014-12-19,583.8,5,BP-11095,West,TEC-PH-10001944,Technology,0.2,-116.76,2014
2014-12-19,211.168,4,BP-11095,West,TEC-PH-10002085,Technology,0.2,-42.2336,2014
2014-05-08,1799.97,5,KT-16480,East,TEC-CO-10001449,Technology,0.4,-719.988,2014
2014-12-31,34.77,3,AH-10030,East,TEC-AC-10003614,Technology,0.0,0.0,2014
2014-12-31,18.9,3,AH-10030,East,OFF-LA-10003148,Office Supplies,0.0,0.0,2014
2014-04-02,26.72,5,SC-20020,Central,OFF-PA-10002986,Office Supplies,0.2,-5.344,2014
2014-04-02,33.488,7,SC-20020,Central,OFF-PA-10001593,Office Supplies,0.2,-6.6976,2014
2014-10-06,386.34,2,VP-21760,Central,OFF-ST-10001932,Office Supplies,0.0,0.0,2014
2014-04-06,70.95,3,FH-14275,West,OFF-AR-10001725,Office Supplies,0.0,0.0,2014
2014-04-06,65.568,2,FH-14275,West,OFF-BI-10002794,Office Supplies,0.2,-13.1136,2014
2014-04-06,299.97,3,FH-14275,West,TEC-AC-10004171,Technology,0.0,0.0,2014
2014-11-18,67.15,5,JC-16105,Central,OFF-ST-10000885,Office Supplies,0.0,0.0,2014
2014-10-08,123.92,4,DN-13690,East,OFF-PA-10003823,Office Supplies,0.0,0.0,2014
2014-09-20,493.43,5,SB-20185,Central,FUR-BO-10004218,Furniture,0.3,-148.029,2014
2014-09-20,11.12,2,SB-20185,Central,TEC-PH-10002185,Technology,0.2,-2.224,2014
2014-10-10,101.994,2,RB-19435,East,TEC-MA-10002694,Technology,0.7,-71.3958,2014
2014-10-10,18.264,2,RB-19435,East,OFF-BI-10002429,Office Supplies,0.7,-12.7848,2014
2014-08-25,6.528,4,BS-11590,East,OFF-BI-10001982,Office Supplies,0.7,-4.569599999999999,2014
2014-08-25,2.862,3,BS-11590,East,OFF-BI-10004141,Office Supplies,0.7,-2.0034,2014
2014-08-25,20.856,8,BS-11590,East,OFF-BI-10002103,Office Supplies,0.7,-14.5992,2014
2014-07-27,276.28,2,BB-10990,West,OFF-ST-10002574,Office Supplies,0.0,0.0,2014
2014-08-05,489.23,2,GZ-14470,Central,FUR-TA-10001307,Furniture,0.3,-146.769,2014
2014-04-02,177.68,2,AH-10690,South,FUR-FU-10003192,Furniture,0.0,0.0,2014
2014-04-28,159.98,2,DS-13180,East,TEC-AC-10000736,Technology,0.0,0.0,2014
2014-08-22,7.632,3,JP-15520,South,OFF-SU-10003936,Office Supplies,0.2,-1.5264,2014
2014-12-07,164.88,3,EH-14005,West,OFF-PA-10000062,Office Supplies,0.0,0.0,2014
2014-11-15,10.95,3,SC-20260,West,OFF-SU-10001574,Office Supplies,0.0,0.0,2014
2014-12-24,13.97,1,AS-10090,West,OFF-AP-10003278,Office Supplies,0.0,0.0,2014
2014-08-08,155.456,4,VG-21790,South,FUR-BO-10000468,Furniture,0.2,-31.0912,2014
2014-09-20,8.56,2,HG-14965,West,OFF-PA-10004610,Office Supplies,0.0,0.0,2014
2014-12-30,39.128,1,DD-13570,South,OFF-ST-10002554,Office Supplies,0.2,-7.825600000000001,2014
2014-11-19,47.496,1,RD-19900,East,TEC-AC-10003023,Technology,0.2,-9.4992,2014
2014-11-03,5.76,2,DM-13345,East,OFF-BI-10000546,Office Supplies,0.0,0.0,2014
2014-02-06,8.952,2,DL-13315,Central,OFF-BI-10001196,Office Supplies,0.8,-7.1616,2014
2014-08-15,91.36,5,CS-12355,South,OFF-PA-10000312,Office Supplies,0.2,-18.272,2014
2014-08-15,152.24,5,CS-12355,South,OFF-AP-10004708,Office Supplies,0.2,-30.448,2014
2014-06-22,8.226,3,TB-21280,West,OFF-BI-10001553,Office Supplies,0.7,-5.7582,2014
2014-12-02,5.95,1,EM-13825,South,TEC-AC-10000199,Technology,0.0,0.0,2014
2014-12-02,15.24,3,EM-13825,South,OFF-PA-10002195,Office Supplies,0.0,0.0,2014
2014-12-16,99.98,2,LE-16810,South,TEC-AC-10001314,Technology,0.0,0.0,2014
2014-12-16,29.46,6,LE-16810,South,FUR-FU-10002268,Furniture,0.0,0.0,2014
2014-07-18,13.904,2,JL-15130,East,OFF-BI-10002103,Office Supplies,0.2,-2.7808,2014
2014-09-02,1793.98,2,SC-20095,South,OFF-BI-10001359,Office Supplies,0.0,0.0,2014
2014-09-19,73.915,1,ND-18460,West,FUR-TA-10004607,Furniture,0.5,-36.9575,2014
2014-09-28,337.088,4,XP-21865,South,FUR-FU-10000277,Furniture,0.2,-67.41760000000001,2014
2014-09-21,66.03,3,SL-20155,East,OFF-AR-10002956,Office Supplies,0.0,0.0,2014
2014-03-26,3.36,2,DK-12835,West,OFF-AR-10004272,Office Supplies,0.0,0.0,2014
2014-03-26,27.936,4,DK-12835,West,OFF-BI-10003291,Office Supplies,0.2,-5.5872,2014
2014-03-26,28.784,2,DK-12835,West,TEC-PH-10004100,Technology,0.2,-5.7568,2014
2014-10-14,322.192,13,BD-11500,Central,OFF-PA-10002581,Office Supplies,0.2,-64.4384,2014
2014-10-14,2.946,3,BD-11500,Central,OFF-BI-10000343,Office Supplies,0.8,-2.3568,2014
2014-10-14,19.136,4,BD-11500,Central,OFF-PA-10001184,Office Supplies,0.2,-3.8272,2014
2014-04-21,828.84,6,DB-13555,South,OFF-ST-10002574,Office Supplies,0.0,0.0,2014
2014-11-03,89.97,3,SP-20650,Central,TEC-AC-10003280,Technology,0.0,0.0,2014
2014-04-12,32.4,5,SV-20785,Central,OFF-PA-10000289,Office Supplies,0.0,0.0,2014
2014-10-13,36.4,5,MA-17995,South,OFF-EN-10003160,Office Supplies,0.0,0.0,2014
2014-10-13,22.96,2,MA-17995,South,TEC-AC-10001542,Technology,0.0,0.0,2014
2014-10-13,315.2,4,MA-17995,South,OFF-ST-10003641,Office Supplies,0.0,0.0,2014
2014-10-13,15.18,3,MA-17995,South,OFF-BI-10002432,Office Supplies,0.0,0.0,2014
2014-02-02,18.336,2,EB-13930,South,OFF-BI-10000666,Office Supplies,0.7,-12.8352,2014
2014-02-02,180.96,5,EB-13930,South,TEC-PH-10002890,Technology,0.2,-36.192,2014
2014-09-02,475.944,7,BM-11785,Central,TEC-AC-10000844,Technology,0.2,-95.18880000000001,2014
2014-06-01,138.56,4,QJ-19255,Central,OFF-BI-10001765,Office Supplies,0.0,0.0,2014
2014-06-01,65.52,5,QJ-19255,Central,OFF-AP-10004859,Office Supplies,0.1,-6.552,2014
2014-01-23,40.08,6,IM-15055,West,OFF-PA-10001804,Office Supplies,0.0,0.0,2014
2014-08-04,101.96,2,ML-17395,East,OFF-AP-10001271,Office Supplies,0.0,0.0,2014
2014-08-04,259.74,13,ML-17395,East,OFF-PA-10004353,Office Supplies,0.0,0.0,2014
2014-08-04,255.42,9,ML-17395,East,TEC-AC-10002473,Technology,0.0,0.0,2014
2014-11-30,47.992,7,PB-19150,West,OFF-SU-10001664,Office Supplies,0.2,-9.5984,2014
2014-11-30,102.24,4,PB-19150,West,TEC-AC-10002550,Technology,0.2,-20.448,2014
2014-05-10,39.96,2,GM-14680,West,OFF-PA-10004353,Office Supplies,0.0,0.0,2014
2014-05-10,1432.0,5,GM-14680,West,TEC-PH-10001817,Technology,0.2,-286.4,2014
2014-05-10,41.04,6,GM-14680,West,OFF-SU-10004737,Office Supplies,0.0,0.0,2014
2014-05-10,256.784,1,GM-14680,West,FUR-CH-10002320,Furniture,0.2,-51.3568,2014
2014-12-08,39.88,2,DJ-13420,West,FUR-FU-10000397,Furniture,0.0,0.0,2014
2014-12-08,79.44,3,DJ-13420,West,FUR-FU-10000758,Furniture,0.0,0.0,2014
2014-11-03,6.72,4,TC-21535,West,OFF-AR-10001868,Office Supplies,0.0,0.0,2014
2014-12-27,946.764,6,RP-19390,West,OFF-BI-10003650,Office Supplies,0.7,-662.7348,2014
2014-07-09,14.304,6,DS-13030,West,OFF-BI-10002609,Office Supplies,0.2,-2.8608,2014
2014-07-09,119.833,1,DS-13030,West,FUR-BO-10004218,Furniture,0.15,-17.97495,2014
2014-07-09,5.56,2,DS-13030,West,OFF-AR-10003251,Office Supplies,0.0,0.0,2014
2014-07-09,32.4,5,DS-13030,West,OFF-PA-10002365,Office Supplies,0.0,0.0,2014
2014-02-11,60.89,1,GA-14725,Central,FUR-CH-10001146,Furniture,0.0,0.0,2014
2014-02-11,14.94,3,GA-14725,Central,OFF-LA-10004853,Office Supplies,0.0,0.0,2014
2014-02-11,9.64,2,GA-14725,Central,OFF-BI-10004728,Office Supplies,0.0,0.0,2014
2014-02-11,332.94,3,GA-14725,Central,FUR-FU-10002298,Furniture,0.0,0.0,2014
2014-02-11,51.9,3,GA-14725,Central,OFF-BI-10004654,Office Supplies,0.0,0.0,2014
2014-02-11,64.96,2,GA-14725,Central,OFF-ST-10002583,Office Supplies,0.0,0.0,2014
2014-02-08,14.56,2,NM-18445,West,FUR-FU-10002111,Furniture,0.0,0.0,2014
2014-10-10,255.85,7,FC-14335,West,OFF-AR-10000937,Office Supplies,0.0,0.0,2014
2014-11-18,392.94,3,MK-17905,Central,FUR-CH-10001482,Furniture,0.0,0.0,2014
2014-04-23,48.91,1,NM-18445,West,OFF-PA-10001878,Office Supplies,0.0,0.0,2014
2014-09-23,9.84,3,TT-21220,East,OFF-AR-10002375,Office Supplies,0.0,0.0,2014
2014-09-23,34.5,3,TT-21220,East,OFF-BI-10004965,Office Supplies,0.0,0.0,2014
2014-03-25,6.56,2,CA-12265,West,OFF-AR-10003829,Office Supplies,0.0,0.0,2014
2014-03-25,14.88,2,CA-12265,West,OFF-AR-10003338,Office Supplies,0.0,0.0,2014
2014-03-25,45.48,4,CA-12265,West,TEC-AC-10002558,Technology,0.0,0.0,2014
2014-03-25,25.44,6,CA-12265,West,OFF-AR-10000034,Office Supplies,0.0,0.0,2014
2014-10-19,2.992,1,RP-19270,West,OFF-BI-10003196,Office Supplies,0.2,-0.5984,2014
2014-10-19,20.064,6,RP-19270,West,OFF-BI-10003727,Office Supplies,0.2,-4.0128,2014
2014-10-19,146.73,3,RP-19270,West,OFF-PA-10003228,Office Supplies,0.0,0.0,2014
2014-10-19,18.75,5,RP-19270,West,OFF-LA-10002787,Office Supplies,0.0,0.0,2014
2014-10-19,117.576,3,RP-19270,West,TEC-PH-10001305,Technology,0.2,-23.5152,2014
2014-08-22,11.56,2,JF-15415,Central,OFF-PA-10001846,Office Supplies,0.0,0.0,2014
2014-06-08,68.48,2,RD-19480,East,OFF-BI-10003876,Office Supplies,0.2,-13.696,2014
2014-06-08,1676.88,6,RD-19480,East,OFF-ST-10003470,Office Supplies,0.0,0.0,2014
2014-12-23,45.528,3,CC-12670,South,OFF-PA-10001295,Office Supplies,0.2,-9.1056,2014
2014-12-23,64.784,1,CC-12670,South,FUR-CH-10004698,Furniture,0.2,-12.9568,2014
2014-12-23,424.272,2,CC-12670,South,OFF-ST-10000078,Office Supplies,0.2,-84.8544,2014
2014-12-23,1.344,1,CC-12670,South,OFF-AR-10001868,Office Supplies,0.2,-0.2688,2014
2014-12-23,83.92,5,CC-12670,South,OFF-ST-10004950,Office Supplies,0.2,-16.784,2014
2014-09-20,629.95,5,MW-18220,East,TEC-PH-10003484,Technology,0.0,0.0,2014
2014-09-20,631.782,2,MW-18220,East,FUR-CH-10001394,Furniture,0.1,-63.1782,2014
2014-09-20,801.568,2,MW-18220,East,FUR-BO-10002213,Furniture,0.2,-160.3136,2014
2014-09-20,75.18,6,MW-18220,East,OFF-LA-10002762,Office Supplies,0.0,0.0,2014
2014-09-20,30.98,1,MW-18220,East,OFF-AP-10003842,Office Supplies,0.0,0.0,2014
2014-09-20,1349.91,9,MW-18220,East,TEC-PH-10003072,Technology,0.0,0.0,2014
2014-06-24,4.272,2,LP-17080,West,FUR-FU-10001731,Furniture,0.2,-0.8544,2014
2014-03-14,574.91,2,RB-19465,Central,TEC-MA-10003626,Technology,0.3,-172.473,2014
2014-03-14,8.448,2,RB-19465,Central,OFF-PA-10001215,Office Supplies,0.2,-1.6896,2014
2014-10-27,10.368,2,RD-19810,South,OFF-PA-10001166,Office Supplies,0.2,-2.0736,2014
2014-10-27,11.952,3,RD-19810,South,OFF-PA-10000349,Office Supplies,0.2,-2.3904,2014
2014-07-23,604.752,6,NC-18535,West,TEC-PH-10000441,Technology,0.2,-120.9504,2014
2014-07-23,40.7,5,NC-18535,West,OFF-SU-10004664,Office Supplies,0.0,0.0,2014
2014-07-23,302.376,3,NC-18535,West,TEC-PH-10004531,Technology,0.2,-60.4752,2014
2014-07-23,45.0,3,NC-18535,West,TEC-AC-10002167,Technology,0.0,0.0,2014
2014-09-12,3785.292,6,LW-17215,East,FUR-CH-10002024,Furniture,0.1,-378.5292,2014
2014-11-27,199.9,5,JO-15145,East,FUR-FU-10003268,Furniture,0.0,0.0,2014
2014-05-11,1212.96,8,VW-21775,Central,FUR-CH-10000015,Furniture,0.3,-363.888,2014
2014-10-12,22.24,2,BP-11050,Central,OFF-SU-10000898,Office Supplies,0.2,-4.448,2014
2014-05-25,14.62,2,BW-11065,East,OFF-PA-10001471,Office Supplies,0.0,0.0,2014
2014-12-29,48.36,5,RE-19405,East,OFF-AP-10003281,Office Supplies,0.2,-9.672,2014
2014-09-08,8.608,2,TS-21340,West,OFF-BI-10000822,Office Supplies,0.2,-1.7216,2014
2014-10-09,144.6,3,SJ-20500,West,OFF-AR-10002135,Office Supplies,0.0,0.0,2014
2014-10-09,15.992,1,SJ-20500,West,TEC-PH-10002583,Technology,0.2,-3.1984,2014
2014-11-17,34.44,3,FG-14260,East,OFF-PA-10003591,Office Supplies,0.0,0.0,2014
2014-10-19,321.552,6,EH-14125,West,TEC-PH-10004922,Technology,0.2,-64.3104,2014
2014-02-27,19.456,4,JS-16030,East,OFF-AR-10003560,Office Supplies,0.2,-3.8912,2014
2014-12-21,17.28,6,JC-15775,East,OFF-LA-10004409,Office Supplies,0.0,0.0,2014
2014-09-07,13.16,5,SS-20410,Central,OFF-FA-10000936,Office Supplies,0.2,-2.632,2014
2014-09-07,3.828,3,SS-20410,Central,OFF-BI-10001249,Office Supplies,0.8,-3.0624,2014
2014-09-07,304.99,5,SS-20410,Central,OFF-BI-10004632,Office Supplies,0.8,-243.992,2014
2014-07-22,19.68,6,AB-10255,West,OFF-AR-10004757,Office Supplies,0.0,0.0,2014
2014-04-05,26.7,2,RD-19900,Central,OFF-AR-10002952,Office Supplies,0.0,0.0,2014
2014-04-05,40.2,5,RD-19900,Central,OFF-BI-10004209,Office Supplies,0.0,0.0,2014
2014-04-05,13.89,3,RD-19900,Central,OFF-AR-10004685,Office Supplies,0.0,0.0,2014
2014-04-05,689.82,6,RD-19900,Central,OFF-ST-10000991,Office Supplies,0.0,0.0,2014
2014-12-14,9.264,3,CS-11845,Central,OFF-BI-10002353,Office Supplies,0.8,-7.4112,2014
2014-03-14,91.056,6,NF-18475,South,OFF-PA-10000176,Office Supplies,0.2,-18.2112,2014
2014-02-17,54.208,14,DL-13315,Central,OFF-AR-10003631,Office Supplies,0.2,-10.8416,2014
2014-12-19,323.976,3,SG-20605,Central,TEC-PH-10002817,Technology,0.2,-64.79520000000001,2014
2014-12-19,15.552,3,SG-20605,Central,OFF-PA-10000295,Office Supplies,0.2,-3.1104,2014
2014-12-19,32.592,3,SG-20605,Central,OFF-ST-10000419,Office Supplies,0.2,-6.5184,2014
2014-10-29,1.98,2,NC-18625,Central,TEC-AC-10003433,Technology,0.0,0.0,2014
2014-10-29,75.88,2,NC-18625,Central,OFF-PA-10000482,Office Supplies,0.0,0.0,2014
2014-10-17,5.312,2,EB-14170,Central,FUR-FU-10004586,Furniture,0.6,-3.1872,2014
2014-03-31,1125.488,7,TG-21640,South,FUR-CH-10002965,Furniture,0.2,-225.0976,2014
2014-03-31,12.645,5,TG-21640,South,OFF-BI-10001636,Office Supplies,0.7,-8.8515,2014
2014-03-31,4.032,2,TG-21640,South,OFF-AR-10004027,Office Supplies,0.2,-0.8064,2014
2014-05-11,17.472,3,HD-14785,Central,OFF-PA-10003036,Office Supplies,0.2,-3.494400000000001,2014
2014-05-11,104.58,9,HD-14785,Central,OFF-BI-10002026,Office Supplies,0.8,-83.664,2014
2014-05-19,34.2,5,TD-20995,South,OFF-SU-10004737,Office Supplies,0.0,0.0,2014
2014-11-11,22.98,1,MZ-17515,West,OFF-AP-10002892,Office Supplies,0.0,0.0,2014
2014-11-11,102.13,7,MZ-17515,West,TEC-AC-10002718,Technology,0.0,0.0,2014
2014-11-11,2033.584,2,MZ-17515,West,OFF-BI-10003527,Office Supplies,0.2,-406.7168,2014
2014-09-26,16.704,6,DA-13450,East,OFF-AP-10001634,Office Supplies,0.2,-3.3408,2014
2014-09-26,3.152,2,DA-13450,East,TEC-AC-10002370,Technology,0.2,-0.6304000000000001,2014
2014-09-26,32.896,4,DA-13450,East,OFF-PA-10000174,Office Supplies,0.2,-6.5792,2014
2014-11-23,14.67,3,BT-11440,Central,OFF-BI-10002049,Office Supplies,0.0,0.0,2014
2014-01-13,37.408,7,MM-17920,East,OFF-PA-10002947,Office Supplies,0.2,-7.4816,2014
2014-01-13,3.438,2,MM-17920,East,OFF-BI-10003476,Office Supplies,0.7,-2.4066,2014
2014-10-14,177.0,3,TC-21295,East,TEC-AC-10000865,Technology,0.0,0.0,2014
2014-10-14,79.45,7,TC-21295,East,OFF-ST-10000615,Office Supplies,0.0,0.0,2014
2014-10-14,1628.82,9,TC-21295,East,FUR-CH-10000749,Furniture,0.0,0.0,2014
2014-11-18,137.54,2,MH-17785,West,FUR-FU-10003553,Furniture,0.0,0.0,2014
2014-11-18,730.2,4,MH-17785,West,FUR-TA-10003008,Furniture,0.0,0.0,2014
2014-03-07,20.65,5,CM-12715,West,OFF-AR-10000390,Office Supplies,0.0,0.0,2014
2014-03-07,204.9,5,CM-12715,West,OFF-ST-10000934,Office Supplies,0.0,0.0,2014
2014-03-07,436.704,6,CM-12715,West,FUR-CH-10002780,Furniture,0.2,-87.3408,2014
2014-03-07,481.568,2,CM-12715,West,FUR-CH-10004495,Furniture,0.2,-96.31360000000001,2014
2014-11-19,221.16,4,MW-18220,Central,OFF-ST-10000877,Office Supplies,0.0,0.0,2014
2014-11-19,281.97,3,MW-18220,Central,TEC-PH-10002103,Technology,0.0,0.0,2014
2014-09-22,97.44,3,AS-10090,East,FUR-FU-10001876,Furniture,0.0,0.0,2014
2014-09-22,3.984,1,AS-10090,East,OFF-BI-10003355,Office Supplies,0.2,-0.7968000000000001,2014
2014-09-22,13.04,4,AS-10090,East,OFF-AR-10003876,Office Supplies,0.0,0.0,2014
2014-09-22,579.528,4,AS-10090,East,FUR-CH-10004983,Furniture,0.1,-57.9528,2014
2014-03-26,18.75,5,CS-12505,West,OFF-LA-10001982,Office Supplies,0.0,0.0,2014
2014-07-22,26.632,1,JL-15850,Central,OFF-ST-10003123,Office Supplies,0.2,-5.3264,2014
2014-11-28,64.02,6,MC-17635,Central,OFF-EN-10003862,Office Supplies,0.0,0.0,2014
2014-06-10,491.55,5,HK-14890,Central,OFF-LA-10003930,Office Supplies,0.0,0.0,2014
2014-11-05,273.568,2,MD-17350,East,FUR-FU-10001468,Furniture,0.2,-54.7136,2014
2014-11-05,13.194,2,MD-17350,East,OFF-BI-10003684,Office Supplies,0.7,-9.2358,2014
2014-11-05,1080.096,6,MD-17350,East,OFF-ST-10003716,Office Supplies,0.2,-216.0192,2014
2014-11-05,51.56,5,MD-17350,East,TEC-AC-10001101,Technology,0.2,-10.312,2014
2014-11-05,58.416,2,MD-17350,East,TEC-AC-10004864,Technology,0.2,-11.6832,2014
2014-12-22,296.712,13,TW-21025,East,OFF-BI-10003984,Office Supplies,0.2,-59.3424,2014
2014-09-29,10.048,2,EB-14170,West,OFF-BI-10001308,Office Supplies,0.2,-2.0096,2014
2014-09-29,807.75,5,EB-14170,West,OFF-ST-10000046,Office Supplies,0.0,0.0,2014
2014-08-20,500.24,13,NC-18535,South,FUR-CH-10001797,Furniture,0.0,0.0,2014
2014-08-20,20.12,2,NC-18535,South,OFF-PA-10000246,Office Supplies,0.0,0.0,2014
2014-08-20,896.99,1,NC-18535,South,OFF-BI-10001359,Office Supplies,0.0,0.0,2014
2014-11-19,5.88,1,AD-10180,East,OFF-PA-10001583,Office Supplies,0.2,-1.176,2014
2014-11-11,10.984,2,BH-11710,Central,FUR-FU-10000175,Furniture,0.6,-6.5904,2014
2014-11-11,797.944,4,BH-11710,Central,FUR-CH-10003379,Furniture,0.3,-239.3832,2014
2014-02-14,239.97,3,ML-17395,West,TEC-AC-10000736,Technology,0.0,0.0,2014
2014-02-14,81.96,2,ML-17395,West,OFF-AP-10001293,Office Supplies,0.0,0.0,2014
2014-02-14,238.62,2,ML-17395,West,OFF-SU-10000157,Office Supplies,0.0,0.0,2014
2014-06-18,139.8,5,MC-18100,West,TEC-PH-10000215,Technology,0.2,-27.96,2014
2014-07-26,2177.584,8,LF-17185,Central,OFF-BI-10004995,Office Supplies,0.8,-1742.0672,2014
2014-07-26,17.496,3,LF-17185,Central,FUR-FU-10004666,Furniture,0.6,-10.4976,2014
2014-07-26,16.784,4,LF-17185,Central,OFF-BI-10001524,Office Supplies,0.8,-13.4272,2014
2014-07-26,431.136,9,LF-17185,Central,TEC-AC-10002076,Technology,0.2,-86.22720000000001,2014
2014-07-26,8.88,5,LF-17185,Central,OFF-BI-10001679,Office Supplies,0.8,-7.104000000000001,2014
2014-07-26,4.836,2,LF-17185,Central,OFF-AP-10003281,Office Supplies,0.8,-3.8688,2014
2014-11-05,149.9,5,BG-11035,South,FUR-CH-10004754,Furniture,0.0,0.0,2014
2014-05-21,56.064,6,KH-16360,Central,OFF-EN-10003134,Office Supplies,0.2,-11.2128,2014
2014-05-21,107.772,2,KH-16360,Central,FUR-CH-10003396,Furniture,0.3,-32.3316,2014
2014-05-21,4.832,1,KH-16360,Central,OFF-PA-10001560,Office Supplies,0.2,-0.9664,2014
2014-05-21,18.24,3,KH-16360,Central,OFF-BI-10000977,Office Supplies,0.8,-14.592,2014
2014-11-07,25.92,5,TB-21595,West,OFF-PA-10000304,Office Supplies,0.2,-5.184000000000001,2014
2014-11-07,120.768,4,TB-21595,West,OFF-AR-10002240,Office Supplies,0.2,-24.1536,2014
2014-08-15,152.91,3,BD-11605,West,OFF-AP-10003287,Office Supplies,0.0,0.0,2014
2014-08-15,92.94,3,BD-11605,West,OFF-PA-10000167,Office Supplies,0.0,0.0,2014
2014-08-15,17.856,4,BD-11605,West,OFF-BI-10002309,Office Supplies,0.2,-3.571200000000001,2014
2014-08-15,46.44,3,BD-11605,West,OFF-BI-10003638,Office Supplies,0.2,-9.288,2014
2014-08-15,195.136,4,BD-11605,West,FUR-CH-10003833,Furniture,0.2,-39.0272,2014
2014-12-16,319.968,4,SC-20305,Central,TEC-AC-10004171,Technology,0.2,-63.99360000000001,2014
2014-12-16,8.624,7,SC-20305,Central,FUR-FU-10001706,Furniture,0.6,-5.1744,2014
2014-05-18,3.984,1,GA-14515,Central,OFF-PA-10001526,Office Supplies,0.2,-0.7968000000000001,2014
2014-06-03,15.936,4,RE-19450,Central,OFF-LA-10001771,Office Supplies,0.2,-3.1872,2014
2014-06-03,61.544,7,RE-19450,Central,FUR-FU-10001475,Furniture,0.6,-36.92639999999999,2014
2014-06-03,132.696,3,RE-19450,Central,OFF-ST-10000877,Office Supplies,0.2,-26.5392,2014
2014-04-12,39.68,2,EH-13765,West,OFF-AR-10002987,Office Supplies,0.0,0.0,2014
2014-11-06,43.68,6,GA-14515,South,OFF-PA-10000587,Office Supplies,0.0,0.0,2014
2014-11-01,68.704,2,EA-14035,East,FUR-FU-10002253,Furniture,0.2,-13.7408,2014
2014-11-01,3.132,2,EA-14035,East,OFF-BI-10000494,Office Supplies,0.7,-2.1924,2014
2014-11-01,22.428,3,EA-14035,East,OFF-BI-10001658,Office Supplies,0.7,-15.6996,2014
2014-08-12,14.04,3,LL-16840,South,OFF-BI-10000138,Office Supplies,0.0,0.0,2014
2014-08-12,272.61,13,LL-16840,South,TEC-AC-10000023,Technology,0.0,0.0,2014
2014-04-03,11.16,2,KE-16420,West,OFF-EN-10001415,Office Supplies,0.0,0.0,2014
2014-04-03,62.31,3,KE-16420,West,TEC-AC-10001284,Technology,0.0,0.0,2014
2014-04-03,159.98,2,KE-16420,West,TEC-AC-10000736,Technology,0.0,0.0,2014
2014-01-23,5.94,3,SG-20605,Central,OFF-FA-10003467,Office Supplies,0.0,0.0,2014
2014-09-26,153.824,11,MM-17920,Central,TEC-AC-10004859,Technology,0.2,-30.7648,2014
2014-06-17,62.016,2,JF-15415,Central,OFF-PA-10001725,Office Supplies,0.2,-12.4032,2014
2014-03-28,330.588,1,MP-18175,East,FUR-TA-10000198,Furniture,0.4,-132.2352,2014
2014-11-12,25.128,3,DP-13000,Central,FUR-FU-10004587,Furniture,0.6,-15.0768,2014
2014-11-12,127.984,2,DP-13000,Central,TEC-AC-10002567,Technology,0.2,-25.5968,2014
2014-04-05,115.36,7,RP-19855,South,OFF-BI-10002852,Office Supplies,0.0,0.0,2014
2014-11-24,5.742,3,AT-10435,East,OFF-BI-10003350,Office Supplies,0.7,-4.0194,2014
2014-07-11,164.85,3,JK-15205,East,TEC-PH-10004912,Technology,0.0,0.0,2014
2014-12-28,998.82,9,MD-17350,West,OFF-ST-10001128,Office Supplies,0.0,0.0,2014
2014-12-28,51.15,5,MD-17350,West,OFF-SU-10002537,Office Supplies,0.0,0.0,2014
2014-03-02,3.424,1,NH-18610,East,OFF-PA-10000327,Office Supplies,0.2,-0.6848000000000001,2014
2014-03-02,151.2,3,NH-18610,East,TEC-AC-10004353,Technology,0.2,-30.24,2014
2014-11-11,46.35,5,KN-16705,East,OFF-PA-10001776,Office Supplies,0.0,0.0,2014
2014-11-11,223.92,4,KN-16705,East,OFF-PA-10004039,Office Supplies,0.0,0.0,2014
2014-11-11,7.3,2,KN-16705,East,OFF-SU-10001574,Office Supplies,0.0,0.0,2014
2014-01-21,25.248,3,TB-21400,South,FUR-FU-10001889,Furniture,0.2,-5.049600000000001,2014
2015-10-11,957.5775,5,SO-20335,South,FUR-TA-10000577,Furniture,0.45,-430.909875,2015
2015-10-11,22.368,2,SO-20335,South,OFF-ST-10000760,Office Supplies,0.2,-4.4736,2015
2015-11-22,68.81,5,HP-14815,Central,OFF-AP-10002311,Office Supplies,0.8,-55.048,2015
2015-11-22,2.544,3,HP-14815,Central,OFF-BI-10000756,Office Supplies,0.8,-2.0352,2015
2015-09-25,1044.63,3,EB-13870,West,FUR-TA-10000577,Furniture,0.0,0.0,2015
2015-09-17,3083.43,7,TB-21520,East,FUR-BO-10004834,Furniture,0.5,-1541.715,2015
2015-09-17,9.618,2,TB-21520,East,OFF-BI-10000474,Office Supplies,0.7,-6.7326,2015
2015-09-17,124.2,3,TB-21520,East,FUR-FU-10004848,Furniture,0.2,-24.84,2015
2015-09-17,3.264,2,TB-21520,East,OFF-EN-10001509,Office Supplies,0.2,-0.6528,2015
2015-09-17,86.304,6,TB-21520,East,OFF-AR-10004042,Office Supplies,0.2,-17.2608,2015
2015-09-17,6.858,6,TB-21520,East,OFF-BI-10001525,Office Supplies,0.7,-4.800599999999999,2015
2015-09-17,15.76,2,TB-21520,East,OFF-AR-10001683,Office Supplies,0.2,-3.152,2015
2015-12-27,113.328,9,SN-20710,Central,OFF-EN-10002986,Office Supplies,0.2,-22.6656,2015
2015-12-27,532.3992,3,SN-20710,Central,FUR-BO-10002545,Furniture,0.32,-170.367744,2015
2015-12-27,212.058,3,SN-20710,Central,FUR-CH-10004218,Furniture,0.3,-63.6174,2015
2015-12-27,371.168,4,SN-20710,Central,TEC-PH-10000486,Technology,0.2,-74.23360000000001,2015
2015-04-18,38.22,6,DP-13000,Central,OFF-BI-10004410,Office Supplies,0.0,0.0,2015
2015-04-18,75.18,6,DP-13000,Central,OFF-LA-10002762,Office Supplies,0.0,0.0,2015
2015-04-18,6.16,2,DP-13000,Central,FUR-FU-10001706,Furniture,0.0,0.0,2015
2015-04-18,89.99,1,DP-13000,Central,FUR-CH-10003061,Furniture,0.0,0.0,2015
2015-11-24,13.98,2,KM-16720,West,TEC-AC-10004633,Technology,0.0,0.0,2015
2015-11-24,25.824,6,KM-16720,West,OFF-BI-10001078,Office Supplies,0.2,-5.164800000000001,2015
2015-11-24,146.73,3,KM-16720,West,OFF-PA-10003892,Office Supplies,0.0,0.0,2015
2015-11-24,79.76,4,KM-16720,West,FUR-FU-10000397,Furniture,0.0,0.0,2015
2015-04-30,213.115,5,PS-18970,Central,FUR-CH-10001146,Furniture,0.3,-63.9345,2015
2015-04-26,831.936,8,JE-15745,South,FUR-CH-10000513,Furniture,0.2,-166.3872,2015
2015-04-26,97.04,2,JE-15745,South,FUR-FU-10003708,Furniture,0.2,-19.408,2015
2015-04-26,72.784,1,JE-15745,South,OFF-ST-10004123,Office Supplies,0.2,-14.5568,2015
2015-09-03,200.984,7,JC-16105,South,OFF-EN-10000927,Office Supplies,0.2,-40.1968,2015
2015-01-31,12.96,2,KB-16315,Central,OFF-PA-10003177,Office Supplies,0.0,0.0,2015
2015-01-31,53.34,3,KB-16315,Central,FUR-FU-10003799,Furniture,0.0,0.0,2015
2015-01-31,32.96,2,KB-16315,Central,OFF-BI-10002852,Office Supplies,0.0,0.0,2015
2015-11-13,238.896,6,LC-16870,West,TEC-AC-10001552,Technology,0.2,-47.7792,2015
2015-11-13,102.36,3,LC-16870,West,FUR-FU-10004006,Furniture,0.2,-20.472,2015
2015-11-13,36.882,3,LC-16870,West,OFF-BI-10002794,Office Supplies,0.7,-25.8174,2015
2015-10-15,339.96,5,PA-19060,Central,TEC-AC-10000844,Technology,0.2,-67.992,2015
2015-03-02,787.53,3,DK-13090,West,FUR-TA-10001768,Furniture,0.0,0.0,2015
2015-04-05,157.794,1,GG-14650,South,OFF-BI-10003650,Office Supplies,0.7,-110.4558,2015
2015-09-07,671.93,7,HA-14920,West,OFF-ST-10003656,Office Supplies,0.0,0.0,2015
2015-05-31,58.38,7,SP-20650,West,OFF-PA-10001950,Office Supplies,0.0,0.0,2015
2015-05-31,105.52,4,SP-20650,West,OFF-PA-10002254,Office Supplies,0.0,0.0,2015
2015-05-31,80.88,6,SP-20650,West,OFF-ST-10001590,Office Supplies,0.0,0.0,2015
2015-05-28,6.63,3,NK-18490,West,OFF-AR-10001547,Office Supplies,0.0,0.0,2015
2015-12-28,54.384,2,EM-13960,East,TEC-AC-10003657,Technology,0.2,-10.8768,2015
2015-11-21,396.802,7,JE-15745,East,FUR-CH-10004698,Furniture,0.3,-119.0406,2015
2015-11-21,15.88,5,JE-15745,East,OFF-SU-10002189,Office Supplies,0.2,-3.176,2015
2015-12-15,3.28,1,JK-15640,East,OFF-AR-10001940,Office Supplies,0.0,0.0,2015
2015-10-12,899.136,4,MP-17470,East,FUR-BO-10002613,Furniture,0.2,-179.8272,2015
2015-10-12,71.76,6,MP-17470,East,TEC-PH-10001552,Technology,0.0,0.0,2015
2015-10-12,51.84,8,MP-17470,East,OFF-PA-10000061,Office Supplies,0.0,0.0,2015
2015-10-12,626.352,3,MP-17470,East,FUR-BO-10002545,Furniture,0.2,-125.2704,2015
2015-10-12,19.9,5,MP-17470,East,OFF-AR-10003514,Office Supplies,0.0,0.0,2015
2015-10-31,14.28,7,MZ-17515,West,OFF-EN-10001509,Office Supplies,0.0,0.0,2015
2015-02-09,20.8,2,MS-17980,Central,TEC-AC-10001266,Technology,0.2,-4.16,2015
2015-01-02,23.68,2,VW-21775,East,OFF-LA-10004544,Office Supplies,0.2,-4.736,2015
2015-01-02,452.45,5,VW-21775,East,FUR-BO-10004695,Furniture,0.5,-226.225,2015
2015-01-02,62.982,3,VW-21775,East,TEC-PH-10002844,Technology,0.4,-25.1928,2015
2015-01-02,1188.0,9,VW-21775,East,TEC-MA-10000864,Technology,0.7,-831.5999999999999,2015
2015-01-02,89.584,2,VW-21775,East,TEC-AC-10000109,Technology,0.2,-17.9168,2015
2015-12-24,5.584,2,JB-15925,East,OFF-FA-10000585,Office Supplies,0.2,-1.1168,2015
2015-12-24,22.704,6,JB-15925,East,OFF-PA-10004000,Office Supplies,0.2,-4.5408,2015
2015-12-24,19.776,4,JB-15925,East,OFF-BI-10002852,Office Supplies,0.7,-13.8432,2015
2015-12-24,72.704,4,JB-15925,East,FUR-FU-10000087,Furniture,0.2,-14.5408,2015
2015-12-24,479.988,4,JB-15925,East,TEC-MA-10001148,Technology,0.7,-335.9916,2015
2015-12-24,27.168,2,JB-15925,East,OFF-AR-10001958,Office Supplies,0.2,-5.4336,2015
2015-08-09,2.2,1,DS-13180,Central,OFF-AR-10001026,Office Supplies,0.0,0.0,2015
2015-08-09,622.45,5,DS-13180,Central,FUR-TA-10003748,Furniture,0.0,0.0,2015
2015-08-09,21.98,1,DS-13180,Central,OFF-ST-10002485,Office Supplies,0.0,0.0,2015
2015-02-28,161.568,2,VD-21670,South,FUR-CH-10004860,Furniture,0.2,-32.3136,2015
2015-02-28,389.696,8,VD-21670,South,FUR-CH-10004477,Furniture,0.2,-77.93920000000001,2015
2015-11-28,12.132,9,DR-12880,Central,FUR-FU-10002505,Furniture,0.6,-7.279199999999999,2015
2015-11-28,82.368,2,DR-12880,Central,OFF-ST-10004804,Office Supplies,0.2,-16.4736,2015
2015-11-28,53.92,5,DR-12880,Central,OFF-ST-10001590,Office Supplies,0.2,-10.784,2015
2015-11-28,647.904,6,DR-12880,Central,TEC-PH-10001580,Technology,0.2,-129.5808,2015
2015-11-10,79.9,2,AH-10210,West,TEC-AC-10004469,Technology,0.0,0.0,2015
2015-07-30,209.93,7,HA-14920,West,TEC-AC-10003628,Technology,0.0,0.0,2015
2015-07-30,5.28,3,HA-14920,West,FUR-FU-10003274,Furniture,0.0,0.0,2015
2015-07-30,10.92,3,HA-14920,West,OFF-BI-10002557,Office Supplies,0.2,-2.184,2015
2015-09-26,2.08,5,SC-20725,Central,OFF-BI-10004967,Office Supplies,0.8,-1.664,2015
2015-09-26,1114.4,7,SC-20725,Central,TEC-PH-10001760,Technology,0.2,-222.88,2015
2015-11-02,1038.84,5,JO-15280,West,FUR-TA-10002903,Furniture,0.2,-207.768,2015
2015-09-26,141.76,5,TB-21520,West,OFF-PA-10000474,Office Supplies,0.2,-28.352,2015
2015-09-26,239.8,5,TB-21520,West,TEC-AC-10001956,Technology,0.2,-47.96000000000001,2015
2015-09-26,31.104,6,TB-21520,West,OFF-PA-10004100,Office Supplies,0.2,-6.220800000000001,2015
2015-05-04,26.8,2,AS-10225,East,FUR-FU-10002671,Furniture,0.0,0.0,2015
2015-09-01,4.752,1,DB-13615,West,OFF-BI-10001922,Office Supplies,0.2,-0.9504,2015
2015-09-01,959.984,2,DB-13615,West,TEC-CO-10001449,Technology,0.2,-191.9968,2015
2015-09-01,14.368,4,DB-13615,West,OFF-BI-10004140,Office Supplies,0.2,-2.8736,2015
2015-06-22,4.96,4,KL-16645,West,OFF-FA-10000490,Office Supplies,0.0,0.0,2015
2015-12-20,88.8,4,CS-12130,Central,OFF-ST-10000107,Office Supplies,0.2,-17.76,2015
2015-04-28,8.652,3,RA-19915,Central,OFF-AP-10000696,Office Supplies,0.8,-6.9216,2015
2015-04-28,23.832,3,RA-19915,Central,OFF-ST-10003327,Office Supplies,0.2,-4.7664,2015
2015-04-28,12.176,4,RA-19915,Central,OFF-BI-10000309,Office Supplies,0.8,-9.7408,2015
2015-06-26,41.9,2,LA-16780,Central,TEC-AC-10004708,Technology,0.0,0.0,2015
2015-11-27,375.4575,3,DO-13435,South,FUR-TA-10000617,Furniture,0.45,-168.955875,2015
2015-11-27,83.976,3,DO-13435,South,TEC-AC-10002335,Technology,0.2,-16.7952,2015
2015-12-03,482.34,4,DK-13225,East,TEC-MA-10001681,Technology,0.7,-337.638,2015
2015-12-03,2.96,1,DK-13225,East,FUR-FU-10001935,Furniture,0.2,-0.592,2015
2015-10-31,70.12,4,HP-14815,Central,OFF-SU-10002573,Office Supplies,0.0,0.0,2015
2015-12-15,103.92,4,JH-15985,West,OFF-AP-10002472,Office Supplies,0.0,0.0,2015
2015-12-15,899.91,9,JH-15985,West,TEC-AC-10004571,Technology,0.0,0.0,2015
2015-12-15,51.312,3,JH-15985,West,OFF-BI-10001098,Office Supplies,0.2,-10.2624,2015
2015-01-17,254.744,7,JS-15940,Central,FUR-FU-10002918,Furniture,0.6,-152.8464,2015
2015-12-20,55.48,1,MH-17785,East,OFF-PA-10004071,Office Supplies,0.0,0.0,2015
2015-12-27,105.42,2,MD-17350,South,OFF-EN-10001434,Office Supplies,0.0,0.0,2015
2015-03-16,2.74,1,CM-12385,South,OFF-AR-10001662,Office Supplies,0.0,0.0,2015
2015-03-16,8.34,3,CM-12385,South,OFF-AR-10003856,Office Supplies,0.0,0.0,2015
2015-03-16,46.74,3,CM-12385,South,OFF-ST-10001228,Office Supplies,0.0,0.0,2015
2015-03-16,6354.95,5,CM-12385,South,OFF-BI-10003527,Office Supplies,0.0,0.0,2015
2015-03-22,18.392,1,DB-13210,Central,TEC-AC-10000171,Technology,0.2,-3.6784,2015
2015-03-22,129.568,2,DB-13210,Central,OFF-ST-10000736,Office Supplies,0.2,-25.9136,2015
2015-03-22,14.112,9,DB-13210,Central,OFF-BI-10000285,Office Supplies,0.8,-11.2896,2015
2015-12-26,22.2,5,BD-11605,East,OFF-FA-10002815,Office Supplies,0.0,0.0,2015
2015-09-03,36.336,3,MG-18145,East,OFF-ST-10004963,Office Supplies,0.2,-7.2672,2015
2015-09-03,666.248,1,MG-18145,East,OFF-SU-10002881,Office Supplies,0.2,-133.2496,2015
2015-09-03,52.512,6,MG-18145,East,OFF-EN-10001335,Office Supplies,0.2,-10.5024,2015
2015-11-07,190.72,1,KB-16240,West,FUR-CH-10000595,Furniture,0.2,-38.144,2015
2015-12-03,10.752,4,MP-17470,East,OFF-BI-10004528,Office Supplies,0.2,-2.1504,2015
2015-12-07,152.94,3,DK-12985,South,OFF-AP-10001271,Office Supplies,0.0,0.0,2015
2015-12-07,283.92,4,DK-12985,South,FUR-CH-10002647,Furniture,0.0,0.0,2015
2015-12-18,646.776,9,LM-17065,East,OFF-ST-10001809,Office Supplies,0.2,-129.3552,2015
2015-11-15,250.272,9,DK-13225,Central,OFF-ST-10000604,Office Supplies,0.2,-50.0544,2015
2015-11-15,11.364,3,DK-13225,Central,OFF-BI-10004738,Office Supplies,0.8,-9.0912,2015
2015-11-15,8.72,5,DK-13225,Central,OFF-SU-10001935,Office Supplies,0.2,-1.744,2015
2015-12-07,3.96,2,JF-15490,West,OFF-FA-10003467,Office Supplies,0.0,0.0,2015
2015-12-07,2.61,1,JF-15490,West,OFF-LA-10000634,Office Supplies,0.0,0.0,2015
2015-09-18,160.72,14,TG-21640,West,OFF-PA-10004530,Office Supplies,0.0,0.0,2015
2015-09-18,19.92,4,TG-21640,West,OFF-PA-10001450,Office Supplies,0.0,0.0,2015
2015-09-18,7.3,2,TG-21640,West,OFF-SU-10001574,Office Supplies,0.0,0.0,2015
2015-09-10,51.52,4,CC-12145,West,OFF-SU-10004498,Office Supplies,0.0,0.0,2015
2015-07-03,70.98,1,BD-11725,South,FUR-CH-10003956,Furniture,0.0,0.0,2015
2015-07-03,294.93,3,BD-11725,South,OFF-LA-10003930,Office Supplies,0.0,0.0,2015
2015-11-29,301.96,2,SF-20965,Central,FUR-CH-10004853,Furniture,0.0,0.0,2015
2015-11-29,555.21,5,SF-20965,Central,OFF-AP-10000179,Office Supplies,0.1,-55.52100000000001,2015
2015-11-29,523.48,4,SF-20965,Central,OFF-ST-10001272,Office Supplies,0.0,0.0,2015
2015-11-29,161.82,9,SF-20965,Central,OFF-AR-10004042,Office Supplies,0.0,0.0,2015
2015-10-04,392.94,3,DJ-13420,South,FUR-CH-10001482,Furniture,0.0,0.0,2015
2015-08-24,999.432,7,CB-12025,Central,OFF-ST-10001490,Office Supplies,0.2,-199.8864,2015
2015-08-24,724.08,14,CB-12025,Central,OFF-ST-10001511,Office Supplies,0.2,-144.816,2015
2015-08-24,918.785,5,CB-12025,Central,FUR-TA-10001768,Furniture,0.3,-275.6355,2015
2015-08-24,2.724,3,CB-12025,Central,OFF-BI-10003981,Office Supplies,0.8,-2.1792,2015
2015-03-28,166.24,1,AB-10165,West,TEC-AC-10002253,Technology,0.0,0.0,2015
2015-03-28,33.4,5,AB-10165,West,OFF-PA-10000743,Office Supplies,0.0,0.0,2015
2015-05-14,198.272,8,JO-15550,East,OFF-AR-10003373,Office Supplies,0.2,-39.6544,2015
2015-05-14,47.36,4,JO-15550,East,OFF-LA-10002312,Office Supplies,0.2,-9.472,2015
2015-05-14,200.984,7,JO-15550,East,OFF-EN-10000927,Office Supplies,0.2,-40.1968,2015
2015-05-14,97.696,4,JO-15550,East,OFF-LA-10003510,Office Supplies,0.2,-19.5392,2015
2015-05-14,2.696,1,JO-15550,East,OFF-AR-10001118,Office Supplies,0.2,-0.5392,2015
2015-05-14,18.588,2,JO-15550,East,OFF-BI-10001575,Office Supplies,0.7,-13.0116,2015
2015-05-14,4.896,3,JO-15550,East,OFF-BI-10001982,Office Supplies,0.7,-3.4272,2015
2015-04-09,369.912,3,JK-15370,West,FUR-TA-10002774,Furniture,0.2,-73.9824,2015
2015-12-07,79.92,4,MS-17830,West,FUR-FU-10002759,Furniture,0.0,0.0,2015
2015-08-31,58.32,9,AR-10510,West,OFF-PA-10003441,Office Supplies,0.0,0.0,2015
2015-02-08,107.982,3,LH-17020,East,TEC-PH-10003931,Technology,0.4,-43.19280000000001,2015
2015-08-21,544.008,3,NZ-18565,West,FUR-CH-10002335,Furniture,0.2,-108.8016,2015
2015-08-21,59.94,3,NZ-18565,West,OFF-PA-10000157,Office Supplies,0.0,0.0,2015
2015-08-21,23.92,4,NZ-18565,West,OFF-PA-10001947,Office Supplies,0.0,0.0,2015
2015-08-21,4.28,1,NZ-18565,West,OFF-PA-10003657,Office Supplies,0.0,0.0,2015
2015-10-03,32.07,5,BM-11785,East,OFF-BI-10001098,Office Supplies,0.7,-22.449,2015
2015-10-03,24.0,2,BM-11785,East,TEC-AC-10002167,Technology,0.2,-4.800000000000001,2015
2015-10-03,35.49,1,BM-11785,East,FUR-BO-10004409,Furniture,0.5,-17.745,2015
2015-10-03,47.984,2,BM-11785,East,TEC-AC-10000057,Technology,0.2,-9.5968,2015
2015-05-23,186.69,3,EA-14035,South,OFF-EN-10000056,Office Supplies,0.0,0.0,2015
2015-12-12,348.928,2,LT-17110,West,FUR-CH-10004675,Furniture,0.2,-69.7856,2015
2015-06-26,143.96,4,SA-20830,South,OFF-BI-10001543,Office Supplies,0.0,0.0,2015
2015-06-26,15.42,1,SA-20830,South,OFF-ST-10001321,Office Supplies,0.0,0.0,2015
2015-06-26,43.04,8,SA-20830,South,OFF-BI-10001132,Office Supplies,0.0,0.0,2015
2015-06-26,332.94,3,SA-20830,South,FUR-CH-10003199,Furniture,0.0,0.0,2015
2015-12-24,132.79,7,DB-13120,East,OFF-PA-10000176,Office Supplies,0.0,0.0,2015
2015-12-24,12.96,2,DB-13120,East,OFF-PA-10002365,Office Supplies,0.0,0.0,2015
2015-12-24,21.56,7,DB-13120,East,OFF-LA-10002271,Office Supplies,0.0,0.0,2015
2015-11-27,283.92,5,CD-11920,West,FUR-CH-10002647,Furniture,0.2,-56.78400000000001,2015
2015-02-03,28.4,2,AA-10375,Central,FUR-FU-10003347,Furniture,0.0,0.0,2015
2015-02-03,149.97,3,AA-10375,Central,TEC-AC-10004901,Technology,0.0,0.0,2015
2015-03-20,51.84,8,BW-11110,Central,OFF-PA-10000061,Office Supplies,0.0,0.0,2015
2015-11-20,60.45,3,BM-11650,East,OFF-AR-10004648,Office Supplies,0.0,0.0,2015
2015-11-20,11.52,4,BM-11650,East,OFF-AR-10002578,Office Supplies,0.0,0.0,2015
2015-11-20,186.048,4,BM-11650,East,FUR-BO-10001519,Furniture,0.2,-37.2096,2015
2015-10-13,83.72,7,AF-10885,South,TEC-PH-10001552,Technology,0.0,0.0,2015
2015-10-13,287.94,3,AF-10885,South,FUR-CH-10001891,Furniture,0.0,0.0,2015
2015-10-19,34.44,3,TB-21520,East,OFF-PA-10003591,Office Supplies,0.0,0.0,2015
2015-10-09,30.84,2,DK-13090,South,OFF-ST-10001321,Office Supplies,0.0,0.0,2015
2015-04-25,13.944,3,JS-15595,West,OFF-BI-10002071,Office Supplies,0.2,-2.7888,2015
2015-05-31,22.2,6,SC-20050,East,FUR-FU-10001935,Furniture,0.0,0.0,2015
2015-04-11,85.14,3,SE-20110,East,TEC-AC-10002473,Technology,0.0,0.0,2015
2015-04-11,21.99,1,SE-20110,East,TEC-PH-10004531,Technology,0.0,0.0,2015
2015-04-11,406.6,5,SE-20110,East,OFF-AP-10004487,Office Supplies,0.0,0.0,2015
2015-10-05,46.2,4,JJ-15760,South,OFF-AR-10000658,Office Supplies,0.0,0.0,2015
2015-10-05,28.84,2,JJ-15760,South,OFF-AP-10000696,Office Supplies,0.0,0.0,2015
2015-12-13,12.96,2,RP-19270,West,OFF-PA-10000289,Office Supplies,0.0,0.0,2015
2015-12-13,134.48,4,RP-19270,West,OFF-AP-10003040,Office Supplies,0.0,0.0,2015
2015-05-29,32.4,5,JL-15850,West,OFF-PA-10004101,Office Supplies,0.0,0.0,2015
2015-05-29,540.57,3,JL-15850,West,OFF-ST-10001496,Office Supplies,0.0,0.0,2015
2015-05-29,167.76,5,JL-15850,West,OFF-BI-10002931,Office Supplies,0.2,-33.552,2015
2015-07-26,393.165,3,CA-12775,West,FUR-TA-10002356,Furniture,0.5,-196.5825,2015
2015-09-22,204.6,2,DL-12925,West,FUR-FU-10004188,Furniture,0.0,0.0,2015
2015-11-27,6.24,2,TB-21190,South,OFF-BI-10000145,Office Supplies,0.0,0.0,2015
2015-12-09,34.02,3,KB-16600,Central,OFF-PA-10004156,Office Supplies,0.0,0.0,2015
2015-03-10,1.112,2,TS-21340,Central,OFF-BI-10004022,Office Supplies,0.8,-0.8896000000000002,2015
2015-03-29,1166.92,5,SL-20155,South,FUR-CH-10004086,Furniture,0.2,-233.384,2015
2015-10-28,10.67,1,RD-19585,South,OFF-EN-10003862,Office Supplies,0.0,0.0,2015
2015-10-28,36.63,3,RD-19585,South,OFF-ST-10004258,Office Supplies,0.0,0.0,2015
2015-10-28,24.1,5,RD-19585,South,FUR-FU-10002885,Furniture,0.0,0.0,2015
2015-10-28,33.11,7,RD-19585,South,FUR-FU-10001918,Furniture,0.0,0.0,2015
2015-07-31,2309.65,7,RH-19495,East,TEC-AC-10003033,Technology,0.0,0.0,2015
2015-07-31,1090.782,7,RH-19495,East,FUR-TA-10002903,Furniture,0.4,-436.3128,2015
2015-07-31,19.44,3,RH-19495,East,OFF-PA-10004621,Office Supplies,0.0,0.0,2015
2015-08-27,484.65,3,RA-19945,West,OFF-ST-10000046,Office Supplies,0.0,0.0,2015
2015-11-13,115.296,3,JK-15730,South,OFF-PA-10001790,Office Supplies,0.2,-23.0592,2015
2015-11-06,7.08,3,MT-17815,West,OFF-EN-10002600,Office Supplies,0.2,-1.416,2015
2015-11-06,4.401,3,MT-17815,West,OFF-BI-10002049,Office Supplies,0.7,-3.0807,2015
2015-12-21,1618.37,13,JS-15880,West,FUR-TA-10003748,Furniture,0.0,0.0,2015
2015-12-21,99.6,1,JS-15880,West,TEC-AC-10003198,Technology,0.0,0.0,2015
2015-09-17,32.4,5,MO-17800,West,OFF-PA-10004100,Office Supplies,0.0,0.0,2015
2015-07-06,13.96,2,KM-16225,East,FUR-FU-10002191,Furniture,0.0,0.0,2015
2015-07-06,155.82,3,KM-16225,East,FUR-FU-10000965,Furniture,0.0,0.0,2015
2015-07-06,124.95,5,KM-16225,East,TEC-PH-10004188,Technology,0.0,0.0,2015
2015-07-06,601.65,5,KM-16225,East,OFF-ST-10001526,Office Supplies,0.0,0.0,2015
2015-04-27,22.74,3,GT-14710,East,OFF-AR-10001166,Office Supplies,0.0,0.0,2015
2015-04-27,1267.53,3,GT-14710,East,FUR-CH-10000309,Furniture,0.0,0.0,2015
2015-04-27,1379.92,8,GT-14710,East,TEC-MA-10004212,Technology,0.0,0.0,2015
2015-06-16,6.208,2,PB-19150,East,OFF-EN-10003072,Office Supplies,0.2,-1.2416,2015
2015-06-13,36.624,3,JJ-15445,West,OFF-BI-10003707,Office Supplies,0.2,-7.324800000000001,2015
2015-07-03,168.464,2,DG-13300,East,FUR-FU-10000293,Furniture,0.2,-33.6928,2015
2015-07-03,6.72,2,DG-13300,East,OFF-PA-10001307,Office Supplies,0.2,-1.344,2015
2015-07-03,282.888,9,DG-13300,East,FUR-FU-10004460,Furniture,0.2,-56.5776,2015
2015-04-04,11.16,2,NF-18595,East,OFF-AR-10000716,Office Supplies,0.0,0.0,2015
2015-04-04,108.4,2,NF-18595,East,FUR-FU-10004622,Furniture,0.0,0.0,2015
2015-04-04,82.344,3,NF-18595,East,OFF-BI-10002735,Office Supplies,0.2,-16.4688,2015
2015-04-04,9.088,4,NF-18595,East,OFF-BI-10003529,Office Supplies,0.2,-1.8176,2015
2015-03-23,107.772,2,JD-16060,Central,FUR-CH-10003396,Furniture,0.3,-32.3316,2015
2015-04-16,45.216,3,TS-21160,East,OFF-AP-10002350,Office Supplies,0.2,-9.0432,2015
2015-04-16,10.416,7,TS-21160,East,OFF-FA-10004838,Office Supplies,0.2,-2.0832,2015
2015-04-16,7.872,3,TS-21160,East,OFF-AR-10004757,Office Supplies,0.2,-1.5744,2015
2015-04-16,118.782,3,TS-21160,East,TEC-PH-10002115,Technology,0.4,-47.5128,2015
2015-04-16,1.448,1,TS-21160,East,OFF-FA-10003059,Office Supplies,0.2,-0.2896,2015
2015-04-16,55.47,5,TS-21160,East,OFF-BI-10004330,Office Supplies,0.7,-38.82899999999999,2015
2015-07-25,25.176,4,RB-19795,East,OFF-BI-10001524,Office Supplies,0.7,-17.6232,2015
2015-11-20,19.46,7,SN-20560,West,OFF-AR-10003732,Office Supplies,0.0,0.0,2015
2015-11-29,19.92,4,BT-11395,Central,OFF-PA-10000349,Office Supplies,0.0,0.0,2015
2015-11-29,1106.91,9,BT-11395,Central,FUR-CH-10002880,Furniture,0.0,0.0,2015
2015-12-06,120.15,9,NP-18325,West,OFF-AR-10002952,Office Supplies,0.0,0.0,2015
2015-12-06,219.184,2,NP-18325,West,TEC-PH-10000576,Technology,0.2,-43.8368,2015
2015-12-27,28.9,5,BT-11485,East,OFF-PA-10000605,Office Supplies,0.0,0.0,2015
2015-12-27,355.96,2,BT-11485,East,OFF-AP-10002518,Office Supplies,0.0,0.0,2015
2015-09-04,279.9,5,CS-12355,South,OFF-PA-10001970,Office Supplies,0.0,0.0,2015
2015-09-04,619.95,5,CS-12355,South,TEC-AC-10002049,Technology,0.0,0.0,2015
2015-09-04,4.36,2,CS-12355,South,OFF-PA-10000141,Office Supplies,0.0,0.0,2015
2015-09-04,15.28,2,CS-12355,South,OFF-EN-10004459,Office Supplies,0.0,0.0,2015
2015-03-02,10.16,1,PA-19060,Central,OFF-AR-10003156,Office Supplies,0.0,0.0,2015
2015-03-02,101.88,6,PA-19060,Central,OFF-EN-10001532,Office Supplies,0.0,0.0,2015
2015-04-04,644.076,2,NC-18340,Central,OFF-AP-10003849,Office Supplies,0.1,-64.4076,2015
2015-04-04,5.84,2,NC-18340,Central,OFF-FA-10000735,Office Supplies,0.0,0.0,2015
2015-04-04,12.76,2,NC-18340,Central,OFF-BI-10003350,Office Supplies,0.0,0.0,2015
2015-04-04,10.95,1,NC-18340,Central,TEC-PH-10000307,Technology,0.0,0.0,2015
2015-04-04,599.98,2,NC-18340,Central,TEC-CO-10004202,Technology,0.0,0.0,2015
2015-05-08,8.352,6,CB-12535,East,FUR-FU-10001852,Furniture,0.2,-1.6704,2015
2015-11-02,447.93,9,KC-16540,West,TEC-AC-10001552,Technology,0.0,0.0,2015
2015-10-22,5.176,4,LT-17110,Central,OFF-BI-10000301,Office Supplies,0.8,-4.1408,2015
2015-08-22,50.112,6,DP-13105,East,OFF-BI-10003694,Office Supplies,0.2,-10.0224,2015
2015-09-15,15.552,3,NG-18355,South,OFF-PA-10001937,Office Supplies,0.2,-3.1104,2015
2015-09-15,15.712,4,NG-18355,South,FUR-FU-10002268,Furniture,0.2,-3.1424,2015
2015-09-15,24.672,2,NG-18355,South,OFF-ST-10001321,Office Supplies,0.2,-4.9344,2015
2015-09-15,55.968,1,NG-18355,South,FUR-FU-10003394,Furniture,0.2,-11.1936,2015
2015-10-31,2.78,2,KT-16480,East,OFF-AR-10000369,Office Supplies,0.0,0.0,2015
2015-10-31,79.96,2,KT-16480,East,OFF-EN-10003055,Office Supplies,0.0,0.0,2015
2015-07-04,1099.96,4,IM-15070,Central,TEC-PH-10004165,Technology,0.0,0.0,2015
2015-12-06,2.772,7,KW-16435,Central,OFF-BI-10002813,Office Supplies,0.8,-2.2176,2015
2015-07-04,15.48,3,AD-10180,East,OFF-AR-10004817,Office Supplies,0.0,0.0,2015
2015-08-27,32.94,3,PF-19165,West,OFF-SU-10001218,Office Supplies,0.0,0.0,2015
2015-08-27,114.2,5,PF-19165,West,OFF-PA-10002968,Office Supplies,0.0,0.0,2015
2015-08-27,3.08,1,PF-19165,West,OFF-LA-10000134,Office Supplies,0.0,0.0,2015
2015-05-25,845.728,13,JH-16180,West,OFF-AP-10004487,Office Supplies,0.2,-169.1456,2015
2015-10-04,26.96,2,AA-10315,West,OFF-ST-10001590,Office Supplies,0.0,0.0,2015
2015-09-19,61.96,2,TC-21535,South,FUR-BO-10003433,Furniture,0.0,0.0,2015
2015-06-14,51.072,6,AD-10180,East,FUR-FU-10001867,Furniture,0.2,-10.2144,2015
2015-05-28,47.82,3,KB-16315,East,OFF-AR-10000411,Office Supplies,0.0,0.0,2015
2015-05-28,13.05,5,KB-16315,East,OFF-LA-10000262,Office Supplies,0.0,0.0,2015
2015-12-24,590.058,7,JR-15670,West,FUR-BO-10002613,Furniture,0.7,-413.0406,2015
2015-12-24,14.04,3,JR-15670,West,OFF-AR-10003405,Office Supplies,0.2,-2.808,2015
2015-09-14,912.75,5,CA-12265,West,FUR-TA-10003008,Furniture,0.0,0.0,2015
2015-09-21,946.344,7,SV-20815,Central,TEC-PH-10002922,Technology,0.2,-189.2688,2015
2015-09-21,151.2,3,SV-20815,Central,TEC-AC-10004353,Technology,0.2,-30.24,2015
2015-09-21,4.928,4,SV-20815,Central,FUR-FU-10001706,Furniture,0.6,-2.9568,2015
2015-09-26,86.272,4,RW-19540,West,OFF-PA-10000501,Office Supplies,0.2,-17.2544,2015
2015-09-26,72.588,2,RW-19540,West,OFF-BI-10000778,Office Supplies,0.7,-50.81159999999999,2015
2015-09-26,60.672,2,RW-19540,West,OFF-AP-10004980,Office Supplies,0.2,-12.1344,2015
2015-09-26,77.031,9,RW-19540,West,OFF-BI-10003984,Office Supplies,0.7,-53.9217,2015
2015-09-26,119.904,6,RW-19540,West,OFF-ST-10000798,Office Supplies,0.2,-23.9808,2015
2015-09-26,263.96,5,RW-19540,West,TEC-PH-10001750,Technology,0.2,-52.792,2015
2015-09-26,363.648,4,RW-19540,West,OFF-ST-10002743,Office Supplies,0.2,-72.7296,2015
2015-10-31,9.728,2,DK-12835,West,OFF-BI-10002949,Office Supplies,0.2,-1.9456,2015
2015-10-31,14.75,5,DK-12835,West,OFF-EN-10002600,Office Supplies,0.0,0.0,2015
2015-10-31,29.8,5,DK-12835,West,OFF-BI-10003708,Office Supplies,0.2,-5.960000000000001,2015
2015-10-31,427.42,14,DK-12835,West,OFF-LA-10003510,Office Supplies,0.0,0.0,2015
2015-10-15,263.88,3,JE-15745,Central,TEC-AC-10004975,Technology,0.2,-52.776,2015
2015-10-15,2453.43,5,JE-15745,Central,FUR-CH-10002024,Furniture,0.3,-736.0289999999999,2015
2015-10-01,139.424,4,SC-20440,West,OFF-ST-10002974,Office Supplies,0.2,-27.8848,2015
2015-05-01,88.752,3,JB-15400,West,TEC-PH-10004348,Technology,0.2,-17.7504,2015
2015-07-19,2.025,1,TS-21085,West,OFF-BI-10004352,Office Supplies,0.7,-1.4175,2015
2015-08-17,52.2,9,SC-20440,East,OFF-BI-10002412,Office Supplies,0.0,0.0,2015
2015-12-01,55.424,2,LC-17140,West,OFF-BI-10001765,Office Supplies,0.2,-11.0848,2015
2015-05-16,255.968,4,TH-21550,South,TEC-AC-10002402,Technology,0.2,-51.1936,2015
2015-09-24,6.848,2,ON-18715,East,OFF-AR-10000634,Office Supplies,0.2,-1.3696,2015
2015-12-01,6.688,4,NM-18520,Central,FUR-FU-10004270,Furniture,0.6,-4.012799999999999,2015
2015-11-03,1212.848,7,CM-12655,West,TEC-PH-10003580,Technology,0.2,-242.5696,2015
2015-11-03,89.97,3,CM-12655,West,TEC-AC-10001109,Technology,0.0,0.0,2015
2015-11-03,42.6,3,CM-12655,West,FUR-FU-10003347,Furniture,0.0,0.0,2015
2015-08-01,6.72,4,PC-19000,West,OFF-AR-10001868,Office Supplies,0.0,0.0,2015
2015-08-01,1004.976,6,PC-19000,West,FUR-TA-10003715,Furniture,0.2,-200.9952,2015
2015-12-06,206.112,6,GH-14425,West,FUR-FU-10002253,Furniture,0.2,-41.2224,2015
2015-12-06,19.92,5,GH-14425,West,OFF-PA-10002586,Office Supplies,0.2,-3.984,2015
2015-12-06,198.272,8,GH-14425,West,OFF-PA-10003039,Office Supplies,0.2,-39.6544,2015
2015-12-06,247.104,6,GH-14425,West,OFF-ST-10004804,Office Supplies,0.2,-49.42080000000001,2015
2015-12-06,86.304,6,GH-14425,West,OFF-AR-10004042,Office Supplies,0.2,-17.2608,2015
2015-11-07,26.18,7,MC-18130,East,OFF-FA-10004968,Office Supplies,0.0,0.0,2015
2015-11-07,7.3,2,MC-18130,East,OFF-PA-10001274,Office Supplies,0.0,0.0,2015
2015-03-26,74.352,3,BV-11245,South,OFF-PA-10001125,Office Supplies,0.2,-14.8704,2015
2015-11-23,335.52,4,VB-21745,Central,OFF-PA-10000994,Office Supplies,0.2,-67.104,2015
2015-11-23,23.912,2,VB-21745,Central,OFF-BI-10002867,Office Supplies,0.8,-19.1296,2015
2015-11-23,27.056,2,VB-21745,Central,OFF-ST-10001291,Office Supplies,0.2,-5.411200000000001,2015
2015-02-06,5.28,3,VW-21775,West,OFF-AR-10001315,Office Supplies,0.0,0.0,2015
2015-03-16,171.96,2,JE-15475,West,FUR-TA-10001039,Furniture,0.0,0.0,2015
2015-11-09,11.352,3,CM-12190,East,OFF-PA-10004000,Office Supplies,0.2,-2.2704,2015
2015-03-19,453.576,3,JO-15550,West,TEC-PH-10004539,Technology,0.2,-90.71520000000001,2015
2015-11-29,21.48,3,AW-10840,Central,TEC-AC-10003038,Technology,0.2,-4.296,2015
2015-11-29,8.784,4,AW-10840,Central,OFF-BI-10000088,Office Supplies,0.8,-7.027200000000001,2015
2015-08-09,307.98,2,NP-18325,East,TEC-PH-10003012,Technology,0.0,0.0,2015
2015-08-09,382.806,9,NP-18325,East,FUR-TA-10002607,Furniture,0.4,-153.1224,2015
2015-08-09,41.96,2,NP-18325,East,OFF-ST-10000642,Office Supplies,0.0,0.0,2015
2015-08-09,1217.568,2,NP-18325,East,OFF-BI-10000545,Office Supplies,0.2,-243.5136,2015
2015-08-09,47.04,3,NP-18325,East,FUR-FU-10002157,Furniture,0.0,0.0,2015
2015-08-09,6.16,2,NP-18325,East,FUR-FU-10001706,Furniture,0.0,0.0,2015
2015-08-09,979.95,5,NP-18325,East,TEC-PH-10000984,Technology,0.0,0.0,2015
2015-08-09,143.7,3,NP-18325,East,OFF-PA-10001357,Office Supplies,0.0,0.0,2015
2015-08-09,10.65,3,NP-18325,East,OFF-FA-10000992,Office Supplies,0.0,0.0,2015
2015-08-09,247.8,4,NP-18325,East,TEC-AC-10002600,Technology,0.0,0.0,2015
2015-06-23,201.568,4,RD-19480,West,TEC-PH-10004830,Technology,0.2,-40.31360000000001,2015
2015-03-24,359.058,3,DP-13390,Central,FUR-BO-10000362,Furniture,0.3,-107.7174,2015
2015-08-10,3.75,1,JK-16120,Central,OFF-LA-10002787,Office Supplies,0.0,0.0,2015
2015-08-10,41.4,4,JK-16120,Central,OFF-LA-10002043,Office Supplies,0.0,0.0,2015
2015-08-10,29.79,3,JK-16120,Central,OFF-AR-10001915,Office Supplies,0.0,0.0,2015
2015-12-19,675.96,5,JG-15160,West,TEC-PH-10002922,Technology,0.2,-135.192,2015
2015-12-19,1265.85,3,JG-15160,West,TEC-AC-10002049,Technology,0.0,0.0,2015
2015-11-16,523.25,5,PO-19180,East,OFF-AP-10002457,Office Supplies,0.0,0.0,2015
2015-09-24,517.5,6,MC-17275,South,FUR-CH-10001270,Furniture,0.0,0.0,2015
2015-03-19,1247.64,3,FH-14365,West,OFF-ST-10000142,Office Supplies,0.0,0.0,2015
2015-03-19,3149.93,7,FH-14365,West,TEC-CO-10001766,Technology,0.0,0.0,2015
2015-03-19,209.7,2,FH-14365,West,OFF-PA-10004359,Office Supplies,0.0,0.0,2015
2015-11-01,35.36,2,VM-21685,East,TEC-AC-10002323,Technology,0.2,-7.072,2015
2015-11-01,3.168,2,VM-21685,East,OFF-FA-10001135,Office Supplies,0.2,-0.6336,2015
2015-09-26,121.104,6,SF-20200,East,OFF-BI-10004224,Office Supplies,0.7,-84.77279999999999,2015
2015-09-26,45.894,1,SF-20200,East,TEC-PH-10003357,Technology,0.4,-18.3576,2015
2015-01-10,1018.104,4,MM-17920,East,FUR-TA-10001889,Furniture,0.4,-407.2416000000001,2015
2015-12-11,196.62,2,SW-20455,South,OFF-LA-10003930,Office Supplies,0.0,0.0,2015
2015-09-17,21.936,2,SF-20965,Central,FUR-FU-10003535,Furniture,0.6,-13.1616,2015
2015-09-17,6.588,3,SF-20965,Central,OFF-BI-10000088,Office Supplies,0.8,-5.2704,2015
2015-09-25,63.96,4,PO-19195,East,TEC-AC-10002006,Technology,0.0,0.0,2015
2015-09-25,14.46,3,PO-19195,East,OFF-BI-10003314,Office Supplies,0.0,0.0,2015
2015-09-25,104.98,2,PO-19195,East,TEC-PH-10002726,Technology,0.0,0.0,2015
2015-12-27,106.96,2,AG-10900,West,OFF-AP-10000240,Office Supplies,0.0,0.0,2015
2015-12-27,21.56,7,AG-10900,West,OFF-LA-10002381,Office Supplies,0.0,0.0,2015
2015-07-13,11.808,2,ND-18370,East,OFF-BI-10000320,Office Supplies,0.2,-2.3616,2015
2015-07-13,1931.04,9,ND-18370,East,FUR-CH-10000595,Furniture,0.1,-193.104,2015
2015-07-13,9.96,2,ND-18370,East,OFF-PA-10000349,Office Supplies,0.0,0.0,2015
2015-11-22,11.61,2,IM-15070,East,OFF-BI-10003638,Office Supplies,0.7,-8.126999999999999,2015
2015-01-30,14.304,6,JP-15520,Central,OFF-PA-10004405,Office Supplies,0.2,-2.8608,2015
2015-12-20,159.984,2,KD-16345,Central,TEC-PH-10001061,Technology,0.2,-31.9968,2015
2015-12-20,255.968,4,KD-16345,Central,TEC-AC-10000736,Technology,0.2,-51.1936,2015
2015-12-20,359.058,3,KD-16345,Central,FUR-BO-10003966,Furniture,0.3,-107.7174,2015
2015-12-19,434.352,3,JK-15370,East,OFF-AP-10000828,Office Supplies,0.2,-86.8704,2015
2015-12-19,3.552,2,JK-15370,East,OFF-AP-10002906,Office Supplies,0.2,-0.7104,2015
2015-12-19,88.832,4,JK-15370,East,OFF-AP-10003860,Office Supplies,0.2,-17.7664,2015
2015-09-03,31.44,3,DB-13120,West,OFF-ST-10001325,Office Supplies,0.0,0.0,2015
2015-09-03,17.9,2,DB-13120,West,TEC-AC-10003038,Technology,0.0,0.0,2015
2015-09-03,129.45,5,DB-13120,West,TEC-AC-10003590,Technology,0.0,0.0,2015
2015-11-22,206.962,2,MO-17800,Central,FUR-TA-10004607,Furniture,0.3,-62.08859999999999,2015
2015-12-08,360.712,11,TT-21460,Central,OFF-PA-10000100,Office Supplies,0.2,-72.1424,2015
2015-12-08,1718.4,6,TT-21460,Central,TEC-PH-10001817,Technology,0.2,-343.6800000000001,2015
2015-07-13,41.568,6,SL-20155,Central,OFF-BI-10001765,Office Supplies,0.8,-33.2544,2015
2015-09-05,411.332,4,AG-10900,West,FUR-BO-10000330,Furniture,0.15,-61.6998,2015
2015-09-05,28.752,6,AG-10900,West,OFF-BI-10001900,Office Supplies,0.2,-5.7504,2015
2015-09-05,293.199,3,AG-10900,West,FUR-BO-10003159,Furniture,0.15,-43.97985,2015
2015-11-24,368.91,9,DP-13000,West,OFF-PA-10000675,Office Supplies,0.0,0.0,2015
2015-11-24,14.7,5,DP-13000,West,OFF-AR-10003045,Office Supplies,0.0,0.0,2015
2015-07-09,6.58,2,CB-12535,East,OFF-PA-10001609,Office Supplies,0.0,0.0,2015
2015-07-09,122.94,3,CB-12535,East,OFF-BI-10001597,Office Supplies,0.0,0.0,2015
2015-02-15,134.97,3,RP-19855,Central,TEC-PH-10001819,Technology,0.0,0.0,2015
2015-02-15,699.98,2,RP-19855,Central,TEC-PH-10000560,Technology,0.0,0.0,2015
2015-02-15,139.95,5,RP-19855,Central,TEC-AC-10004568,Technology,0.0,0.0,2015
2015-09-14,170.136,3,SP-20620,West,FUR-TA-10002607,Furniture,0.2,-34.0272,2015
2015-06-04,7.38,2,LL-16840,West,OFF-LA-10000443,Office Supplies,0.0,0.0,2015
2015-06-04,9.26,2,LL-16840,West,OFF-AR-10004685,Office Supplies,0.0,0.0,2015
2015-12-13,9.96,2,MC-17575,West,OFF-LA-10001771,Office Supplies,0.0,0.0,2015
2015-07-13,38.88,6,ND-18460,South,OFF-PA-10000019,Office Supplies,0.0,0.0,2015
2015-11-05,207.0,3,GB-14530,South,FUR-CH-10001270,Furniture,0.2,-41.40000000000001,2015
2015-02-09,40.096,4,FA-14230,Central,OFF-LA-10001074,Office Supplies,0.2,-8.0192,2015
2015-02-09,40.784,2,FA-14230,Central,FUR-FU-10001986,Furniture,0.6,-24.4704,2015
2015-07-20,34.76,1,RK-19300,Central,OFF-ST-10000464,Office Supplies,0.0,0.0,2015
2015-07-20,831.2,5,RK-19300,Central,TEC-AC-10002253,Technology,0.0,0.0,2015
2015-07-20,26.4,5,RK-19300,Central,OFF-PA-10000528,Office Supplies,0.0,0.0,2015
2015-07-20,106.75,7,RK-19300,Central,OFF-EN-10000483,Office Supplies,0.0,0.0,2015
2015-07-20,97.82,2,RK-19300,Central,OFF-PA-10003129,Office Supplies,0.0,0.0,2015
2015-07-20,141.4,5,RK-19300,Central,OFF-ST-10003442,Office Supplies,0.0,0.0,2015
2015-09-03,137.62,2,JB-15400,East,OFF-AP-10002311,Office Supplies,0.0,0.0,2015
2015-09-03,100.49,1,JB-15400,East,TEC-PH-10004959,Technology,0.0,0.0,2015
2015-06-25,31.104,6,CH-12070,East,OFF-PA-10003309,Office Supplies,0.2,-6.220800000000001,2015
2015-06-25,78.256,2,CH-12070,East,OFF-ST-10002554,Office Supplies,0.2,-15.6512,2015
2015-03-05,29.34,3,LF-17185,East,OFF-EN-10002621,Office Supplies,0.0,0.0,2015
2015-03-05,383.607,7,LF-17185,East,FUR-CH-10001146,Furniture,0.1,-38.3607,2015
2015-03-05,563.4,4,LF-17185,East,OFF-ST-10000689,Office Supplies,0.0,0.0,2015
2015-12-31,487.984,2,JO-15280,West,OFF-BI-10004632,Office Supplies,0.2,-97.5968,2015
2015-02-03,136.92,4,RW-19540,West,FUR-FU-10004093,Furniture,0.0,0.0,2015
2015-11-08,11.65,5,HA-14905,East,OFF-AR-10001573,Office Supplies,0.0,0.0,2015
2015-10-30,299.9,2,CH-12070,Central,TEC-PH-10001809,Technology,0.0,0.0,2015
2015-10-03,15.008,2,MZ-17515,East,OFF-ST-10002562,Office Supplies,0.2,-3.0016,2015
2015-05-25,14.73,3,NP-18685,West,FUR-FU-10002268,Furniture,0.0,0.0,2015
2015-05-08,5.248,2,AA-10375,West,OFF-AR-10000127,Office Supplies,0.2,-1.0496,2015
2015-12-14,3.76,2,MM-18280,South,OFF-BI-10004187,Office Supplies,0.0,0.0,2015
2015-11-09,17.22,3,AS-10090,Central,OFF-BI-10002393,Office Supplies,0.0,0.0,2015
2015-11-09,1024.38,7,AS-10090,Central,FUR-TA-10002855,Furniture,0.0,0.0,2015
2015-11-09,26.22,3,AS-10090,Central,OFF-EN-10000781,Office Supplies,0.0,0.0,2015
2015-11-09,17.34,3,AS-10090,Central,OFF-PA-10002160,Office Supplies,0.0,0.0,2015
2015-12-11,159.984,2,SC-20800,Central,TEC-AC-10001606,Technology,0.2,-31.9968,2015
2015-12-11,46.344,3,SC-20800,Central,OFF-ST-10000943,Office Supplies,0.2,-9.2688,2015
2015-03-19,17.568,2,BK-11260,West,OFF-BI-10000088,Office Supplies,0.2,-3.5136,2015
2015-03-19,14.62,2,BK-11260,West,OFF-LA-10000240,Office Supplies,0.0,0.0,2015
2015-03-19,33.36,4,BK-11260,West,OFF-SU-10001165,Office Supplies,0.0,0.0,2015
2015-03-19,40.14,6,BK-11260,West,OFF-PA-10002749,Office Supplies,0.0,0.0,2015
2015-03-13,141.96,2,MC-17275,West,FUR-BO-10004409,Furniture,0.0,0.0,2015
2015-11-26,14.73,3,GP-14740,East,OFF-BI-10000343,Office Supplies,0.0,0.0,2015
2015-11-26,104.9,5,GP-14740,East,OFF-ST-10001172,Office Supplies,0.0,0.0,2015
2015-11-26,61.04,4,GP-14740,East,OFF-BI-10003707,Office Supplies,0.0,0.0,2015
2015-11-26,10.95,3,GP-14740,East,OFF-PA-10001274,Office Supplies,0.0,0.0,2015
2015-01-23,29.04,3,CW-11905,West,OFF-PA-10002893,Office Supplies,0.0,0.0,2015
2015-01-23,14.62,2,CW-11905,West,OFF-LA-10003077,Office Supplies,0.0,0.0,2015
2015-06-18,11.952,3,SN-20560,West,OFF-PA-10001661,Office Supplies,0.2,-2.3904,2015
2015-06-18,4.536,7,SN-20560,West,OFF-BI-10004656,Office Supplies,0.7,-3.175199999999999,2015
2015-06-18,9.156,2,SN-20560,West,OFF-BI-10003707,Office Supplies,0.7,-6.4092,2015
2015-06-18,75.36,5,SN-20560,West,FUR-FU-10004973,Furniture,0.2,-15.072,2015
2015-10-02,57.504,6,EB-13705,West,OFF-BI-10004817,Office Supplies,0.2,-11.5008,2015
2015-07-11,289.8,7,CK-12595,East,FUR-FU-10004848,Furniture,0.2,-57.96000000000001,2015
2015-07-11,2.502,3,CK-12595,East,OFF-BI-10004022,Office Supplies,0.7,-1.7514,2015
2015-07-11,6.48,4,CK-12595,East,OFF-BI-10003669,Office Supplies,0.7,-4.536,2015
2015-07-11,341.488,8,CK-12595,East,FUR-CH-10003833,Furniture,0.3,-102.4464,2015
2015-07-11,11.12,5,CK-12595,East,OFF-AR-10003732,Office Supplies,0.2,-2.224,2015
2015-07-11,25.344,6,CK-12595,East,FUR-FU-10003142,Furniture,0.2,-5.0688,2015
2015-04-13,199.96,4,ZC-21910,West,TEC-AC-10002800,Technology,0.0,0.0,2015
2015-04-13,710.832,3,ZC-21910,West,FUR-TA-10003954,Furniture,0.2,-142.1664,2015
2015-12-24,106.232,7,MS-17365,West,OFF-PA-10001295,Office Supplies,0.2,-21.2464,2015
2015-12-24,111.984,2,MS-17365,West,TEC-PH-10002170,Technology,0.2,-22.3968,2015
2015-12-24,7.712,2,MS-17365,West,FUR-FU-10002885,Furniture,0.2,-1.5424,2015
2015-10-26,5.76,2,MY-17380,West,OFF-LA-10004008,Office Supplies,0.0,0.0,2015
2015-04-13,12.88,1,AW-10840,West,OFF-SU-10004498,Office Supplies,0.0,0.0,2015
2015-11-25,13.12,5,SF-20065,South,OFF-AR-10001177,Office Supplies,0.2,-2.624,2015
2015-10-31,19.98,1,SG-20080,West,OFF-PA-10000157,Office Supplies,0.0,0.0,2015
2015-10-31,398.352,3,SG-20080,West,OFF-BI-10004519,Office Supplies,0.2,-79.6704,2015
2015-10-31,5.04,3,SG-20080,West,OFF-AR-10004272,Office Supplies,0.0,0.0,2015
2015-10-31,17.45,5,SG-20080,West,OFF-FA-10000585,Office Supplies,0.0,0.0,2015
2015-10-31,323.136,4,SG-20080,West,FUR-CH-10004218,Furniture,0.2,-64.6272,2015
2015-10-31,29.7,3,SG-20080,West,OFF-SU-10004231,Office Supplies,0.0,0.0,2015
2015-10-31,1295.84,4,SG-20080,West,TEC-PH-10001578,Technology,0.2,-259.168,2015
2015-10-31,46.84,2,SG-20080,West,OFF-ST-10003638,Office Supplies,0.0,0.0,2015
2015-10-31,425.833,1,SG-20080,West,FUR-BO-10002213,Furniture,0.15,-63.87495,2015
2015-10-12,209.67,1,RK-19300,East,FUR-TA-10001307,Furniture,0.4,-83.868,2015
2015-10-04,64.944,3,JK-16120,East,FUR-FU-10003623,Furniture,0.2,-12.9888,2015
2015-10-04,20.736,4,JK-16120,East,OFF-PA-10001293,Office Supplies,0.2,-4.147200000000001,2015
2015-11-20,19.65,3,DL-12865,East,OFF-PA-10003883,Office Supplies,0.0,0.0,2015
2015-11-30,152.991,3,WB-21850,East,OFF-BI-10003656,Office Supplies,0.7,-107.0937,2015
2015-11-30,10.584,7,WB-21850,East,OFF-FA-10000053,Office Supplies,0.2,-2.1168,2015
2015-11-30,94.92,4,WB-21850,East,TEC-PH-10002807,Technology,0.4,-37.968,2015
2015-12-31,14.76,5,TB-21625,Central,FUR-FU-10002364,Furniture,0.6,-8.856,2015
2015-12-31,3.656,4,TB-21625,Central,OFF-BI-10002954,Office Supplies,0.8,-2.9248,2015
2015-11-22,14.94,3,AR-10540,East,OFF-PA-10002586,Office Supplies,0.0,0.0,2015
2015-07-30,61.792,4,CC-12610,Central,OFF-ST-10000943,Office Supplies,0.2,-12.3584,2015
2015-03-28,15.552,3,CK-12205,East,OFF-PA-10003177,Office Supplies,0.2,-3.1104,2015
2015-03-28,5.232,1,CK-12205,East,OFF-PA-10000533,Office Supplies,0.2,-1.0464,2015
2015-09-06,6.096,2,BT-11305,West,OFF-BI-10002160,Office Supplies,0.2,-1.2192,2015
2015-09-06,191.82,3,BT-11305,West,FUR-FU-10004748,Furniture,0.0,0.0,2015
2015-06-29,20.104,1,SC-20725,East,FUR-FU-10001473,Furniture,0.2,-4.0208,2015
2015-08-22,16.52,4,RB-19705,East,OFF-AR-10000390,Office Supplies,0.0,0.0,2015
2015-12-06,485.94,2,DK-13375,East,TEC-PH-10001578,Technology,0.4,-194.376,2015
2015-12-06,37.376,8,DK-13375,East,OFF-AR-10004078,Office Supplies,0.2,-7.4752,2015
2015-12-06,70.686,1,DK-13375,East,FUR-CH-10004860,Furniture,0.3,-21.2058,2015
2015-12-14,319.968,4,DJ-13630,West,TEC-PH-10001051,Technology,0.2,-63.99360000000001,2015
2015-09-15,190.86,2,CT-11995,Central,OFF-ST-10000025,Office Supplies,0.0,0.0,2015
2015-09-15,24.32,8,CT-11995,Central,OFF-AR-10000817,Office Supplies,0.0,0.0,2015
2015-02-15,13.36,2,JM-16195,West,OFF-PA-10004285,Office Supplies,0.0,0.0,2015
2015-02-15,41.72,5,JM-16195,West,OFF-BI-10001628,Office Supplies,0.2,-8.344,2015
2015-02-15,11.52,5,JM-16195,West,OFF-BI-10000546,Office Supplies,0.2,-2.304,2015
2015-02-15,541.44,6,JM-16195,West,OFF-AP-10001391,Office Supplies,0.0,0.0,2015
2015-02-15,19.44,3,JM-16195,West,OFF-PA-10000477,Office Supplies,0.0,0.0,2015
2015-09-28,43.26,3,HG-14965,West,OFF-AP-10000696,Office Supplies,0.0,0.0,2015
2015-09-28,43.56,2,HG-14965,West,OFF-AP-10002082,Office Supplies,0.0,0.0,2015
2015-11-08,5.0,1,MZ-17335,West,OFF-FA-10002280,Office Supplies,0.0,0.0,2015
2015-11-08,371.97,3,MZ-17335,West,TEC-AC-10002049,Technology,0.0,0.0,2015
2015-12-18,166.24,1,MW-18220,East,TEC-AC-10002253,Technology,0.0,0.0,2015
2015-09-21,199.74,6,CS-12130,West,OFF-ST-10003123,Office Supplies,0.0,0.0,2015
2015-03-06,435.26,7,JL-15850,West,FUR-FU-10000308,Furniture,0.0,0.0,2015
2015-03-06,1119.984,2,JL-15850,West,TEC-CO-10003763,Technology,0.2,-223.9968,2015
2015-03-05,23.92,2,SF-20200,Central,TEC-PH-10001552,Technology,0.0,0.0,2015
2015-03-05,60.69,7,SF-20200,Central,OFF-AP-10002222,Office Supplies,0.0,0.0,2015
2015-04-20,287.97,3,TS-21160,South,TEC-PH-10001557,Technology,0.0,0.0,2015
2015-04-20,595.38,6,TS-21160,South,FUR-FU-10002937,Furniture,0.0,0.0,2015
2015-04-20,12.96,2,TS-21160,South,OFF-PA-10001166,Office Supplies,0.0,0.0,2015
2015-11-01,4.95,1,QJ-19255,East,TEC-PH-10000347,Technology,0.0,0.0,2015
2015-11-01,13.52,4,VD-21670,East,OFF-PA-10002659,Office Supplies,0.0,0.0,2015
2015-11-01,259.7,5,VD-21670,East,FUR-FU-10000965,Furniture,0.0,0.0,2015
2015-11-01,42.95,1,VD-21670,East,TEC-PH-10001527,Technology,0.0,0.0,2015
2015-11-01,1399.93,7,VD-21670,East,TEC-AC-10001838,Technology,0.0,0.0,2015
2015-11-01,503.96,4,VD-21670,East,TEC-PH-10002597,Technology,0.0,0.0,2015
2015-08-06,27.216,3,MS-17980,Central,OFF-PA-10004156,Office Supplies,0.2,-5.443200000000001,2015
2015-12-23,194.32,4,BD-11500,South,OFF-AP-10001563,Office Supplies,0.0,0.0,2015
2015-12-31,94.74,3,KC-16255,South,OFF-BI-10004492,Office Supplies,0.0,0.0,2015
2015-12-31,60.64,4,KC-16255,South,OFF-BI-10001072,Office Supplies,0.0,0.0,2015
2015-12-31,76.3,5,KC-16255,South,OFF-BI-10003707,Office Supplies,0.0,0.0,2015
2015-12-31,364.8,12,KC-16255,South,OFF-BI-10000977,Office Supplies,0.0,0.0,2015
2015-09-15,79.872,3,BM-11575,East,OFF-BI-10002082,Office Supplies,0.2,-15.9744,2015
2015-09-15,46.384,1,BM-11575,East,FUR-BO-10004709,Furniture,0.2,-9.2768,2015
2015-09-15,12.96,2,BM-11575,East,OFF-PA-10002365,Office Supplies,0.0,0.0,2015
2015-12-25,547.136,4,JD-16150,East,FUR-FU-10001468,Furniture,0.2,-109.4272,2015
2015-08-31,1552.831,7,SC-20260,West,FUR-BO-10002545,Furniture,0.15,-232.92465,2015
2015-08-31,137.24,5,SC-20260,West,OFF-BI-10002735,Office Supplies,0.2,-27.448,2015
2015-08-31,36.51,1,SC-20260,West,TEC-AC-10004864,Technology,0.0,0.0,2015
2015-08-31,239.976,3,SC-20260,West,TEC-MA-10000597,Technology,0.2,-47.9952,2015
2015-12-06,32.75,5,KM-16375,West,OFF-PA-10003883,Office Supplies,0.0,0.0,2015
2015-12-12,7.86,2,DK-13375,West,OFF-FA-10001229,Office Supplies,0.0,0.0,2015
2015-12-12,24.448,2,DK-13375,West,OFF-BI-10002437,Office Supplies,0.2,-4.889600000000001,2015
2015-12-06,6.48,1,SG-20605,East,OFF-PA-10004255,Office Supplies,0.0,0.0,2015
2015-12-06,41.86,7,SG-20605,East,OFF-PA-10001184,Office Supplies,0.0,0.0,2015
2015-12-06,1619.91,9,SG-20605,East,TEC-AC-10002637,Technology,0.0,0.0,2015
2015-12-06,113.92,4,SG-20605,East,FUR-FU-10002878,Furniture,0.0,0.0,2015
2015-11-14,37.6,2,PJ-18835,East,TEC-AC-10002217,Technology,0.0,0.0,2015
2015-11-14,59.9,2,PJ-18835,East,TEC-AC-10001267,Technology,0.0,0.0,2015
2015-11-14,37.0,5,PJ-18835,East,OFF-PA-10004041,Office Supplies,0.0,0.0,2015
2015-06-07,7.52,5,EM-13810,West,OFF-BI-10004187,Office Supplies,0.2,-1.504,2015
2015-07-06,301.96,2,PP-18955,East,FUR-BO-10002824,Furniture,0.0,0.0,2015
2015-11-14,33.96,2,PJ-18835,South,OFF-EN-10001532,Office Supplies,0.0,0.0,2015
2015-11-14,826.11,3,PJ-18835,South,OFF-AP-10003057,Office Supplies,0.0,0.0,2015
2015-09-25,17.48,2,AM-10705,West,OFF-EN-10000461,Office Supplies,0.0,0.0,2015
2015-09-14,269.49,3,CM-12385,South,OFF-ST-10001809,Office Supplies,0.0,0.0,2015
2015-07-11,29.97,3,SC-20380,West,OFF-PA-10001763,Office Supplies,0.0,0.0,2015
2015-07-11,98.352,3,SC-20380,West,OFF-BI-10001597,Office Supplies,0.2,-19.6704,2015
2015-01-02,85.52,2,CB-12535,East,OFF-ST-10001837,Office Supplies,0.0,0.0,2015
2015-01-02,9.84,3,CB-12535,East,OFF-AR-10001473,Office Supplies,0.0,0.0,2015
2015-01-02,20.04,3,CB-12535,East,OFF-PA-10004285,Office Supplies,0.0,0.0,2015
2015-10-09,631.96,4,TB-21250,East,TEC-PH-10001835,Technology,0.0,0.0,2015
2015-10-09,23.92,4,TB-21250,East,OFF-PA-10002245,Office Supplies,0.0,0.0,2015
2015-09-26,64.17,3,BS-11800,West,OFF-ST-10002370,Office Supplies,0.0,0.0,2015
2015-09-26,124.46,2,BS-11800,West,OFF-EN-10000056,Office Supplies,0.0,0.0,2015
2015-07-02,32.784,4,RB-19435,Central,OFF-AP-10001293,Office Supplies,0.8,-26.2272,2015
2015-04-18,106.5,6,KW-16570,South,TEC-AC-10003116,Technology,0.0,0.0,2015
2015-04-06,42.048,9,TT-21220,Central,OFF-AR-10004078,Office Supplies,0.2,-8.409600000000001,2015
2015-04-06,25.488,2,TT-21220,Central,TEC-AC-10002550,Technology,0.2,-5.0976,2015
2015-04-06,6.9,3,TT-21220,Central,OFF-BI-10004965,Office Supplies,0.8,-5.52,2015
2015-04-06,9.648,6,TT-21220,Central,OFF-BI-10004209,Office Supplies,0.8,-7.7184,2015
2015-04-06,7.968,2,TT-21220,Central,OFF-PA-10001526,Office Supplies,0.2,-1.5936,2015
2015-09-06,46.32,4,LO-17170,West,TEC-AC-10003499,Technology,0.0,0.0,2015
2015-01-27,181.986,2,SV-20365,East,FUR-CH-10000513,Furniture,0.3,-54.5958,2015
2015-01-27,431.976,4,SV-20365,East,TEC-PH-10000895,Technology,0.4,-172.7904,2015
2015-01-27,155.37,1,SV-20365,East,TEC-PH-10002555,Technology,0.4,-62.148,2015
2015-07-16,1348.704,6,EM-13810,West,FUR-CH-10003312,Furniture,0.2,-269.7408,2015
2015-07-16,700.152,3,EM-13810,West,FUR-CH-10004086,Furniture,0.2,-140.0304,2015
2015-08-16,2.304,1,JM-15865,West,OFF-AR-10002255,Office Supplies,0.2,-0.4608,2015
2015-08-16,1879.96,5,JM-15865,West,TEC-PH-10002624,Technology,0.2,-375.992,2015
2015-08-16,313.024,8,JM-15865,West,OFF-PA-10001878,Office Supplies,0.2,-62.6048,2015
2015-08-16,5.04,2,JM-15865,West,OFF-LA-10000452,Office Supplies,0.2,-1.008,2015
2015-09-26,50.0,2,PF-19165,East,TEC-AC-10001590,Technology,0.0,0.0,2015
2015-03-24,6.992,2,BP-11185,South,OFF-AP-10002287,Office Supplies,0.2,-1.3984,2015
2015-05-31,1406.86,7,TM-21010,West,FUR-BO-10004357,Furniture,0.0,0.0,2015
2015-05-31,15.75,5,TM-21010,West,OFF-LA-10003766,Office Supplies,0.0,0.0,2015
2015-05-31,323.1,2,TM-21010,West,OFF-ST-10000046,Office Supplies,0.0,0.0,2015
2015-12-25,9.216,4,MB-17305,South,OFF-LA-10003190,Office Supplies,0.2,-1.8432,2015
2015-12-25,10.368,2,MB-17305,South,OFF-PA-10002787,Office Supplies,0.2,-2.0736,2015
2015-03-17,15.02,1,HR-14830,East,TEC-AC-10000387,Technology,0.0,0.0,2015
2015-03-17,33.82,2,HR-14830,East,OFF-ST-10001291,Office Supplies,0.0,0.0,2015
2015-11-03,6.608,2,CS-12250,Central,OFF-EN-10001137,Office Supplies,0.2,-1.3216,2015
2015-09-10,14.94,3,AB-10150,Central,OFF-PA-10000477,Office Supplies,0.0,0.0,2015
2015-07-05,4.928,2,BF-10975,South,FUR-FU-10003829,Furniture,0.2,-0.9856,2015
2015-07-05,7.23,5,BF-10975,South,OFF-BI-10004728,Office Supplies,0.7,-5.061,2015
2015-08-15,323.1,2,TT-21265,West,OFF-ST-10000046,Office Supplies,0.0,0.0,2015
2015-02-20,29.99,1,LM-17065,South,TEC-AC-10000927,Technology,0.0,0.0,2015
2015-12-24,883.84,4,HR-14830,West,FUR-CH-10004287,Furniture,0.2,-176.768,2015
2015-08-25,40.784,1,NL-18310,West,FUR-CH-10002774,Furniture,0.2,-8.1568,2015
2015-08-25,105.96,4,NL-18310,West,OFF-AP-10002765,Office Supplies,0.0,0.0,2015
2015-11-12,15.7,5,YC-21895,West,OFF-PA-10003016,Office Supplies,0.0,0.0,2015
2015-01-30,227.36,7,CC-12145,West,FUR-FU-10001876,Furniture,0.0,0.0,2015
2015-01-30,1919.976,3,CC-12145,West,TEC-MA-10000488,Technology,0.2,-383.9952000000001,2015
2015-12-11,12.828,2,GH-14425,South,OFF-BI-10001098,Office Supplies,0.7,-8.9796,2015
2015-12-01,13.9,5,BT-11305,West,OFF-AR-10003251,Office Supplies,0.0,0.0,2015
2015-02-21,49.12,4,JE-15715,West,OFF-PA-10000249,Office Supplies,0.0,0.0,2015
2015-11-13,377.97,3,KL-16645,East,TEC-PH-10003691,Technology,0.0,0.0,2015
2015-11-13,42.28,7,KL-16645,East,OFF-PA-10001560,Office Supplies,0.0,0.0,2015
2015-11-13,299.97,3,KL-16645,East,FUR-BO-10004467,Furniture,0.0,0.0,2015
2015-11-13,89.98,2,KL-16645,East,TEC-PH-10001819,Technology,0.0,0.0,2015
2015-06-20,257.64,6,SC-20770,West,FUR-FU-10002253,Furniture,0.0,0.0,2015
2015-06-20,125.976,3,SC-20770,West,TEC-PH-10002726,Technology,0.2,-25.1952,2015
2015-11-22,27.168,4,AP-10720,Central,TEC-AC-10004127,Technology,0.2,-5.4336,2015
2015-12-04,8.226,3,RH-19555,South,OFF-BI-10001553,Office Supplies,0.7,-5.7582,2015
2015-04-17,5.56,2,GA-14515,West,OFF-AR-10003251,Office Supplies,0.0,0.0,2015
2015-04-17,323.37,3,GA-14515,West,TEC-AC-10003174,Technology,0.0,0.0,2015
2015-04-17,783.96,5,GA-14515,West,TEC-PH-10002310,Technology,0.2,-156.792,2015
2015-04-17,1447.65,5,GA-14515,West,OFF-AP-10002651,Office Supplies,0.0,0.0,2015
2015-04-17,11.96,2,GA-14515,West,OFF-PA-10001184,Office Supplies,0.0,0.0,2015
2015-04-02,32.192,2,MO-17950,Central,OFF-AP-10001242,Office Supplies,0.8,-25.7536,2015
2015-04-02,50.12,7,MO-17950,Central,TEC-AC-10003038,Technology,0.2,-10.024,2015
2015-04-02,47.976,3,MO-17950,Central,TEC-AC-10003289,Technology,0.2,-9.5952,2015
2015-12-21,60.984,7,ER-13855,West,OFF-AP-10003971,Office Supplies,0.2,-12.1968,2015
2015-07-17,195.466,2,JM-15535,West,FUR-BO-10003159,Furniture,0.15,-29.3199,2015
2015-09-21,601.536,4,CD-12790,West,FUR-CH-10004997,Furniture,0.2,-120.3072,2015
2015-09-21,7.9,2,CD-12790,West,OFF-FA-10002763,Office Supplies,0.0,0.0,2015
2015-11-01,7.88,1,GA-14725,West,OFF-AR-10001683,Office Supplies,0.2,-1.576,2015
2015-05-12,12.84,3,CS-12505,West,OFF-PA-10003893,Office Supplies,0.0,0.0,2015
2015-05-12,25.68,6,CS-12505,West,OFF-PA-10004239,Office Supplies,0.0,0.0,2015
2015-09-07,47.516,2,CC-12145,Central,FUR-CH-10000553,Furniture,0.3,-14.2548,2015
2015-07-25,9.42,2,MH-18025,West,OFF-FA-10004395,Office Supplies,0.0,0.0,2015
2015-07-25,12.96,2,MH-18025,West,OFF-PA-10004782,Office Supplies,0.0,0.0,2015
2015-07-25,704.9,5,MH-18025,West,FUR-BO-10002213,Furniture,0.0,0.0,2015
2015-07-25,561.568,2,MH-18025,West,FUR-CH-10001854,Furniture,0.2,-112.3136,2015
2015-11-16,179.82,9,MP-18175,Central,OFF-PA-10000157,Office Supplies,0.0,0.0,2015
2015-11-16,185.58,6,MP-18175,Central,FUR-FU-10001185,Furniture,0.0,0.0,2015
2015-11-16,214.11,3,MP-18175,Central,FUR-TA-10001520,Furniture,0.0,0.0,2015
2015-11-16,999.96,4,MP-18175,Central,TEC-AC-10004145,Technology,0.0,0.0,2015
2015-11-16,653.55,3,MP-18175,Central,FUR-TA-10000688,Furniture,0.0,0.0,2015
2015-09-01,114.6,5,DR-12940,East,OFF-BI-10001510,Office Supplies,0.0,0.0,2015
2015-09-01,60.74,1,DR-12940,East,FUR-CH-10003817,Furniture,0.0,0.0,2015
2015-09-01,124.36,2,DR-12940,East,FUR-FU-10000308,Furniture,0.0,0.0,2015
2015-09-01,1088.76,6,DR-12940,East,OFF-ST-10003208,Office Supplies,0.0,0.0,2015
2015-09-03,120.33,1,JB-15400,East,OFF-ST-10001526,Office Supplies,0.0,0.0,2015
2015-04-26,408.422,2,PW-19240,Central,FUR-CH-10004086,Furniture,0.3,-122.5266,2015
2015-09-12,479.984,2,PG-18895,East,TEC-CO-10000971,Technology,0.2,-95.99680000000001,2015
2015-09-12,12.6,4,PG-18895,East,OFF-LA-10001317,Office Supplies,0.0,0.0,2015
2015-11-05,387.136,4,VD-21670,South,OFF-AP-10000576,Office Supplies,0.2,-77.42720000000001,2015
2015-10-12,135.72,3,DL-12925,Central,TEC-PH-10002890,Technology,0.0,0.0,2015
2015-10-12,12.56,2,DL-12925,Central,OFF-BI-10001308,Office Supplies,0.0,0.0,2015
2015-10-12,263.96,4,DL-12925,Central,TEC-PH-10001750,Technology,0.0,0.0,2015
2015-11-30,3.882,3,DB-13270,Central,OFF-BI-10000301,Office Supplies,0.8,-3.1056,2015
2015-08-08,6.608,2,TT-21220,West,OFF-BI-10004970,Office Supplies,0.2,-1.3216,2015
2015-08-08,7.28,2,TT-21220,West,OFF-BI-10002557,Office Supplies,0.2,-1.456,2015
2015-08-08,144.784,1,TT-21220,West,FUR-CH-10000785,Furniture,0.2,-28.9568,2015
2015-12-24,19.936,4,KT-16465,West,OFF-BI-10001097,Office Supplies,0.2,-3.9872,2015
2015-12-24,45.92,4,KT-16465,West,OFF-FA-10004854,Office Supplies,0.0,0.0,2015
2015-05-07,244.006,2,AG-10675,Central,FUR-TA-10001095,Furniture,0.3,-73.20179999999999,2015
2015-05-07,15.936,4,AG-10675,Central,OFF-PA-10000213,Office Supplies,0.2,-3.1872,2015
2015-06-12,20.736,4,GB-14575,East,OFF-PA-10003848,Office Supplies,0.2,-4.147200000000001,2015
2015-06-12,43.296,2,GB-14575,East,FUR-FU-10003623,Furniture,0.2,-8.6592,2015
2015-07-05,19.0,5,VP-21730,Central,OFF-BI-10003655,Office Supplies,0.0,0.0,2015
2015-09-17,344.22,2,LS-16975,East,FUR-TA-10004154,Furniture,0.4,-137.688,2015
2015-11-08,5.04,3,SC-20095,West,OFF-FA-10002701,Office Supplies,0.0,0.0,2015
2015-11-08,92.94,3,SC-20095,West,OFF-PA-10001125,Office Supplies,0.0,0.0,2015
2015-11-08,66.69,3,SC-20095,West,FUR-FU-10004090,Furniture,0.0,0.0,2015
2015-11-08,91.68,5,SC-20095,West,OFF-BI-10001510,Office Supplies,0.2,-18.336,2015
2015-11-08,52.272,11,AC-10450,East,OFF-BI-10001922,Office Supplies,0.2,-10.4544,2015
2015-11-08,17.94,3,AC-10450,East,OFF-PA-10001667,Office Supplies,0.0,0.0,2015
2015-09-21,194.32,4,DM-12955,Central,FUR-BO-10000468,Furniture,0.0,0.0,2015
2015-09-21,25.99,1,DM-12955,Central,OFF-AR-10001044,Office Supplies,0.0,0.0,2015
2015-06-11,53.7,6,BD-11605,South,TEC-AC-10003038,Technology,0.0,0.0,2015
2015-06-11,36.26,7,BD-11605,South,OFF-BI-10002799,Office Supplies,0.0,0.0,2015
2015-06-11,56.3,2,BD-11605,South,OFF-AR-10003582,Office Supplies,0.0,0.0,2015
2015-06-11,32.4,5,BD-11605,South,OFF-PA-10004451,Office Supplies,0.0,0.0,2015
2015-06-11,29.16,2,BD-11605,South,FUR-FU-10004666,Furniture,0.0,0.0,2015
2015-04-30,1022.97,5,BP-11230,East,TEC-PH-10001530,Technology,0.4,-409.188,2015
2015-08-28,2799.96,5,TS-21370,Central,TEC-CO-10001046,Technology,0.2,-559.9920000000001,2015
2015-11-27,83.97,3,JD-16150,East,TEC-PH-10002350,Technology,0.0,0.0,2015
2015-11-27,104.97,3,JD-16150,East,TEC-AC-10000397,Technology,0.0,0.0,2015
2015-10-03,120.666,2,BS-11755,West,FUR-BO-10004409,Furniture,0.15,-18.0999,2015
2015-08-23,31.68,4,TD-20995,Central,OFF-SU-10004231,Office Supplies,0.2,-6.336,2015
2015-08-23,10.368,2,TD-20995,Central,OFF-PA-10000809,Office Supplies,0.2,-2.0736,2015
2015-08-23,12.032,8,TD-20995,Central,OFF-FA-10003021,Office Supplies,0.2,-2.4064,2015
2015-08-23,5.768,2,TD-20995,Central,OFF-AP-10000696,Office Supplies,0.8,-4.6144,2015
2015-06-11,1123.92,5,JE-15610,South,FUR-CH-10003312,Furniture,0.2,-224.784,2015
2015-06-11,249.584,2,JE-15610,South,TEC-PH-10002496,Technology,0.2,-49.9168,2015
2015-06-11,48.672,3,JE-15610,South,FUR-FU-10003464,Furniture,0.2,-9.7344,2015
2015-06-11,60.768,2,JE-15610,South,OFF-AR-10000380,Office Supplies,0.2,-12.1536,2015
2015-06-11,78.6,5,JE-15610,South,OFF-BI-10004593,Office Supplies,0.7,-55.02,2015
2015-06-11,3.768,2,JE-15610,South,OFF-BI-10001308,Office Supplies,0.7,-2.6376,2015
2015-06-11,1036.624,2,JE-15610,South,OFF-ST-10001780,Office Supplies,0.2,-207.3248,2015
2015-06-11,563.808,4,JE-15610,South,OFF-ST-10003816,Office Supplies,0.2,-112.7616,2015
2015-04-25,206.43,3,JL-15850,East,OFF-AP-10002311,Office Supplies,0.0,0.0,2015
2015-12-15,2025.36,6,NF-18385,East,TEC-AC-10002049,Technology,0.2,-405.072,2015
2015-12-15,1799.994,2,NF-18385,East,TEC-MA-10000418,Technology,0.7,-1259.9958,2015
2015-12-15,101.988,2,NF-18385,East,TEC-PH-10004908,Technology,0.4,-40.7952,2015
2015-12-15,262.864,7,NF-18385,East,FUR-FU-10004091,Furniture,0.2,-52.5728,2015
2015-08-24,284.364,2,EM-13810,East,FUR-TA-10001539,Furniture,0.4,-113.7456,2015
2015-08-24,26.0,2,EM-13810,East,TEC-AC-10001266,Technology,0.0,0.0,2015
2015-12-27,12.672,3,DR-12940,Central,OFF-ST-10002957,Office Supplies,0.2,-2.5344,2015
2015-07-10,3.366,3,EH-13945,West,OFF-BI-10003196,Office Supplies,0.7,-2.3562,2015
2015-10-02,94.85,5,JP-15460,East,OFF-PA-10001295,Office Supplies,0.0,0.0,2015
2015-10-02,51.12,4,JP-15460,East,OFF-EN-10002500,Office Supplies,0.0,0.0,2015
2015-10-02,90.0,1,JP-15460,East,TEC-AC-10000892,Technology,0.0,0.0,2015
2015-08-09,4.608,2,RA-19885,South,OFF-LA-10001613,Office Supplies,0.2,-0.9216,2015
2015-12-27,7.92,8,KN-16450,West,TEC-AC-10003709,Technology,0.0,0.0,2015
2015-02-09,203.92,5,SJ-20215,West,FUR-CH-10002774,Furniture,0.2,-40.784,2015
2015-12-13,494.376,3,RD-19585,West,TEC-PH-10001530,Technology,0.2,-98.8752,2015
2015-12-13,29.2,5,RD-19585,West,OFF-BI-10000050,Office Supplies,0.2,-5.84,2015
2015-12-13,248.85,5,RD-19585,West,TEC-AC-10001552,Technology,0.0,0.0,2015
2015-12-13,36.24,1,RD-19585,West,TEC-AC-10003399,Technology,0.0,0.0,2015
2015-05-23,19.194,7,EB-13870,West,OFF-BI-10001036,Office Supplies,0.7,-13.4358,2015
2015-05-23,121.792,4,EB-13870,West,OFF-AP-10004708,Office Supplies,0.2,-24.3584,2015
2015-11-05,25.344,6,GT-14635,East,OFF-BI-10001116,Office Supplies,0.2,-5.0688,2015
2015-09-11,181.35,9,SC-20725,West,OFF-AR-10004648,Office Supplies,0.0,0.0,2015
2015-09-11,8.64,3,SC-20725,West,OFF-LA-10003190,Office Supplies,0.0,0.0,2015
2015-07-23,68.94,3,TH-21550,East,OFF-AP-10002892,Office Supplies,0.0,0.0,2015
2015-07-23,128.82,3,TH-21550,East,FUR-FU-10002253,Furniture,0.0,0.0,2015
2015-08-13,50.8,5,ON-18715,West,OFF-AR-10003156,Office Supplies,0.0,0.0,2015
2015-06-04,30.44,4,TC-21535,East,OFF-PA-10004569,Office Supplies,0.0,0.0,2015
2015-06-04,35.28,3,TC-21535,East,FUR-FU-10000672,Furniture,0.0,0.0,2015
2015-12-13,19.44,3,Dp-13240,East,OFF-PA-10004451,Office Supplies,0.0,0.0,2015
2015-12-13,37.88,2,Dp-13240,East,OFF-BI-10004738,Office Supplies,0.0,0.0,2015
2015-11-21,141.96,2,NW-18400,West,FUR-BO-10002598,Furniture,0.0,0.0,2015
2015-11-21,66.048,4,NW-18400,West,OFF-BI-10002225,Office Supplies,0.2,-13.2096,2015
2015-12-04,28.44,3,SO-20335,East,FUR-FU-10002445,Furniture,0.0,0.0,2015
2015-12-04,364.41,5,SO-20335,East,FUR-CH-10002372,Furniture,0.1,-36.441,2015
2015-12-04,39.96,4,SO-20335,East,TEC-PH-10000376,Technology,0.0,0.0,2015
2015-12-04,361.764,2,SO-20335,East,FUR-CH-10002965,Furniture,0.1,-36.1764,2015
2015-12-04,17.94,3,MS-17365,East,OFF-EN-10004147,Office Supplies,0.0,0.0,2015
2015-12-04,384.174,7,MS-17365,East,FUR-CH-10003535,Furniture,0.1,-38.4174,2015
2015-12-04,1799.75,5,MS-17365,East,TEC-PH-10004586,Technology,0.0,0.0,2015
2015-05-04,22.288,7,LA-16780,Central,FUR-FU-10001940,Furniture,0.6,-13.3728,2015
2015-10-17,77.88,2,CM-12190,West,OFF-ST-10003479,Office Supplies,0.0,0.0,2015
2015-04-27,43.56,5,TC-21475,West,OFF-AP-10003971,Office Supplies,0.2,-8.712000000000002,2015
2015-04-27,5.84,2,TC-21475,West,OFF-SU-10001574,Office Supplies,0.2,-1.168,2015
2015-09-06,271.764,2,CC-12430,East,FUR-CH-10000665,Furniture,0.1,-27.1764,2015
2015-09-24,15.24,4,DE-13255,Central,OFF-BI-10001525,Office Supplies,0.0,0.0,2015
2015-09-24,1408.1,10,DE-13255,Central,FUR-CH-10000988,Furniture,0.0,0.0,2015
2015-09-27,15.08,2,NM-18520,Central,OFF-BI-10001670,Office Supplies,0.8,-12.064,2015
2015-09-27,24.288,3,NM-18520,Central,FUR-FU-10003849,Furniture,0.6,-14.5728,2015
2015-11-29,4.304,1,PO-19195,West,OFF-BI-10001078,Office Supplies,0.2,-0.8608000000000001,2015
2015-06-12,29.9,5,LE-16810,East,OFF-ST-10001505,Office Supplies,0.0,0.0,2015
2015-03-01,58.72,4,ST-20530,South,OFF-BI-10004236,Office Supplies,0.0,0.0,2015
2015-07-09,5.16,3,EB-13870,South,OFF-AR-10000657,Office Supplies,0.2,-1.032,2015
2015-02-20,286.79,7,KA-16525,East,OFF-AR-10003903,Office Supplies,0.0,0.0,2015
2015-09-10,61.96,2,EH-13765,East,OFF-AP-10003842,Office Supplies,0.0,0.0,2015
2015-09-10,361.96,2,EH-13765,East,FUR-BO-10004695,Furniture,0.0,0.0,2015
2015-09-10,278.82,9,EH-13765,East,OFF-PA-10003039,Office Supplies,0.0,0.0,2015
2015-04-06,47.952,3,MH-17455,South,OFF-PA-10001019,Office Supplies,0.2,-9.5904,2015
2015-07-02,408.422,2,RH-19600,Central,FUR-CH-10004086,Furniture,0.3,-122.5266,2015
2015-07-02,382.116,6,RH-19600,Central,FUR-CH-10003774,Furniture,0.3,-114.6348,2015
2015-07-02,68.6,5,RH-19600,Central,OFF-ST-10004507,Office Supplies,0.2,-13.72,2015
2015-07-02,435.504,3,RH-19600,Central,OFF-ST-10003208,Office Supplies,0.2,-87.1008,2015
2015-07-02,11.168,2,RH-19600,Central,OFF-PA-10000659,Office Supplies,0.2,-2.2336,2015
2015-06-22,796.425,7,MG-17875,Central,FUR-TA-10002645,Furniture,0.5,-398.2125,2015
2015-04-10,12.832,2,DM-12955,West,OFF-BI-10000773,Office Supplies,0.2,-2.5664,2015
2015-09-17,87.168,3,DB-13405,South,TEC-AC-10001465,Technology,0.2,-17.4336,2015
2015-03-19,14.496,3,DC-12850,South,OFF-PA-10001560,Office Supplies,0.2,-2.8992,2015
2015-12-10,3.9,2,KD-16495,Central,OFF-AR-10001149,Office Supplies,0.0,0.0,2015
2015-12-10,801.96,2,KD-16495,Central,FUR-TA-10003569,Furniture,0.0,0.0,2015
2015-12-10,191.96,2,KD-16495,Central,FUR-CH-10004289,Furniture,0.0,0.0,2015
2015-12-10,2.61,1,KD-16495,Central,OFF-LA-10001045,Office Supplies,0.0,0.0,2015
2015-12-03,16.448,2,AB-10255,East,OFF-PA-10000174,Office Supplies,0.2,-3.2896,2015
2015-12-03,36.784,2,AB-10255,East,TEC-AC-10000171,Technology,0.2,-7.3568,2015
2015-11-22,2.946,2,MC-17275,South,OFF-BI-10003712,Office Supplies,0.7,-2.0622,2015
2015-11-22,55.104,6,MC-17275,South,OFF-FA-10004854,Office Supplies,0.2,-11.0208,2015
2015-03-12,8.688,3,EB-13750,South,OFF-EN-10004030,Office Supplies,0.2,-1.7376,2015
2015-03-12,30.88,4,EB-13750,South,FUR-FU-10003194,Furniture,0.2,-6.176,2015
2015-03-12,6.408,3,EB-13750,South,FUR-FU-10001731,Furniture,0.2,-1.2816,2015
2015-12-05,44.46,2,MH-17620,West,FUR-FU-10004090,Furniture,0.0,0.0,2015
2015-07-09,15.8,4,BT-11680,East,OFF-FA-10002763,Office Supplies,0.0,0.0,2015
2015-07-09,464.97,3,BT-11680,East,TEC-MA-10002428,Technology,0.0,0.0,2015
2015-07-09,181.96,2,BT-11680,East,FUR-FU-10002918,Furniture,0.0,0.0,2015
2015-07-09,12.39,3,BT-11680,East,OFF-LA-10000476,Office Supplies,0.0,0.0,2015
2015-07-09,84.09,3,BT-11680,East,OFF-BI-10002854,Office Supplies,0.0,0.0,2015
2015-07-09,79.36,4,BT-11680,East,OFF-AR-10002987,Office Supplies,0.0,0.0,2015
2015-07-09,153.36,9,BT-11680,East,OFF-BI-10004001,Office Supplies,0.0,0.0,2015
2015-07-09,43.68,6,BT-11680,East,OFF-BI-10001634,Office Supplies,0.0,0.0,2015
2015-07-09,98.21,7,BT-11680,East,OFF-ST-10003722,Office Supplies,0.0,0.0,2015
2015-10-30,59.994,2,FA-14230,West,TEC-MA-10000597,Technology,0.7,-41.9958,2015
2015-10-30,439.992,1,FA-14230,West,TEC-CO-10001571,Technology,0.2,-87.9984,2015
2015-10-30,87.96,5,FA-14230,West,TEC-PH-10004531,Technology,0.2,-17.592,2015
2015-10-30,15.488,4,FA-14230,West,FUR-FU-10003026,Furniture,0.2,-3.0976,2015
2015-11-19,141.96,2,TC-21475,West,FUR-FU-10000305,Furniture,0.0,0.0,2015
2015-06-13,24.78,6,DH-13075,South,OFF-AR-10004269,Office Supplies,0.0,0.0,2015
2015-06-13,19.14,3,DH-13075,South,OFF-BI-10001249,Office Supplies,0.0,0.0,2015
2015-06-13,899.97,3,DH-13075,South,TEC-CO-10004202,Technology,0.0,0.0,2015
2015-06-13,32.4,5,DH-13075,South,OFF-PA-10003363,Office Supplies,0.0,0.0,2015
2015-09-18,41.96,2,KH-16630,East,OFF-ST-10004950,Office Supplies,0.0,0.0,2015
2015-09-18,636.86,7,KH-16630,East,OFF-ST-10004123,Office Supplies,0.0,0.0,2015
2015-09-18,499.99,1,KH-16630,East,TEC-PH-10000730,Technology,0.0,0.0,2015
2015-09-18,1259.93,7,KH-16630,East,TEC-PH-10000895,Technology,0.0,0.0,2015
2015-09-18,65.08,4,KH-16630,East,OFF-BI-10000962,Office Supplies,0.0,0.0,2015
2015-09-18,11.68,2,GB-14530,West,OFF-AR-10003602,Office Supplies,0.0,0.0,2015
2015-09-18,16.9,2,GB-14530,West,OFF-SU-10004782,Office Supplies,0.0,0.0,2015
2015-09-18,24.4,2,GB-14530,West,FUR-FU-10001591,Furniture,0.0,0.0,2015
2015-12-08,119.96,5,JJ-15760,Central,TEC-PH-10004896,Technology,0.2,-23.992,2015
2015-05-03,665.88,6,JB-16045,West,FUR-FU-10002298,Furniture,0.0,0.0,2015
2015-07-09,269.982,3,MC-17575,East,TEC-PH-10003072,Technology,0.4,-107.9928,2015
2015-02-27,4.419,3,BT-11395,East,OFF-BI-10000343,Office Supplies,0.7,-3.0933,2015
2015-02-27,16.032,6,BT-11395,East,OFF-AR-10002257,Office Supplies,0.2,-3.2064,2015
2015-11-27,29.79,3,JE-15475,East,OFF-AR-10001915,Office Supplies,0.0,0.0,2015
2015-11-12,11.76,5,AH-10690,South,OFF-AR-10001246,Office Supplies,0.2,-2.352,2015
2015-11-12,5.238,2,AH-10690,South,OFF-BI-10003291,Office Supplies,0.7,-3.6666,2015
2015-11-12,4.662,3,AH-10690,South,OFF-BI-10002799,Office Supplies,0.7,-3.2634,2015
2015-11-12,523.92,5,AH-10690,South,FUR-CH-10003298,Furniture,0.2,-104.784,2015
2015-11-12,100.792,1,AH-10690,South,TEC-PH-10000441,Technology,0.2,-20.1584,2015
2015-11-12,146.136,3,AH-10690,South,FUR-CH-10004477,Furniture,0.2,-29.2272,2015
2015-11-05,19.824,6,NG-18430,Central,OFF-LA-10004484,Office Supplies,0.2,-3.9648,2015
2015-09-15,801.96,2,NW-18400,South,FUR-TA-10003569,Furniture,0.0,0.0,2015
2015-09-15,59.97,3,NW-18400,South,TEC-PH-10003187,Technology,0.0,0.0,2015
2015-09-15,1056.86,7,NW-18400,South,FUR-CH-10004853,Furniture,0.0,0.0,2015
2015-09-14,991.2,6,CC-12685,East,OFF-ST-10000585,Office Supplies,0.0,0.0,2015
2015-09-14,879.984,2,CC-12685,East,TEC-CO-10001571,Technology,0.2,-175.9968,2015
2015-09-14,12.96,9,CC-12685,East,OFF-BI-10002012,Office Supplies,0.2,-2.592000000000001,2015
2015-11-14,76.14,3,LS-17230,East,FUR-FU-10004017,Furniture,0.0,0.0,2015
2015-11-14,19.96,2,LS-17230,East,OFF-BI-10002571,Office Supplies,0.0,0.0,2015
2015-12-04,85.96,7,MS-17980,Central,OFF-PA-10001970,Office Supplies,0.0,0.0,2015
2015-09-21,85.3,2,DH-13675,East,FUR-FU-10004006,Furniture,0.0,0.0,2015
2015-11-28,151.96,5,LC-16885,Central,FUR-FU-10004904,Furniture,0.6,-91.176,2015
2015-10-23,148.32,9,JF-15355,West,TEC-AC-10000710,Technology,0.0,0.0,2015
2015-10-23,240.784,1,JF-15355,West,FUR-CH-10004495,Furniture,0.2,-48.1568,2015
2015-10-23,191.968,7,JF-15355,West,FUR-CH-10004540,Furniture,0.2,-38.3936,2015
2015-10-23,11.56,2,JF-15355,West,OFF-PA-10004971,Office Supplies,0.0,0.0,2015
2015-10-23,11.8,4,JF-15355,West,OFF-EN-10002600,Office Supplies,0.0,0.0,2015
2015-10-23,842.352,3,JF-15355,West,FUR-CH-10001854,Furniture,0.2,-168.4704,2015
2015-06-15,9.568,2,PF-19120,West,OFF-PA-10002245,Office Supplies,0.2,-1.9136,2015
2015-06-15,82.368,2,PF-19120,West,OFF-ST-10004804,Office Supplies,0.2,-16.4736,2015
2015-06-15,364.704,6,PF-19120,West,FUR-FU-10004904,Furniture,0.2,-72.94080000000001,2015
2015-06-15,40.256,4,PF-19120,West,FUR-FU-10002396,Furniture,0.2,-8.0512,2015
2015-01-03,10.368,2,SF-20965,Central,OFF-PA-10001937,Office Supplies,0.2,-2.0736,2015
2015-11-14,47.984,2,MG-17680,East,TEC-AC-10001090,Technology,0.2,-9.5968,2015
2015-10-02,270.34,14,CS-12400,West,OFF-ST-10000943,Office Supplies,0.0,0.0,2015
2015-04-05,98.112,7,VT-21700,East,OFF-AP-10004036,Office Supplies,0.2,-19.6224,2015
2015-04-05,563.808,4,VT-21700,East,OFF-ST-10003816,Office Supplies,0.2,-112.7616,2015
2015-04-05,10.428,4,VT-21700,East,OFF-BI-10002072,Office Supplies,0.7,-7.2996,2015
2015-04-05,547.136,4,VT-21700,East,FUR-FU-10001468,Furniture,0.2,-109.4272,2015
2015-04-05,14.85,5,VT-21700,East,TEC-PH-10000347,Technology,0.4,-5.94,2015
2015-04-05,41.988,2,VT-21700,East,TEC-PH-10002844,Technology,0.4,-16.7952,2015
2015-04-05,7.584,1,VT-21700,East,FUR-FU-10001037,Furniture,0.2,-1.5168,2015
2015-04-05,352.45,5,VT-21700,East,FUR-BO-10004218,Furniture,0.5,-176.225,2015
2015-12-01,61.68,4,KD-16495,South,OFF-ST-10001321,Office Supplies,0.0,0.0,2015
2015-12-01,63.96,4,KD-16495,South,OFF-BI-10004233,Office Supplies,0.0,0.0,2015
2015-06-16,28.752,3,LS-17230,Central,OFF-EN-10001028,Office Supplies,0.2,-5.7504,2015
2015-06-16,27.216,3,LS-17230,Central,OFF-PA-10004156,Office Supplies,0.2,-5.443200000000001,2015
2015-06-16,197.372,2,LS-17230,Central,FUR-CH-10001708,Furniture,0.3,-59.2116,2015
2015-10-19,38.28,6,NH-18610,Central,OFF-BI-10001249,Office Supplies,0.0,0.0,2015
2015-10-19,149.95,5,NH-18610,Central,TEC-PH-10002564,Technology,0.0,0.0,2015
2015-06-01,5.728,8,KE-16420,Central,OFF-BI-10001890,Office Supplies,0.8,-4.5824,2015
2015-06-01,42.24,10,KE-16420,Central,OFF-PA-10002606,Office Supplies,0.2,-8.448,2015
2015-02-22,79.36,4,PS-19045,Central,OFF-AR-10001615,Office Supplies,0.0,0.0,2015
2015-05-01,63.552,3,DB-13120,South,FUR-FU-10001095,Furniture,0.2,-12.7104,2015
2015-05-01,41.376,3,DB-13120,South,OFF-SU-10004261,Office Supplies,0.2,-8.2752,2015
2015-05-01,172.704,6,DB-13120,South,OFF-AR-10004022,Office Supplies,0.2,-34.5408,2015
2015-03-08,512.94,3,DK-12895,Central,FUR-BO-10002916,Furniture,0.0,0.0,2015
2015-03-08,860.93,7,DK-12895,Central,FUR-CH-10002084,Furniture,0.0,0.0,2015
2015-03-08,769.95,5,DK-12895,Central,TEC-PH-10003012,Technology,0.0,0.0,2015
2015-03-08,14.98,1,DK-12895,Central,OFF-AR-10002704,Office Supplies,0.0,0.0,2015
2015-03-08,373.08,6,DK-12895,Central,FUR-FU-10000308,Furniture,0.0,0.0,2015
2015-07-17,231.92,5,MP-17965,South,FUR-BO-10004709,Furniture,0.2,-46.384,2015
2015-12-10,1.78,1,KM-16660,South,OFF-AR-10003087,Office Supplies,0.0,0.0,2015
2015-12-10,25.92,4,KM-16660,South,OFF-PA-10000520,Office Supplies,0.0,0.0,2015
2015-12-10,101.94,6,KM-16660,South,TEC-AC-10001553,Technology,0.0,0.0,2015
2015-12-18,6.848,2,MK-17905,West,OFF-AR-10000634,Office Supplies,0.2,-1.3696,2015
2015-12-22,17.12,4,BT-11305,Central,OFF-AR-10000203,Office Supplies,0.0,0.0,2015
2015-08-23,542.94,3,FH-14350,South,OFF-AP-10000828,Office Supplies,0.0,0.0,2015
2015-08-23,8.64,3,FH-14350,South,OFF-LA-10003190,Office Supplies,0.0,0.0,2015
2015-08-23,193.8,5,FH-14350,South,OFF-PA-10002319,Office Supplies,0.0,0.0,2015
2015-08-23,21.4,5,FH-14350,South,OFF-PA-10003893,Office Supplies,0.0,0.0,2015
2015-08-23,97.88,2,FH-14350,South,OFF-PA-10002499,Office Supplies,0.0,0.0,2015
2015-08-23,251.91,9,FH-14350,South,TEC-AC-10004568,Technology,0.0,0.0,2015
2015-08-23,25.86,3,FH-14350,South,OFF-AP-10001492,Office Supplies,0.0,0.0,2015
2015-12-28,24.816,2,FH-14350,Central,OFF-ST-10004950,Office Supplies,0.2,-4.963200000000001,2015
2015-06-25,204.85,5,JF-15565,West,FUR-FU-10001979,Furniture,0.0,0.0,2015
2015-04-02,9.156,3,CS-11845,Central,OFF-BI-10003707,Office Supplies,0.8,-7.324800000000001,2015
2015-07-16,80.88,3,KE-16420,East,OFF-PA-10000501,Office Supplies,0.0,0.0,2015
2015-07-16,599.9,10,KE-16420,East,TEC-AC-10001990,Technology,0.0,0.0,2015
2015-11-20,72.744,7,LC-16885,West,TEC-PH-10004774,Technology,0.2,-14.5488,2015
2015-11-20,572.16,3,LC-16885,West,FUR-CH-10000595,Furniture,0.2,-114.432,2015
2015-09-17,25.032,3,CS-11845,West,OFF-BI-10001628,Office Supplies,0.2,-5.0064,2015
2015-12-06,999.98,2,NP-18685,Central,TEC-CO-10002095,Technology,0.0,0.0,2015
2015-09-24,821.94,6,SC-20680,Central,TEC-PH-10004120,Technology,0.0,0.0,2015
2015-12-19,7.04,2,SM-20950,Central,OFF-BI-10003094,Office Supplies,0.0,0.0,2015
2015-12-19,5.04,4,SM-20950,Central,OFF-FA-10003472,Office Supplies,0.0,0.0,2015
2015-12-19,116.28,3,SM-20950,Central,OFF-PA-10001289,Office Supplies,0.0,0.0,2015
2015-12-21,47.976,3,LS-17245,South,TEC-PH-10002293,Technology,0.2,-9.5952,2015
2015-08-24,3080.0,7,KW-16435,South,TEC-MA-10000864,Technology,0.0,0.0,2015
2015-08-24,79.96,4,KW-16435,South,TEC-AC-10003289,Technology,0.0,0.0,2015
2015-08-24,587.97,3,KW-16435,South,TEC-PH-10001619,Technology,0.0,0.0,2015
2015-09-07,13.96,2,MC-17275,East,OFF-ST-10002486,Office Supplies,0.0,0.0,2015
2015-09-07,27.414,3,MC-17275,East,FUR-TA-10003837,Furniture,0.4,-10.9656,2015
2015-12-25,73.98,2,DL-13495,Central,TEC-PH-10002923,Technology,0.0,0.0,2015
2015-12-25,160.98,1,DL-13495,Central,FUR-BO-10004360,Furniture,0.0,0.0,2015
2015-12-25,17.34,3,DL-13495,Central,OFF-PA-10002160,Office Supplies,0.0,0.0,2015
2015-12-25,3.28,1,DL-13495,Central,OFF-AR-10002375,Office Supplies,0.0,0.0,2015
2015-05-02,8.856,3,NC-18625,Central,OFF-LA-10000443,Office Supplies,0.2,-1.7712,2015
2015-05-02,158.376,3,NC-18625,Central,TEC-PH-10001750,Technology,0.2,-31.6752,2015
2015-11-24,3.168,2,TS-21340,West,OFF-BI-10002813,Office Supplies,0.2,-0.6336,2015
2015-11-24,19.44,3,TS-21340,West,OFF-PA-10002005,Office Supplies,0.0,0.0,2015
2015-11-24,454.86,7,TS-21340,West,OFF-ST-10000060,Office Supplies,0.0,0.0,2015
2015-11-24,91.392,8,TS-21340,West,OFF-BI-10002706,Office Supplies,0.2,-18.2784,2015
2015-03-29,73.28,4,DO-13435,West,OFF-AP-10001947,Office Supplies,0.0,0.0,2015
2015-07-02,11.952,3,KB-16315,South,OFF-PA-10000349,Office Supplies,0.2,-2.3904,2015
2015-07-02,15.552,3,KB-16315,South,OFF-PA-10003349,Office Supplies,0.2,-3.1104,2015
2015-11-28,322.59,3,TP-21415,East,FUR-FU-10004017,Furniture,0.0,0.0,2015
2015-12-05,47.984,2,SW-20245,East,TEC-AC-10003280,Technology,0.2,-9.5968,2015
2015-12-05,26.064,6,SW-20245,East,OFF-BI-10001107,Office Supplies,0.7,-18.2448,2015
2015-03-14,16.52,4,EP-13915,East,OFF-LA-10004484,Office Supplies,0.0,0.0,2015
2015-03-14,671.94,3,EP-13915,East,OFF-BI-10003091,Office Supplies,0.0,0.0,2015
2015-03-08,19.44,3,AR-10825,East,OFF-PA-10003848,Office Supplies,0.0,0.0,2015
2015-04-13,31.104,6,HJ-14875,West,OFF-PA-10000788,Office Supplies,0.2,-6.220800000000001,2015
2015-04-13,54.816,3,HJ-14875,West,OFF-PA-10002968,Office Supplies,0.2,-10.9632,2015
2015-11-29,56.3,2,EK-13795,West,OFF-AR-10003582,Office Supplies,0.0,0.0,2015
2015-07-08,21.12,5,DM-13015,Central,OFF-PA-10004248,Office Supplies,0.2,-4.224,2015
2015-11-16,696.42,2,HK-14890,West,FUR-TA-10000577,Furniture,0.0,0.0,2015
2015-11-16,304.776,3,HK-14890,West,TEC-PH-10001254,Technology,0.2,-60.9552,2015
2015-06-18,51.98,2,BG-11740,West,OFF-AR-10001044,Office Supplies,0.0,0.0,2015
2015-04-18,21.93,3,RF-19735,East,OFF-LA-10004093,Office Supplies,0.0,0.0,2015
2015-12-10,7.31,1,MA-17560,East,OFF-LA-10004093,Office Supplies,0.0,0.0,2015
2015-12-10,799.984,2,MA-17560,East,TEC-CO-10002095,Technology,0.2,-159.9968,2015
2015-12-10,41.28,6,MA-17560,East,OFF-PA-10002713,Office Supplies,0.0,0.0,2015
2015-12-10,184.66,7,MA-17560,East,OFF-PA-10002254,Office Supplies,0.0,0.0,2015
2015-02-18,9.24,3,AB-10600,West,OFF-LA-10002271,Office Supplies,0.0,0.0,2015
2015-01-05,61.584,1,SR-20740,West,FUR-CH-10003396,Furniture,0.2,-12.3168,2015
2015-10-23,55.944,7,RA-19285,South,TEC-PH-10004897,Technology,0.2,-11.1888,2015
2015-10-23,10.688,2,RA-19285,South,OFF-AR-10002656,Office Supplies,0.2,-2.1376,2015
2015-10-23,11.824,2,RA-19285,South,TEC-PH-10004924,Technology,0.2,-2.3648,2015
2015-09-04,9.762,2,KB-16585,West,OFF-BI-10000962,Office Supplies,0.7,-6.8334,2015
2015-11-26,692.472,11,SH-20635,South,FUR-FU-10003930,Furniture,0.2,-138.4944,2015
2015-10-23,3.592,1,AG-10495,West,OFF-BI-10004140,Office Supplies,0.2,-0.7184,2015
2015-07-09,48.632,2,KN-16450,Central,OFF-AP-10002684,Office Supplies,0.8,-38.9056,2015
2015-11-21,246.1328,2,CA-11965,Central,FUR-BO-10003965,Furniture,0.32,-78.762496,2015
2015-11-21,11.696,2,CA-11965,Central,OFF-LA-10000240,Office Supplies,0.2,-2.3392,2015
2015-11-21,439.992,1,CA-11965,Central,TEC-CO-10001571,Technology,0.2,-87.9984,2015
2015-05-17,33.28,5,ON-18715,Central,OFF-BI-10002082,Office Supplies,0.8,-26.624,2015
2015-05-17,14.088,3,ON-18715,Central,OFF-PA-10002250,Office Supplies,0.2,-2.8176,2015
2015-06-25,20.96,2,AB-10165,West,OFF-AR-10004062,Office Supplies,0.0,0.0,2015
2015-06-25,88.752,3,AB-10165,West,OFF-BI-10004330,Office Supplies,0.2,-17.7504,2015
2015-06-25,304.23,3,AB-10165,West,OFF-ST-10001963,Office Supplies,0.0,0.0,2015
2015-07-26,167.86,2,HA-14920,West,OFF-EN-10002230,Office Supplies,0.0,0.0,2015
2015-02-14,14.952,2,KB-16315,East,OFF-BI-10001658,Office Supplies,0.7,-10.4664,2015
2015-02-14,323.982,3,KB-16315,East,TEC-PH-10002834,Technology,0.4,-129.5928,2015
2015-02-14,2.286,2,KB-16315,East,OFF-BI-10002160,Office Supplies,0.7,-1.6002,2015
2015-02-14,14.352,3,KB-16315,East,OFF-AR-10004999,Office Supplies,0.2,-2.8704,2015
2015-02-14,71.976,3,KB-16315,East,TEC-AC-10003280,Technology,0.2,-14.3952,2015
2015-12-21,50.88,6,RD-19720,South,TEC-AC-10003237,Technology,0.2,-10.176,2015
2015-12-21,27.312,2,RD-19720,South,OFF-EN-10003798,Office Supplies,0.2,-5.462400000000001,2015
2015-12-20,7.92,1,GZ-14470,West,OFF-EN-10003068,Office Supplies,0.2,-1.584,2015
2015-12-20,14.368,2,GZ-14470,West,FUR-FU-10002088,Furniture,0.2,-2.8736,2015
2015-11-27,107.97,3,SN-20710,West,TEC-AC-10000158,Technology,0.0,0.0,2015
2015-11-27,113.82,3,SN-20710,West,OFF-PA-10000482,Office Supplies,0.0,0.0,2015
2015-12-04,1598.058,7,RO-19780,South,OFF-BI-10000545,Office Supplies,0.7,-1118.6406,2015
2015-12-04,36.96,4,RO-19780,South,OFF-AR-10003752,Office Supplies,0.2,-7.392,2015
2015-11-30,17.48,2,PS-18970,South,OFF-EN-10000461,Office Supplies,0.0,0.0,2015
2015-11-30,71.88,2,PS-18970,South,OFF-EN-10002831,Office Supplies,0.0,0.0,2015
2015-10-25,60.45,3,TB-21625,West,OFF-AR-10004648,Office Supplies,0.0,0.0,2015
2015-10-25,253.176,3,TB-21625,West,FUR-TA-10001857,Furniture,0.2,-50.6352,2015
2015-07-20,2.88,5,RA-19915,Central,OFF-BI-10000546,Office Supplies,0.8,-2.304,2015
2015-07-20,384.944,4,RA-19915,Central,FUR-BO-10004690,Furniture,0.3,-115.4832,2015
2015-07-20,153.584,2,RA-19915,Central,TEC-PH-10001557,Technology,0.2,-30.7168,2015
2015-07-20,913.43,5,RA-19915,Central,FUR-BO-10002545,Furniture,0.3,-274.029,2015
2015-07-05,34.8,3,MW-18220,East,TEC-AC-10002345,Technology,0.2,-6.96,2015
2015-07-05,38.976,3,MW-18220,East,OFF-ST-10001558,Office Supplies,0.2,-7.7952,2015
2015-11-17,40.92,5,GH-14665,Central,OFF-SU-10002537,Office Supplies,0.2,-8.184000000000001,2015
2015-06-19,12.56,2,LH-17155,West,FUR-FU-10000732,Furniture,0.0,0.0,2015
2015-06-19,6.48,1,LH-17155,West,OFF-PA-10004355,Office Supplies,0.0,0.0,2015
2015-06-19,186.69,3,LH-17155,West,OFF-EN-10000056,Office Supplies,0.0,0.0,2015
2015-09-03,129.568,2,AS-10630,West,FUR-CH-10002372,Furniture,0.2,-25.9136,2015
2015-09-03,6.368,2,AS-10630,West,OFF-BI-10003274,Office Supplies,0.2,-1.2736,2015
2015-08-07,3.304,1,NS-18640,West,OFF-BI-10004970,Office Supplies,0.2,-0.6608,2015
2015-09-05,16.27,5,CA-12055,Central,OFF-BI-10000962,Office Supplies,0.8,-13.016,2015
2015-09-05,69.12,9,CA-12055,Central,OFF-SU-10003567,Office Supplies,0.2,-13.824,2015
2015-09-05,4.47,3,CA-12055,Central,OFF-BI-10003708,Office Supplies,0.8,-3.576,2015
2015-03-19,11.96,2,MC-18130,West,OFF-PA-10001947,Office Supplies,0.0,0.0,2015
2015-02-27,105.98,2,ES-14080,East,TEC-PH-10003800,Technology,0.0,0.0,2015
2015-02-27,493.92,7,ES-14080,East,FUR-TA-10004152,Furniture,0.3,-148.176,2015
2015-07-12,383.607,9,RL-19615,Central,FUR-CH-10004477,Furniture,0.3,-115.0821,2015
2015-07-12,148.48,2,RL-19615,Central,TEC-PH-10003505,Technology,0.2,-29.696,2015
2015-07-12,537.544,7,RL-19615,Central,TEC-PH-10000526,Technology,0.2,-107.5088,2015
2015-07-12,1.928,2,RL-19615,Central,OFF-BI-10003314,Office Supplies,0.8,-1.5424,2015
2015-07-12,6.912,3,RL-19615,Central,OFF-AR-10003190,Office Supplies,0.2,-1.3824,2015
2015-07-12,7.76,1,RL-19615,Central,FUR-FU-10001861,Furniture,0.6,-4.656,2015
2015-07-12,659.168,4,RL-19615,Central,TEC-PH-10003963,Technology,0.2,-131.8336,2015
2015-03-23,31.56,4,SG-20470,South,OFF-FA-10003112,Office Supplies,0.0,0.0,2015
2015-03-23,27.92,4,SG-20470,South,OFF-ST-10002486,Office Supplies,0.0,0.0,2015
2015-12-04,271.44,3,HM-14860,West,OFF-EN-10003296,Office Supplies,0.0,0.0,2015
2015-12-04,110.352,3,HM-14860,West,TEC-PH-10000193,Technology,0.2,-22.0704,2015
2015-12-04,36.4,5,HM-14860,West,FUR-FU-10002111,Furniture,0.0,0.0,2015
2015-11-08,10.476,6,DB-13660,Central,OFF-BI-10003291,Office Supplies,0.8,-8.3808,2015
2015-05-25,21.24,3,NM-18445,Central,OFF-AR-10002445,Office Supplies,0.0,0.0,2015
2015-05-25,127.96,2,NM-18445,Central,OFF-BI-10001718,Office Supplies,0.0,0.0,2015
2015-06-09,113.1,3,AG-10765,South,OFF-BI-10001670,Office Supplies,0.0,0.0,2015
2015-07-31,239.7,6,AR-10405,South,TEC-AC-10004469,Technology,0.0,0.0,2015
2015-07-16,150.98,1,MG-17890,East,FUR-CH-10004853,Furniture,0.0,0.0,2015
2015-07-16,137.25,9,MG-17890,East,OFF-EN-10000483,Office Supplies,0.0,0.0,2015
2015-07-16,11.52,4,MG-17890,East,OFF-FA-10001332,Office Supplies,0.0,0.0,2015
2015-05-26,18.272,1,BF-11170,South,OFF-PA-10003790,Office Supplies,0.2,-3.6544,2015
2015-05-26,153.728,4,BF-11170,South,OFF-PA-10003134,Office Supplies,0.2,-30.7456,2015
2015-05-26,12.224,2,BF-11170,South,OFF-EN-10004459,Office Supplies,0.2,-2.4448,2015
2015-05-26,167.944,7,BF-11170,South,TEC-AC-10003628,Technology,0.2,-33.5888,2015
2015-05-28,45.99,1,MS-17770,East,TEC-PH-10004093,Technology,0.0,0.0,2015
2015-05-28,535.41,3,MS-17770,East,OFF-ST-10001490,Office Supplies,0.0,0.0,2015
2015-05-28,6.096,2,MS-17770,East,OFF-BI-10000605,Office Supplies,0.2,-1.2192,2015
2015-05-28,45.36,7,MS-17770,East,OFF-PA-10004255,Office Supplies,0.0,0.0,2015
2015-09-04,134.376,3,DS-13180,Central,TEC-AC-10000109,Technology,0.2,-26.8752,2015
2015-09-21,589.9,2,TH-21550,East,TEC-PH-10002415,Technology,0.0,0.0,2015
2015-09-21,542.94,3,TH-21550,East,FUR-CH-10000785,Furniture,0.0,0.0,2015
2015-10-05,77.55,5,SF-20965,East,OFF-ST-10001328,Office Supplies,0.0,0.0,2015
2015-10-15,17.14,2,GA-14725,Central,FUR-FU-10000719,Furniture,0.0,0.0,2015
2015-08-21,586.398,6,DS-13180,West,FUR-BO-10003893,Furniture,0.15,-87.9597,2015
2015-08-21,80.98,1,DS-13180,West,OFF-ST-10000736,Office Supplies,0.0,0.0,2015
2015-08-02,6.368,2,Co-12640,West,OFF-BI-10002003,Office Supplies,0.2,-1.2736,2015
2015-08-02,558.4,2,Co-12640,West,TEC-MA-10001972,Technology,0.2,-111.68,2015
2015-05-03,59.904,2,SV-20785,East,OFF-AR-10001468,Office Supplies,0.2,-11.9808,2015
2015-05-03,23.696,2,SV-20785,East,OFF-AP-10003266,Office Supplies,0.2,-4.7392,2015
2015-05-03,7.968,2,SV-20785,East,OFF-PA-10002230,Office Supplies,0.2,-1.5936,2015
2015-05-03,18.2,7,SV-20785,East,OFF-AP-10003622,Office Supplies,0.2,-3.64,2015
2015-05-03,27.552,3,SV-20785,East,TEC-AC-10001542,Technology,0.2,-5.510400000000001,2015
2015-05-03,844.116,6,SV-20785,East,FUR-CH-10002965,Furniture,0.3,-253.2348,2015
2015-05-03,76.752,3,SV-20785,East,OFF-ST-10000563,Office Supplies,0.2,-15.3504,2015
2015-12-17,29.52,4,JL-15835,Central,OFF-BI-10000320,Office Supplies,0.0,0.0,2015
2015-12-17,302.94,3,JL-15835,Central,FUR-CH-10003846,Furniture,0.0,0.0,2015
2015-12-17,142.36,2,JL-15835,Central,FUR-CH-10004875,Furniture,0.0,0.0,2015
2015-12-17,546.66,9,JL-15835,Central,FUR-CH-10003817,Furniture,0.0,0.0,2015
2015-12-17,212.13,3,JL-15835,Central,FUR-FU-10002116,Furniture,0.0,0.0,2015
2015-05-12,201.584,2,LT-16765,West,TEC-PH-10000441,Technology,0.2,-40.3168,2015
2015-12-12,8.22,3,EM-13960,East,OFF-AR-10001662,Office Supplies,0.0,0.0,2015
2015-10-10,45.36,7,DJ-13420,West,OFF-PA-10004101,Office Supplies,0.0,0.0,2015
2015-04-18,947.17,7,DE-13255,West,OFF-ST-10002756,Office Supplies,0.0,0.0,2015
2015-04-18,61.96,2,DE-13255,West,OFF-PA-10000483,Office Supplies,0.0,0.0,2015
2015-03-29,212.64,6,RB-19435,West,OFF-PA-10001736,Office Supplies,0.0,0.0,2015
2015-03-29,9.87,3,RB-19435,West,OFF-PA-10001609,Office Supplies,0.0,0.0,2015
2015-03-29,53.25,3,RB-19435,West,TEC-AC-10003116,Technology,0.0,0.0,2015
2015-03-29,19.92,3,RB-19435,West,FUR-FU-10004586,Furniture,0.0,0.0,2015
2015-06-13,8.26,2,PS-19045,East,OFF-BI-10004970,Office Supplies,0.0,0.0,2015
2015-06-13,29.84,2,PS-19045,East,OFF-BI-10002824,Office Supplies,0.0,0.0,2015
2015-06-13,67.98,2,PS-19045,East,TEC-AC-10003657,Technology,0.0,0.0,2015
2015-02-18,61.06,2,GT-14755,West,OFF-LA-10003510,Office Supplies,0.0,0.0,2015
2015-02-18,35.544,1,GT-14755,West,FUR-TA-10001676,Furniture,0.2,-7.1088,2015
2015-12-12,22.368,4,JB-15925,Central,TEC-AC-10002018,Technology,0.2,-4.4736,2015
2015-04-24,25.99,1,DB-13270,East,OFF-AR-10001044,Office Supplies,0.0,0.0,2015
2015-03-09,113.52,5,NS-18640,Central,TEC-AC-10002473,Technology,0.2,-22.704,2015
2015-03-09,359.88,3,NS-18640,Central,TEC-PH-10001809,Technology,0.2,-71.976,2015
2015-12-11,13.12,5,IM-15070,West,OFF-AR-10001473,Office Supplies,0.2,-2.624,2015
2015-12-11,69.576,4,IM-15070,West,FUR-BO-10003450,Furniture,0.7,-48.7032,2015
2015-12-11,4.224,3,IM-15070,West,OFF-AR-10001545,Office Supplies,0.2,-0.8448000000000001,2015
2015-12-11,58.08,4,IM-15070,West,TEC-AC-10004396,Technology,0.2,-11.616,2015
2015-12-11,52.416,9,IM-15070,West,FUR-FU-10002456,Furniture,0.2,-10.4832,2015
2015-12-11,54.92,5,IM-15070,West,FUR-FU-10001473,Furniture,0.2,-10.984,2015
2015-12-11,364.95,5,IM-15070,West,FUR-TA-10000849,Furniture,0.5,-182.475,2015
2015-12-11,85.056,3,IM-15070,West,OFF-PA-10001166,Office Supplies,0.2,-17.0112,2015
2015-12-11,27.696,3,IM-15070,West,OFF-PA-10003256,Office Supplies,0.2,-5.539200000000001,2015
2015-06-29,24.96,4,MM-18055,East,OFF-PA-10002870,Office Supplies,0.0,0.0,2015
2015-03-16,43.13,1,MF-18250,West,FUR-FU-10001215,Furniture,0.0,0.0,2015
2015-08-13,5.64,3,CK-12595,South,OFF-BI-10004187,Office Supplies,0.0,0.0,2015
2015-11-22,37.94,2,NG-18430,West,OFF-PA-10000176,Office Supplies,0.0,0.0,2015
2015-11-22,42.8,10,NG-18430,West,OFF-PA-10000327,Office Supplies,0.0,0.0,2015
2015-11-22,33.63,3,NG-18430,West,OFF-ST-10004634,Office Supplies,0.0,0.0,2015
2015-12-27,195.64,4,RE-19450,Central,OFF-PA-10003228,Office Supplies,0.0,0.0,2015
2015-12-27,239.9,2,RE-19450,Central,TEC-PH-10004345,Technology,0.0,0.0,2015
2015-04-07,463.248,8,PF-19120,Central,OFF-AP-10002651,Office Supplies,0.8,-370.5984,2015
2015-04-07,383.952,6,PF-19120,Central,TEC-AC-10002402,Technology,0.2,-76.7904,2015
2015-07-23,10.512,3,MS-17830,East,OFF-BI-10003460,Office Supplies,0.2,-2.1024,2015
2015-01-13,70.008,3,PB-19150,West,OFF-BI-10003364,Office Supplies,0.2,-14.0016,2015
2015-01-13,77.6,4,PB-19150,West,FUR-FU-10001861,Furniture,0.0,0.0,2015
2015-01-13,464.85,9,PB-19150,West,FUR-FU-10004845,Furniture,0.0,0.0,2015
2015-09-24,35.96,2,ME-17725,West,OFF-AR-10004042,Office Supplies,0.0,0.0,2015
2015-09-24,14.952,3,ME-17725,West,OFF-BI-10001097,Office Supplies,0.2,-2.9904,2015
2015-09-28,12.536,1,ZC-21910,West,OFF-EN-10004483,Office Supplies,0.2,-2.5072,2015
2015-09-28,1.08,2,ZC-21910,West,OFF-BI-10002012,Office Supplies,0.7,-0.756,2015
2015-09-28,4.512,3,ZC-21910,West,OFF-FA-10003021,Office Supplies,0.2,-0.9024,2015
2015-03-15,16.776,3,KS-16300,West,TEC-PH-10003356,Technology,0.2,-3.3552,2015
2015-02-06,1268.82,9,IL-15100,East,FUR-CH-10001708,Furniture,0.0,0.0,2015
2015-02-06,283.92,4,IL-15100,East,FUR-BO-10002598,Furniture,0.0,0.0,2015
2015-02-06,5.68,2,IL-15100,East,OFF-AR-10001022,Office Supplies,0.0,0.0,2015
2015-06-09,12.96,2,NC-18415,Central,OFF-PA-10000304,Office Supplies,0.0,0.0,2015
2015-03-16,85.9,2,MS-17980,East,TEC-PH-10001527,Technology,0.0,0.0,2015
2015-03-20,2.512,2,JK-15730,Central,OFF-BI-10001308,Office Supplies,0.8,-2.0096,2015
2015-03-20,18.864,9,JK-15730,Central,OFF-FA-10003485,Office Supplies,0.2,-3.7728,2015
2015-05-25,467.04,4,CY-12745,South,TEC-PH-10001944,Technology,0.2,-93.40800000000002,2015
2015-08-02,128.85,3,BE-11455,East,TEC-PH-10001527,Technology,0.0,0.0,2015
2015-08-02,8.4,2,BE-11455,East,OFF-PA-10001307,Office Supplies,0.0,0.0,2015
2015-08-02,199.98,2,BE-11455,East,TEC-AC-10004571,Technology,0.0,0.0,2015
2015-08-02,110.98,1,BE-11455,East,FUR-CH-10001973,Furniture,0.0,0.0,2015
2015-09-18,717.12,9,JR-16210,South,TEC-AC-10003198,Technology,0.2,-143.424,2015
2015-12-07,21.36,5,AH-10210,East,OFF-BI-10001031,Office Supplies,0.2,-4.272,2015
2015-12-07,6.688,2,AH-10210,East,OFF-BI-10003727,Office Supplies,0.2,-1.3376,2015
2015-12-07,773.94,6,AH-10210,East,TEC-PH-10001336,Technology,0.0,0.0,2015
2015-09-06,7.24,5,CK-12760,South,OFF-FA-10003059,Office Supplies,0.2,-1.448,2015
2015-12-18,55.936,8,RB-19645,South,OFF-EN-10000461,Office Supplies,0.2,-11.1872,2015
2015-12-18,18.432,8,RB-19645,South,OFF-LA-10004008,Office Supplies,0.2,-3.6864,2015
2015-12-18,20.32,5,RB-19645,South,FUR-FU-10000221,Furniture,0.2,-4.064,2015
2015-11-10,714.3,5,SC-20695,Central,OFF-ST-10003306,Office Supplies,0.0,0.0,2015
2015-11-09,2321.9,2,Dp-13240,East,TEC-MA-10000045,Technology,0.0,0.0,2015
2015-11-09,17.94,3,Dp-13240,East,OFF-ST-10001505,Office Supplies,0.0,0.0,2015
2015-09-07,9.522,1,LR-17035,East,OFF-BI-10004781,Office Supplies,0.7,-6.6654,2015
2015-09-07,791.964,6,LR-17035,East,TEC-PH-10002680,Technology,0.4,-316.7856,2015
2015-09-07,4.923,3,LR-17035,East,OFF-BI-10000848,Office Supplies,0.7,-3.4461,2015
2015-08-09,687.4,5,HR-14770,Central,FUR-BO-10004690,Furniture,0.0,0.0,2015
2015-07-11,199.836,4,TS-21370,East,FUR-TA-10001520,Furniture,0.3,-59.9508,2015
2015-07-11,716.0,2,TS-21370,East,TEC-PH-10001817,Technology,0.0,0.0,2015
2015-07-11,221.06,7,TS-21370,East,OFF-BI-10004492,Office Supplies,0.0,0.0,2015
2015-09-18,18.54,2,AB-10060,West,OFF-PA-10001776,Office Supplies,0.0,0.0,2015
2015-11-07,24.4,2,KB-16240,East,OFF-EN-10000483,Office Supplies,0.2,-4.88,2015
2015-01-03,398.4,5,AH-10465,Central,TEC-AC-10003198,Technology,0.2,-79.68,2015
2015-01-03,7.056,3,AH-10465,Central,OFF-AR-10001246,Office Supplies,0.2,-1.4112,2015
2015-01-03,1352.3976,9,AH-10465,Central,FUR-BO-10003272,Furniture,0.32,-432.767232,2015
2015-09-08,26.4,5,NM-18520,West,OFF-PA-10002606,Office Supplies,0.0,0.0,2015
2015-09-08,41.88,6,NM-18520,West,OFF-ST-10002486,Office Supplies,0.0,0.0,2015
2015-05-08,43.98,2,DL-12925,Central,OFF-BI-10003684,Office Supplies,0.0,0.0,2015
2015-05-08,377.97,3,DL-12925,Central,TEC-PH-10000441,Technology,0.0,0.0,2015
2015-05-08,123.96,3,DL-12925,Central,FUR-FU-10000723,Furniture,0.0,0.0,2015
2015-11-05,62.8,4,JM-16195,West,OFF-ST-10000649,Office Supplies,0.0,0.0,2015
2015-12-18,20.736,4,JK-15640,East,OFF-PA-10003441,Office Supplies,0.2,-4.147200000000001,2015
2015-06-19,5.792,2,ME-17320,Central,OFF-BI-10001107,Office Supplies,0.8,-4.6336,2015
2015-03-05,466.158,7,KN-16390,East,TEC-PH-10000562,Technology,0.4,-186.4632,2015
2015-03-05,10.312,1,KN-16390,East,TEC-AC-10001101,Technology,0.2,-2.0624,2015
2015-03-05,2.556,3,KN-16390,East,OFF-BI-10003529,Office Supplies,0.7,-1.7892,2015
2015-05-23,51.45,3,KH-16690,East,OFF-ST-10004507,Office Supplies,0.0,0.0,2015
2015-08-07,19.152,3,PN-18775,West,OFF-BI-10002194,Office Supplies,0.2,-3.8304,2015
2015-03-26,40.032,6,GM-14500,East,OFF-PA-10001950,Office Supplies,0.2,-8.0064,2015
2015-03-26,16.776,3,GM-14500,East,TEC-AC-10004633,Technology,0.2,-3.3552,2015
2015-09-19,66.36,4,NH-18610,South,TEC-AC-10000682,Technology,0.0,0.0,2015
2015-11-13,17.496,9,HA-14905,Central,FUR-FU-10001025,Furniture,0.6,-10.4976,2015
2015-09-26,34.44,3,GM-14500,East,OFF-FA-10004854,Office Supplies,0.0,0.0,2015
2015-09-26,629.93,7,GM-14500,East,TEC-MA-10002859,Technology,0.0,0.0,2015
2015-09-26,79.056,9,GM-14500,East,OFF-BI-10000088,Office Supplies,0.2,-15.8112,2015
2015-06-21,107.976,3,EP-13915,South,TEC-PH-10001819,Technology,0.2,-21.5952,2015
2015-12-14,8.096,2,RD-19480,West,OFF-BI-10002432,Office Supplies,0.2,-1.6192,2015
2015-11-08,119.9,2,SW-20455,West,TEC-AC-10001956,Technology,0.0,0.0,2015
2015-08-07,28.4,4,KW-16570,Central,OFF-BI-10002215,Office Supplies,0.0,0.0,2015
2015-08-07,212.94,3,KW-16570,Central,FUR-FU-10000305,Furniture,0.0,0.0,2015
2015-10-26,105.584,2,AG-10495,West,TEC-PH-10001700,Technology,0.2,-21.1168,2015
2015-10-26,68.72,2,AG-10495,West,TEC-PH-10001527,Technology,0.2,-13.744,2015
2015-07-06,170.352,3,SJ-20215,West,FUR-CH-10003968,Furniture,0.2,-34.0704,2015
2015-03-08,3.408,1,FC-14335,West,OFF-AR-10002399,Office Supplies,0.2,-0.6816,2015
2015-04-13,37.68,2,BT-11395,West,FUR-FU-10004973,Furniture,0.0,0.0,2015
2015-04-13,258.576,2,BT-11395,West,TEC-PH-10003645,Technology,0.2,-51.71520000000001,2015
2015-04-13,75.84,2,BT-11395,West,OFF-AP-10004980,Office Supplies,0.0,0.0,2015
2015-10-10,1801.632,6,JD-15790,South,OFF-ST-10004459,Office Supplies,0.2,-360.3264,2015
2015-11-27,748.752,8,EH-14125,East,TEC-PH-10002789,Technology,0.4,-299.5008,2015
2015-09-13,199.96,4,ZC-21910,Central,TEC-AC-10001314,Technology,0.0,0.0,2015
2015-09-13,1516.2,7,ZC-21910,Central,FUR-CH-10000015,Furniture,0.0,0.0,2015
2015-08-15,104.23,7,RE-19450,West,FUR-FU-10004018,Furniture,0.0,0.0,2015
2015-08-15,70.26,3,RE-19450,West,OFF-ST-10003638,Office Supplies,0.0,0.0,2015
2015-09-12,9.26,2,TM-21010,East,OFF-AR-10004685,Office Supplies,0.0,0.0,2015
2015-09-12,105.98,2,TM-21010,East,OFF-ST-10001713,Office Supplies,0.0,0.0,2015
2015-09-12,1.24,1,TM-21010,East,OFF-FA-10000490,Office Supplies,0.0,0.0,2015
2015-09-12,20.7,2,TM-21010,East,OFF-LA-10002043,Office Supplies,0.0,0.0,2015
2015-09-12,28.9,5,TM-21010,East,OFF-PA-10002464,Office Supplies,0.0,0.0,2015
2015-09-12,27.18,1,TM-21010,East,OFF-EN-10002504,Office Supplies,0.0,0.0,2015
2015-01-12,465.18,3,YS-21880,East,OFF-ST-10002615,Office Supplies,0.0,0.0,2015
2015-05-12,36.63,3,AZ-10750,East,OFF-ST-10004258,Office Supplies,0.0,0.0,2015
2015-05-21,20.768,8,JE-15745,Central,OFF-AP-10000358,Office Supplies,0.8,-16.6144,2015
2015-04-16,12.576,4,BN-11470,East,OFF-FA-10001229,Office Supplies,0.2,-2.5152,2015
2015-10-30,182.91,3,TT-21220,South,OFF-AP-10000026,Office Supplies,0.0,0.0,2015
2015-03-05,99.372,2,AH-10195,East,FUR-CH-10002647,Furniture,0.3,-29.8116,2015
2015-03-05,33.568,2,AH-10195,East,FUR-FU-10003247,Furniture,0.2,-6.7136,2015
2015-11-07,715.2,3,SV-20785,East,FUR-CH-10000595,Furniture,0.0,0.0,2015
2015-09-05,6.16,2,SP-20860,Central,FUR-FU-10001706,Furniture,0.0,0.0,2015
2015-09-05,36.84,3,SP-20860,Central,OFF-PA-10001970,Office Supplies,0.0,0.0,2015
2015-12-26,51.588,1,MC-18100,East,FUR-TA-10004086,Furniture,0.4,-20.6352,2015
2015-12-04,16.9,5,TZ-21580,West,OFF-AR-10003723,Office Supplies,0.0,0.0,2015
2015-12-04,25.08,6,TZ-21580,West,FUR-FU-10004270,Furniture,0.0,0.0,2015
2015-01-17,6.68,2,SC-20260,East,OFF-AR-10003183,Office Supplies,0.0,0.0,2015
2015-03-05,31.92,2,MV-18190,Central,TEC-PH-10000149,Technology,0.2,-6.384,2015
2015-05-21,26.976,4,ME-18010,West,OFF-BI-10001636,Office Supplies,0.2,-5.3952,2015
2015-11-09,244.55,5,DV-13465,East,OFF-ST-10002554,Office Supplies,0.0,0.0,2015
2015-11-09,12.24,6,DV-13465,East,OFF-EN-10001509,Office Supplies,0.0,0.0,2015
2015-11-09,13.98,2,DV-13465,East,TEC-AC-10002018,Technology,0.0,0.0,2015
2015-11-09,899.95,5,DV-13465,East,TEC-AC-10002637,Technology,0.0,0.0,2015
2015-10-11,31.95,1,SH-20395,East,TEC-AC-10002550,Technology,0.0,0.0,2015
2015-01-04,32.34,3,CS-12250,Central,OFF-BI-10003676,Office Supplies,0.0,0.0,2015
2015-01-04,39.9,5,CS-12250,Central,OFF-PA-10004082,Office Supplies,0.0,0.0,2015
2015-10-24,15.552,3,AG-10495,Central,OFF-PA-10003177,Office Supplies,0.2,-3.1104,2015
2015-10-24,347.361,7,AG-10495,Central,FUR-TA-10002607,Furniture,0.3,-104.2083,2015
2015-10-24,10.368,2,AG-10495,Central,OFF-PA-10001166,Office Supplies,0.2,-2.0736,2015
2015-10-23,36.288,7,JE-15715,Central,OFF-PA-10004621,Office Supplies,0.2,-7.2576,2015
2015-10-23,150.384,2,JE-15715,Central,TEC-PH-10002103,Technology,0.2,-30.0768,2015
2015-10-19,1640.7,5,RM-19675,West,OFF-AP-10000275,Office Supplies,0.0,0.0,2015
2015-10-19,270.0,3,RM-19675,West,TEC-AC-10000892,Technology,0.0,0.0,2015
2015-04-17,99.6,1,JM-15535,East,TEC-AC-10003198,Technology,0.0,0.0,2015
2015-04-17,62.296,13,JM-15535,East,OFF-BI-10001900,Office Supplies,0.2,-12.4592,2015
2015-04-17,10.71,3,JM-15535,East,OFF-AR-10000614,Office Supplies,0.0,0.0,2015
2015-10-24,3.592,4,MT-18070,Central,OFF-BI-10004140,Office Supplies,0.8,-2.8736,2015
2015-09-04,7.656,4,SC-20440,East,OFF-BI-10001249,Office Supplies,0.7,-5.3592,2015
2015-10-08,145.9,5,MB-17305,West,FUR-FU-10001588,Furniture,0.0,0.0,2015
2015-05-30,239.97,3,EN-13780,East,TEC-PH-10001795,Technology,0.0,0.0,2015
2015-05-30,160.32,2,EN-13780,East,OFF-AP-10004540,Office Supplies,0.0,0.0,2015
2015-05-30,128.85,3,EN-13780,East,TEC-PH-10001527,Technology,0.0,0.0,2015
2015-05-08,37.94,2,AB-10255,East,OFF-PA-10003465,Office Supplies,0.0,0.0,2015
2015-03-31,79.96,5,SC-20260,South,TEC-PH-10000011,Technology,0.2,-15.992,2015
2015-04-13,17.43,3,SS-20590,Central,OFF-BI-10002071,Office Supplies,0.0,0.0,2015
2015-12-14,6.16,2,KD-16495,South,FUR-FU-10003829,Furniture,0.0,0.0,2015
2015-12-14,56.3,2,KD-16495,South,OFF-AR-10003582,Office Supplies,0.0,0.0,2015
2015-12-06,6.48,1,IL-15100,West,OFF-PA-10000048,Office Supplies,0.0,0.0,2015
2015-12-06,1325.85,5,IL-15100,West,OFF-ST-10000078,Office Supplies,0.0,0.0,2015
2015-12-06,14.94,3,IL-15100,West,OFF-LA-10004853,Office Supplies,0.0,0.0,2015
2015-03-19,10.9,5,GA-14725,West,OFF-FA-10001561,Office Supplies,0.0,0.0,2015
2015-09-25,68.62,2,SB-20185,East,OFF-BI-10002735,Office Supplies,0.0,0.0,2015
2015-12-03,590.352,6,BS-11380,East,OFF-BI-10003718,Office Supplies,0.2,-118.0704,2015
2015-12-06,7.78,2,AF-10870,West,OFF-AP-10001626,Office Supplies,0.0,0.0,2015
2015-10-05,53.04,3,MB-17305,East,TEC-AC-10002323,Technology,0.2,-10.608,2015
2015-09-18,443.92,4,CM-12190,West,OFF-ST-10004186,Office Supplies,0.0,0.0,2015
2015-12-05,152.8,5,SU-20665,Central,OFF-BI-10000666,Office Supplies,0.0,0.0,2015
2015-05-15,17.94,3,AH-10690,South,OFF-EN-10004147,Office Supplies,0.0,0.0,2015
2015-01-04,192.22,14,AG-10495,South,FUR-FU-10001473,Furniture,0.0,0.0,2015
2015-06-09,355.36,4,TG-21640,West,FUR-FU-10003192,Furniture,0.0,0.0,2015
2015-06-09,140.376,3,TG-21640,West,TEC-PH-10004522,Technology,0.2,-28.0752,2015
2015-11-05,98.352,3,KL-16645,West,OFF-BI-10002794,Office Supplies,0.2,-19.6704,2015
2015-12-26,275.058,3,RB-19705,Central,FUR-CH-10002044,Furniture,0.3,-82.5174,2015
2015-12-10,27.36,9,KM-16225,East,OFF-AR-10000817,Office Supplies,0.0,0.0,2015
2015-12-10,44.75,5,KM-16225,East,OFF-PA-10001509,Office Supplies,0.0,0.0,2015
2015-12-10,134.99,1,KM-16225,East,TEC-PH-10004667,Technology,0.0,0.0,2015
2015-12-10,26.4,5,KM-16225,East,OFF-PA-10000143,Office Supplies,0.0,0.0,2015
2015-12-10,542.94,3,KM-16225,East,FUR-CH-10000785,Furniture,0.0,0.0,2015
2015-05-08,79.44,3,NW-18400,East,FUR-FU-10001095,Furniture,0.0,0.0,2015
2015-05-08,357.93,3,NW-18400,East,OFF-SU-10000157,Office Supplies,0.0,0.0,2015
2015-05-08,127.764,2,NW-18400,East,FUR-CH-10002647,Furniture,0.1,-12.7764,2015
2015-05-08,2799.944,7,NW-18400,East,TEC-CO-10004115,Technology,0.2,-559.9888,2015
2015-05-08,19.44,3,NW-18400,East,OFF-PA-10003363,Office Supplies,0.0,0.0,2015
2015-10-09,619.95,5,BM-11650,Central,TEC-AC-10002049,Technology,0.0,0.0,2015
2015-10-09,29.16,3,BM-11650,Central,TEC-PH-10003875,Technology,0.0,0.0,2015
2015-10-09,57.96,7,BM-11650,Central,OFF-EN-10003286,Office Supplies,0.0,0.0,2015
2015-10-09,29.403,3,BM-11650,Central,OFF-AP-10003971,Office Supplies,0.1,-2.9403,2015
2015-11-14,8.72,5,KB-16585,West,OFF-FA-10000304,Office Supplies,0.2,-1.744,2015
2015-11-14,91.176,3,KB-16585,West,TEC-AC-10000358,Technology,0.2,-18.2352,2015
2015-11-14,159.968,4,KB-16585,West,TEC-AC-10002800,Technology,0.2,-31.9936,2015
2015-09-25,899.91,9,DR-12880,East,TEC-AC-10004171,Technology,0.0,0.0,2015
2015-05-04,946.344,7,AH-10690,Central,TEC-PH-10002922,Technology,0.2,-189.2688,2015
2015-03-29,5.56,2,AS-10240,South,OFF-AR-10003732,Office Supplies,0.0,0.0,2015
2015-08-11,46.152,3,BW-11065,South,FUR-FU-10004270,Furniture,0.2,-9.230400000000001,2015
2015-11-22,32.985,3,BH-11710,South,TEC-MA-10000423,Technology,0.5,-16.4925,2015
2015-11-03,1448.82,10,FH-14365,East,FUR-CH-10004983,Furniture,0.1,-144.882,2015
2015-09-10,353.88,6,MC-17575,West,OFF-ST-10003994,Office Supplies,0.0,0.0,2015
2015-02-25,3.15,1,SS-20875,East,OFF-LA-10001641,Office Supplies,0.0,0.0,2015
2015-02-25,22.72,4,SS-20875,East,OFF-PA-10002377,Office Supplies,0.0,0.0,2015
2015-09-24,14.91,3,SC-20440,West,FUR-FU-10000010,Furniture,0.0,0.0,2015
2015-09-24,1158.12,4,SC-20440,West,OFF-AP-10002651,Office Supplies,0.0,0.0,2015
2015-11-26,599.99,1,EA-14035,Central,TEC-CO-10002313,Technology,0.0,0.0,2015
2015-04-02,71.976,3,JD-15790,West,TEC-MA-10003329,Technology,0.2,-14.3952,2015
2015-12-12,2.21,1,XP-21865,West,OFF-AR-10001547,Office Supplies,0.0,0.0,2015
2015-12-12,15.52,4,XP-21865,West,OFF-EN-10003072,Office Supplies,0.0,0.0,2015
2015-12-12,36.44,4,XP-21865,West,OFF-PA-10000726,Office Supplies,0.0,0.0,2015
2015-03-22,15.984,2,RD-19900,West,TEC-PH-10000376,Technology,0.2,-3.1968,2015
2015-03-22,105.52,4,JD-16150,West,OFF-PA-10003127,Office Supplies,0.0,0.0,2015
2015-03-22,91.96,2,JD-16150,West,FUR-FU-10000747,Furniture,0.0,0.0,2015
2015-03-22,1487.976,3,JD-16150,West,TEC-PH-10001795,Technology,0.2,-297.5952,2015
2015-07-02,19.44,3,SR-20740,East,OFF-PA-10003797,Office Supplies,0.0,0.0,2015
2015-06-15,11.672,1,AC-10450,South,TEC-AC-10002718,Technology,0.2,-2.3344,2015
2015-07-18,519.96,4,RF-19735,West,TEC-AC-10003095,Technology,0.0,0.0,2015
2015-06-09,64.2,5,MJ-17740,South,OFF-BI-10003876,Office Supplies,0.7,-44.94,2015
2015-06-09,38.52,3,MJ-17740,South,OFF-BI-10002133,Office Supplies,0.7,-26.964,2015
2015-06-09,72.6,5,MJ-17740,South,TEC-AC-10004396,Technology,0.2,-14.52,2015
2015-03-27,83.7,5,MV-17485,West,OFF-ST-10000636,Office Supplies,0.0,0.0,2015
2015-09-22,32.4,5,MG-17875,South,OFF-PA-10001972,Office Supplies,0.0,0.0,2015
2015-09-22,47.98,2,MG-17875,South,FUR-FU-10002554,Furniture,0.0,0.0,2015
2015-11-17,415.968,4,BS-11665,West,TEC-PH-10003174,Technology,0.2,-83.1936,2015
2015-11-17,304.9,5,BS-11665,West,OFF-ST-10001418,Office Supplies,0.0,0.0,2015
2015-11-17,80.96,4,BS-11665,West,FUR-FU-10002813,Furniture,0.0,0.0,2015
2015-11-17,777.21,7,BS-11665,West,OFF-ST-10000129,Office Supplies,0.0,0.0,2015
2015-11-17,32.4,5,BS-11665,West,OFF-PA-10001639,Office Supplies,0.0,0.0,2015
2015-11-17,225.568,2,BS-11665,West,FUR-CH-10001708,Furniture,0.2,-45.11360000000001,2015
2015-11-17,36.6,3,BS-11665,West,FUR-FU-10001591,Furniture,0.0,0.0,2015
2015-11-10,715.64,2,PO-19180,Central,OFF-AP-10003849,Office Supplies,0.0,0.0,2015
2015-11-10,795.51,3,PO-19180,Central,OFF-ST-10000078,Office Supplies,0.0,0.0,2015
2015-11-10,549.99,1,PO-19180,Central,TEC-CO-10001571,Technology,0.0,0.0,2015
2015-11-10,74.76,3,PO-19180,Central,OFF-BI-10001658,Office Supplies,0.0,0.0,2015
2015-11-10,29.22,3,PO-19180,Central,FUR-FU-10004351,Furniture,0.0,0.0,2015
2015-08-05,33.488,7,AH-10690,Central,OFF-ST-10001505,Office Supplies,0.2,-6.6976,2015
2015-08-05,23.04,3,AH-10690,Central,OFF-SU-10003567,Office Supplies,0.2,-4.608,2015
2015-08-05,1.362,1,AH-10690,Central,OFF-BI-10002982,Office Supplies,0.8,-1.0896,2015
2015-08-05,14.76,5,AH-10690,Central,FUR-FU-10002364,Furniture,0.6,-8.856,2015
2015-11-01,301.96,2,MS-17530,South,FUR-TA-10002530,Furniture,0.0,0.0,2015
2015-04-29,7.968,2,JK-15640,East,OFF-PA-10001526,Office Supplies,0.2,-1.5936,2015
2015-04-07,11.736,3,FM-14290,East,OFF-AR-10001954,Office Supplies,0.2,-2.3472,2015
2015-05-07,45.68,2,CC-12220,South,OFF-PA-10001952,Office Supplies,0.0,0.0,2015
2015-11-20,24.192,9,PB-18805,West,OFF-BI-10004528,Office Supplies,0.2,-4.8384,2015
2015-09-17,14.9,5,PF-19120,East,OFF-ST-10000617,Office Supplies,0.0,0.0,2015
2015-09-17,87.71,7,PF-19120,East,OFF-LA-10002762,Office Supplies,0.0,0.0,2015
2015-09-17,199.764,2,PF-19120,East,FUR-CH-10001973,Furniture,0.1,-19.9764,2015
2015-09-17,94.6,4,PF-19120,East,OFF-ST-10003058,Office Supplies,0.0,0.0,2015
2015-09-17,4228.704,6,PF-19120,East,FUR-BO-10004834,Furniture,0.2,-845.7408,2015
2015-09-17,2003.92,5,PF-19120,East,FUR-BO-10002213,Furniture,0.2,-400.784,2015
2015-09-17,209.97,3,PF-19120,East,TEC-PH-10002170,Technology,0.0,0.0,2015
2015-09-17,659.9,2,PF-19120,East,TEC-AC-10003033,Technology,0.0,0.0,2015
2015-09-17,110.96,2,PF-19120,East,OFF-PA-10004071,Office Supplies,0.0,0.0,2015
2015-09-17,67.8,4,PF-19120,East,TEC-PH-10000169,Technology,0.0,0.0,2015
2015-09-14,25.9,5,BE-11455,Central,OFF-BI-10004040,Office Supplies,0.0,0.0,2015
2015-12-25,414.96,2,JK-15640,East,OFF-AP-10003779,Office Supplies,0.0,0.0,2015
2015-11-02,109.764,2,SW-20245,East,FUR-CH-10003535,Furniture,0.1,-10.9764,2015
2015-12-30,68.52,3,CL-12565,West,OFF-PA-10000595,Office Supplies,0.0,0.0,2015
2015-12-30,74.94,3,CL-12565,West,OFF-ST-10000798,Office Supplies,0.0,0.0,2015
2015-12-30,2548.56,6,CL-12565,West,TEC-MA-10004002,Technology,0.2,-509.712,2015
2015-12-30,271.44,3,CL-12565,West,OFF-EN-10003296,Office Supplies,0.0,0.0,2015
2015-12-30,287.88,3,CL-12565,West,TEC-PH-10004345,Technology,0.2,-57.576,2015
2015-12-14,15.24,3,PP-18955,West,FUR-FU-10002963,Furniture,0.0,0.0,2015
2015-04-19,19.568,2,PG-18820,Central,OFF-AP-10002578,Office Supplies,0.8,-15.6544,2015
2015-04-19,310.392,4,PG-18820,Central,OFF-BI-10003925,Office Supplies,0.8,-248.3136,2015
2015-09-03,238.152,3,CP-12085,West,FUR-FU-10002937,Furniture,0.2,-47.6304,2015
2015-11-07,16.146,9,CP-12340,South,OFF-BI-10003305,Office Supplies,0.7,-11.3022,2015
2015-11-07,1345.485,5,CP-12340,South,OFF-BI-10001359,Office Supplies,0.7,-941.8394999999998,2015
2015-04-25,57.75,5,TS-21655,Central,OFF-AR-10000658,Office Supplies,0.0,0.0,2015
2015-04-25,272.4,5,TS-21655,Central,OFF-AP-10001205,Office Supplies,0.0,0.0,2015
2015-04-10,142.04,4,EH-14125,East,OFF-ST-10001476,Office Supplies,0.0,0.0,2015
2015-04-10,14.67,3,EH-14125,East,OFF-AR-10002804,Office Supplies,0.0,0.0,2015
2015-12-25,1199.96,5,RA-19285,West,TEC-CO-10004202,Technology,0.2,-239.992,2015
2015-12-25,12.6,3,RA-19285,West,OFF-PA-10001307,Office Supplies,0.0,0.0,2015
2015-12-25,17.94,3,RA-19285,West,OFF-PA-10001667,Office Supplies,0.0,0.0,2015
2015-04-05,23.904,6,TT-21070,East,OFF-LA-10001569,Office Supplies,0.2,-4.7808,2015
2015-01-17,88.96,8,AH-10465,South,OFF-SU-10000898,Office Supplies,0.2,-17.792,2015
2015-12-31,152.688,2,BG-11035,Central,OFF-ST-10000025,Office Supplies,0.2,-30.5376,2015
2015-12-31,3.488,2,BG-11035,Central,OFF-FA-10001561,Office Supplies,0.2,-0.6976,2015
2015-12-31,5.888,2,BG-11035,Central,OFF-SU-10001225,Office Supplies,0.2,-1.1776,2015
2015-12-14,29.22,3,EH-13945,West,FUR-FU-10004351,Furniture,0.0,0.0,2015
2015-06-13,6.48,1,BF-10975,South,OFF-PA-10001870,Office Supplies,0.0,0.0,2015
2015-06-18,13.632,4,HR-14830,South,OFF-AR-10002399,Office Supplies,0.2,-2.7264,2015
2015-08-31,20.96,4,SD-20485,Central,OFF-PA-10003883,Office Supplies,0.2,-4.192,2015
2015-10-18,27.696,3,KN-16705,Central,TEC-AC-10000521,Technology,0.2,-5.539200000000001,2015
2015-10-18,73.164,6,KN-16705,Central,OFF-AP-10000026,Office Supplies,0.8,-58.53120000000001,2015
2015-04-18,115.44,3,NC-18415,West,OFF-ST-10000532,Office Supplies,0.0,0.0,2015
2015-04-20,117.456,3,ES-14020,Central,OFF-PA-10002377,Office Supplies,0.2,-23.4912,2015
2015-09-19,22.96,2,RW-19540,West,OFF-PA-10004530,Office Supplies,0.0,0.0,2015
2015-09-21,1690.04,4,GB-14575,South,FUR-CH-10000309,Furniture,0.0,0.0,2015
2015-09-21,85.96,7,GB-14575,South,OFF-ST-10002444,Office Supplies,0.0,0.0,2015
2015-09-21,121.96,2,GB-14575,South,OFF-EN-10001453,Office Supplies,0.0,0.0,2015
2015-09-21,23.92,4,GB-14575,South,OFF-PA-10001801,Office Supplies,0.0,0.0,2015
2015-09-21,63.96,2,GB-14575,South,OFF-ST-10000563,Office Supplies,0.0,0.0,2015
2015-09-21,629.95,5,GB-14575,South,TEC-PH-10000369,Technology,0.0,0.0,2015
2015-09-21,113.73,3,GB-14575,South,TEC-PH-10002538,Technology,0.0,0.0,2015
2015-09-21,14.6,2,GB-14575,South,OFF-BI-10000050,Office Supplies,0.0,0.0,2015
2015-09-21,887.84,8,GB-14575,South,OFF-ST-10004186,Office Supplies,0.0,0.0,2015
2015-08-07,106.8,10,JK-15625,East,OFF-AR-10002952,Office Supplies,0.2,-21.36,2015
2015-11-15,70.95,3,MH-17785,East,OFF-ST-10003058,Office Supplies,0.0,0.0,2015
2015-11-15,34.944,6,MH-17785,East,OFF-BI-10003963,Office Supplies,0.2,-6.988800000000001,2015
2015-11-15,119.04,6,MH-17785,East,OFF-AR-10001955,Office Supplies,0.0,0.0,2015
2015-11-13,63.77,7,RA-19915,Central,OFF-PA-10000726,Office Supplies,0.0,0.0,2015
2015-11-13,50.97,3,RA-19915,Central,TEC-PH-10001536,Technology,0.0,0.0,2015
2015-11-13,96.08,2,RA-19915,Central,OFF-PA-10001790,Office Supplies,0.0,0.0,2015
2015-04-16,1439.968,4,SB-20185,Central,TEC-CO-10001766,Technology,0.2,-287.9936,2015
2015-04-16,43.56,3,SB-20185,Central,TEC-AC-10004396,Technology,0.2,-8.712000000000002,2015
2015-11-28,68.16,3,MC-17425,East,FUR-FU-10000087,Furniture,0.0,0.0,2015
2015-11-28,62.24,8,MC-17425,East,OFF-EN-10001539,Office Supplies,0.0,0.0,2015
2015-07-27,29.97,3,PG-18820,South,TEC-PH-10004897,Technology,0.0,0.0,2015
2015-10-05,66.294,1,JF-15490,West,FUR-BO-10003660,Furniture,0.7,-46.40579999999999,2015
2015-10-05,291.168,4,JF-15490,West,FUR-CH-10000422,Furniture,0.2,-58.2336,2015
2015-12-12,166.5,3,HA-14905,West,FUR-FU-10004597,Furniture,0.0,0.0,2015
2015-12-12,360.38,2,HA-14905,West,OFF-ST-10001496,Office Supplies,0.0,0.0,2015
2015-11-20,119.04,6,KB-16405,West,OFF-AR-10002067,Office Supplies,0.0,0.0,2015
2015-11-20,22.14,3,KB-16405,West,FUR-FU-10002364,Furniture,0.0,0.0,2015
2015-11-20,13.98,2,KB-16405,West,TEC-AC-10002018,Technology,0.0,0.0,2015
2015-09-08,21.36,8,VW-21775,South,FUR-FU-10001731,Furniture,0.0,0.0,2015
2015-09-06,3.444,1,AT-10435,South,OFF-BI-10003166,Office Supplies,0.7,-2.4108,2015
2015-03-28,22.92,3,JH-15820,East,OFF-EN-10004459,Office Supplies,0.0,0.0,2015
2015-08-13,11.36,4,RA-19285,Central,OFF-BI-10003529,Office Supplies,0.0,0.0,2015
2015-05-12,14.592,3,RO-19780,West,OFF-BI-10002949,Office Supplies,0.2,-2.9184,2015
2015-10-01,311.98,2,RM-19675,East,TEC-PH-10002496,Technology,0.0,0.0,2015
2015-10-01,22.45,5,RM-19675,East,OFF-BI-10000829,Office Supplies,0.0,0.0,2015
2015-11-20,63.824,2,JK-15205,East,FUR-FU-10002874,Furniture,0.2,-12.7648,2015
2015-11-20,141.552,3,JK-15205,East,OFF-ST-10003994,Office Supplies,0.2,-28.3104,2015
2015-03-13,915.136,4,NF-18595,West,FUR-CH-10004063,Furniture,0.2,-183.0272,2015
2015-03-13,327.76,8,NF-18595,West,FUR-FU-10001979,Furniture,0.0,0.0,2015
2015-04-22,88.776,3,AZ-10750,West,TEC-PH-10002923,Technology,0.2,-17.7552,2015
2015-04-22,64.14,3,AZ-10750,West,OFF-AR-10004691,Office Supplies,0.0,0.0,2015
2015-10-29,33.4,5,NB-18655,West,OFF-PA-10002986,Office Supplies,0.0,0.0,2015
2015-10-29,210.84,4,NB-18655,West,OFF-EN-10001434,Office Supplies,0.0,0.0,2015
2015-03-07,119.85,3,EM-14140,East,TEC-AC-10004469,Technology,0.0,0.0,2015
2015-03-07,30.44,2,EM-14140,East,OFF-BI-10000309,Office Supplies,0.0,0.0,2015
2015-03-07,69.28,2,EM-14140,East,OFF-BI-10001765,Office Supplies,0.0,0.0,2015
2015-03-07,587.97,3,EM-14140,East,TEC-PH-10001619,Technology,0.0,0.0,2015
2015-05-01,12.176,1,PO-18850,West,OFF-BI-10000309,Office Supplies,0.2,-2.4352,2015
2015-05-01,37.32,3,PO-18850,West,OFF-ST-10000876,Office Supplies,0.0,0.0,2015
2015-05-01,35.06,2,PO-18850,West,OFF-SU-10002573,Office Supplies,0.0,0.0,2015
2015-09-13,2.412,1,HG-14845,East,OFF-BI-10004209,Office Supplies,0.7,-1.6884,2015
2015-09-06,8.39,1,BS-11590,East,OFF-AP-10001962,Office Supplies,0.0,0.0,2015
2015-09-06,337.98,2,BS-11590,East,TEC-PH-10002922,Technology,0.0,0.0,2015
2015-12-10,56.3,2,FC-14245,West,OFF-AR-10003582,Office Supplies,0.0,0.0,2015
2015-02-07,311.15,5,DK-12835,South,OFF-EN-10000056,Office Supplies,0.0,0.0,2015
2015-02-07,12.96,2,DK-12835,South,OFF-PA-10003349,Office Supplies,0.0,0.0,2015
2015-11-30,177.48,3,RM-19375,South,TEC-PH-10001198,Technology,0.2,-35.496,2015
2015-10-24,454.272,8,RD-19660,West,FUR-CH-10003956,Furniture,0.2,-90.8544,2015
2015-03-30,23.52,5,FC-14335,Central,OFF-PA-10001838,Office Supplies,0.2,-4.704,2015
2015-03-30,180.96,5,FC-14335,Central,TEC-PH-10002890,Technology,0.2,-36.192,2015
2015-03-05,7.104,6,JJ-15445,Central,OFF-FA-10000611,Office Supplies,0.2,-1.4208,2015
2015-09-25,10.76,2,EH-13990,East,OFF-BI-10000822,Office Supplies,0.0,0.0,2015
2015-09-25,45.68,2,EH-13990,East,OFF-PA-10002222,Office Supplies,0.0,0.0,2015
2015-09-25,6.7,1,EH-13990,East,OFF-AR-10004930,Office Supplies,0.0,0.0,2015
2015-12-19,158.376,3,PR-18880,Central,TEC-PH-10001750,Technology,0.2,-31.6752,2015
2015-10-08,3.44,2,BT-11680,Central,OFF-AR-10000657,Office Supplies,0.2,-0.6880000000000001,2015
2015-11-13,84.96,6,AA-10375,South,OFF-ST-10003572,Office Supplies,0.2,-16.992,2015
2015-08-29,131.98,2,CC-12100,Central,TEC-PH-10001750,Technology,0.0,0.0,2015
2015-08-29,114.52,7,CC-12100,Central,TEC-AC-10004510,Technology,0.0,0.0,2015
2015-03-21,962.08,4,JW-16075,South,OFF-AP-10002945,Office Supplies,0.2,-192.416,2015
2015-03-21,12.843,3,JW-16075,South,OFF-BI-10000948,Office Supplies,0.7,-8.9901,2015
2015-03-21,295.456,14,JW-16075,South,OFF-PA-10002254,Office Supplies,0.2,-59.09120000000001,2015
2015-07-24,20.94,3,SS-20515,South,FUR-FU-10001487,Furniture,0.0,0.0,2015
2015-07-24,135.09,9,SS-20515,South,OFF-BI-10000069,Office Supplies,0.0,0.0,2015
2015-07-24,279.86,14,SS-20515,South,TEC-AC-10003289,Technology,0.0,0.0,2015
2015-07-24,90.06,6,SS-20515,South,OFF-BI-10000069,Office Supplies,0.0,0.0,2015
2015-10-25,158.99,1,HK-14890,East,TEC-PH-10004042,Technology,0.0,0.0,2015
2015-10-25,291.1,5,HK-14890,East,FUR-CH-10002439,Furniture,0.0,0.0,2015
2015-07-30,155.88,6,GH-14410,Central,FUR-CH-10002304,Furniture,0.0,0.0,2015
2015-11-01,327.564,4,JH-16180,East,FUR-CH-10000422,Furniture,0.1,-32.75640000000001,2015
2015-06-05,1522.638,9,EB-13750,East,FUR-CH-10004997,Furniture,0.1,-152.2638,2015
2015-12-06,173.94,6,RO-19780,South,TEC-PH-10001615,Technology,0.0,0.0,2015
2015-04-30,34.65,3,KB-16585,West,OFF-AR-10000658,Office Supplies,0.0,0.0,2015
2015-04-30,19.8,5,KB-16585,West,TEC-PH-10000347,Technology,0.2,-3.96,2015
2015-05-04,125.93,7,SV-20815,Central,OFF-AR-10001897,Office Supplies,0.0,0.0,2015
2015-03-10,89.82,6,KB-16585,East,OFF-ST-10002406,Office Supplies,0.0,0.0,2015
2015-04-21,191.96,2,JK-16090,South,FUR-CH-10001891,Furniture,0.0,0.0,2015
2015-04-21,21.3,3,JK-16090,South,OFF-BI-10002215,Office Supplies,0.0,0.0,2015
2015-04-21,469.95,5,JK-16090,South,TEC-PH-10002103,Technology,0.0,0.0,2015
2015-04-21,209.88,3,JK-16090,South,FUR-FU-10003394,Furniture,0.0,0.0,2015
2015-01-19,102.438,1,PM-18940,Central,FUR-TA-10002855,Furniture,0.3,-30.7314,2015
2015-01-19,199.304,4,PM-18940,Central,FUR-CH-10004875,Furniture,0.3,-59.7912,2015
2015-09-19,279.86,14,GW-14605,East,TEC-PH-10000011,Technology,0.0,0.0,2015
2015-10-02,7.38,5,NP-18685,South,OFF-BI-10001757,Office Supplies,0.7,-5.165999999999999,2015
2015-08-10,438.368,4,WB-21850,West,TEC-PH-10000576,Technology,0.2,-87.67360000000001,2015
2015-08-10,139.944,7,WB-21850,West,TEC-PH-10004188,Technology,0.2,-27.9888,2015
2015-08-10,133.472,4,WB-21850,West,OFF-AP-10001469,Office Supplies,0.2,-26.6944,2015
2015-08-08,39.66,2,DB-13405,East,OFF-AR-10004587,Office Supplies,0.0,0.0,2015
2015-08-08,113.92,2,DB-13405,East,OFF-AP-10004336,Office Supplies,0.0,0.0,2015
2015-08-08,447.86,7,DB-13405,East,OFF-BI-10001718,Office Supplies,0.0,0.0,2015
2015-09-11,265.86,7,SB-20290,West,OFF-AR-10000380,Office Supplies,0.0,0.0,2015
2015-09-05,67.96,4,TW-21025,South,FUR-FU-10000820,Furniture,0.0,0.0,2015
2015-11-21,10.92,6,DL-13330,Central,OFF-AR-10003759,Office Supplies,0.0,0.0,2015
2015-11-21,83.9,2,DL-13330,Central,TEC-MA-10002930,Technology,0.0,0.0,2015
2015-11-21,19.75,5,DL-13330,Central,OFF-AP-10004052,Office Supplies,0.0,0.0,2015
2015-11-21,393.54,3,DL-13330,Central,TEC-AC-10000990,Technology,0.0,0.0,2015
2015-12-17,180.016,1,MC-18100,Central,OFF-ST-10003716,Office Supplies,0.2,-36.0032,2015
2015-12-17,41.552,2,MC-18100,Central,FUR-FU-10000965,Furniture,0.6,-24.9312,2015
2015-12-17,13.12,5,MC-18100,Central,OFF-AR-10003829,Office Supplies,0.2,-2.624,2015
2015-05-14,1117.92,4,HG-15025,West,OFF-ST-10003470,Office Supplies,0.0,0.0,2015
2015-05-20,163.136,4,SG-20470,South,FUR-FU-10001986,Furniture,0.2,-32.6272,2015
2015-05-20,6.408,4,SG-20470,South,OFF-BI-10001031,Office Supplies,0.7,-4.4856,2015
2015-06-23,217.584,2,CS-12355,West,TEC-PH-10002468,Technology,0.2,-43.5168,2015
2015-06-23,5.43,3,CS-12355,West,OFF-FA-10003059,Office Supplies,0.0,0.0,2015
2015-06-23,143.976,3,CS-12355,West,TEC-PH-10003931,Technology,0.2,-28.7952,2015
2015-11-14,883.84,4,GZ-14470,West,FUR-CH-10004287,Furniture,0.2,-176.768,2015
2015-11-14,230.352,3,GZ-14470,West,FUR-CH-10001891,Furniture,0.2,-46.07040000000001,2015
2015-06-18,6.129,3,BV-11245,South,OFF-BI-10002982,Office Supplies,0.7,-4.290299999999999,2015
2015-06-18,643.136,4,BV-11245,South,FUR-CH-10002965,Furniture,0.2,-128.6272,2015
2015-06-18,20.736,4,BV-11245,South,OFF-PA-10001937,Office Supplies,0.2,-4.147200000000001,2015
2015-12-20,11.696,2,EM-14200,South,OFF-LA-10004093,Office Supplies,0.2,-2.3392,2015
2015-02-16,35.88,6,SP-20860,East,OFF-PA-10002751,Office Supplies,0.0,0.0,2015
2015-03-29,17.64,4,CM-12115,East,OFF-PA-10002615,Office Supplies,0.0,0.0,2015
2015-09-13,129.93,3,JH-15910,South,FUR-FU-10003975,Furniture,0.0,0.0,2015
2015-09-13,69.93,7,JH-15910,South,OFF-PA-10001712,Office Supplies,0.0,0.0,2015
2015-09-07,140.736,4,CC-12610,South,OFF-AR-10001953,Office Supplies,0.2,-28.1472,2015
2015-11-16,21.488,2,MC-17605,Central,OFF-ST-10000344,Office Supplies,0.2,-4.2976,2015
2015-11-16,239.976,3,MC-17605,Central,TEC-PH-10001051,Technology,0.2,-47.9952,2015
2015-11-16,34.504,2,MC-17605,Central,FUR-FU-10001215,Furniture,0.6,-20.7024,2015
2015-08-25,20.104,2,MC-18100,Central,FUR-FU-10001473,Furniture,0.6,-12.0624,2015
2015-08-25,3.798,1,MC-18100,Central,OFF-BI-10000315,Office Supplies,0.8,-3.0384,2015
2015-08-25,7.88,5,MC-18100,Central,FUR-FU-10002240,Furniture,0.6,-4.728,2015
2015-03-31,98.376,3,EB-13705,Central,OFF-PA-10000357,Office Supplies,0.2,-19.6752,2015
2015-03-31,22.38,3,EB-13705,Central,FUR-FU-10001085,Furniture,0.6,-13.428,2015
2015-07-25,98.46,9,YS-21880,South,OFF-EN-10001335,Office Supplies,0.0,0.0,2015
2015-07-25,358.58,2,YS-21880,South,FUR-TA-10002041,Furniture,0.0,0.0,2015
2015-10-10,8.016,3,DP-13165,Central,OFF-AR-10003183,Office Supplies,0.2,-1.6032,2015
2015-07-06,11.12,4,BF-10975,East,OFF-AR-10003732,Office Supplies,0.0,0.0,2015
2015-12-06,14.832,3,MP-18175,East,OFF-BI-10002852,Office Supplies,0.7,-10.3824,2015
2015-12-16,4.98,1,SG-20080,West,OFF-PA-10004948,Office Supplies,0.0,0.0,2015
2015-10-15,131.376,6,CG-12520,Central,FUR-FU-10004952,Furniture,0.6,-78.8256,2015
2015-10-15,5.344,1,CG-12520,Central,OFF-PA-10003001,Office Supplies,0.2,-1.0688,2015
2015-12-01,2003.92,5,TW-21025,West,FUR-CH-10001215,Furniture,0.2,-400.784,2015
2015-12-01,32.4,5,TW-21025,West,OFF-PA-10004255,Office Supplies,0.0,0.0,2015
2015-12-01,1913.4,9,TW-21025,West,FUR-TA-10001705,Furniture,0.0,0.0,2015
2015-12-01,146.73,3,TW-21025,West,OFF-ST-10002554,Office Supplies,0.0,0.0,2015
2015-12-01,114.2,5,TW-21025,West,OFF-PA-10002222,Office Supplies,0.0,0.0,2015
2015-05-31,2567.84,8,BD-11320,Central,FUR-CH-10002320,Furniture,0.0,0.0,2015
2015-05-24,602.651,7,VS-21820,Central,FUR-CH-10002880,Furniture,0.3,-180.7953,2015
2015-05-24,7.656,6,VS-21820,Central,OFF-BI-10001249,Office Supplies,0.8,-6.1248,2015
2015-09-07,559.93,7,TN-21040,East,TEC-AC-10002402,Technology,0.0,0.0,2015
2015-06-12,55.984,2,JH-15910,South,TEC-PH-10002844,Technology,0.2,-11.1968,2015
2015-05-21,24.588,2,HG-14965,East,OFF-BI-10001597,Office Supplies,0.7,-17.2116,2015
2015-03-16,491.55,5,MS-17710,South,OFF-LA-10003930,Office Supplies,0.0,0.0,2015
2015-03-16,7.38,2,MS-17710,South,OFF-EN-10003845,Office Supplies,0.0,0.0,2015
2015-11-30,23.66,7,JL-15235,East,OFF-PA-10002659,Office Supplies,0.0,0.0,2015
2015-11-30,681.408,12,JL-15235,East,FUR-BO-10001608,Furniture,0.2,-136.2816,2015
2015-07-25,623.96,5,RD-19930,West,TEC-PH-10004094,Technology,0.2,-124.792,2015
2015-11-09,2.48,2,JO-15550,West,OFF-FA-10000490,Office Supplies,0.0,0.0,2015
2015-04-25,221.024,2,ZC-21910,Central,OFF-ST-10002574,Office Supplies,0.2,-44.20480000000001,2015
2015-04-25,128.058,3,ZC-21910,Central,FUR-CH-10003535,Furniture,0.3,-38.41739999999999,2015
2015-11-20,479.988,2,GK-14620,Central,TEC-MA-10002790,Technology,0.4,-191.9952,2015
2015-10-02,11.808,3,HM-14980,West,OFF-BI-10001757,Office Supplies,0.2,-2.3616,2015
2015-10-02,53.568,4,HM-14980,West,OFF-BI-10004828,Office Supplies,0.2,-10.7136,2015
2015-10-02,503.96,5,HM-14980,West,TEC-PH-10000369,Technology,0.2,-100.792,2015
2015-04-25,21.34,2,LS-16945,West,OFF-EN-10003862,Office Supplies,0.0,0.0,2015
2015-09-27,15.51,1,RH-19510,West,OFF-ST-10001328,Office Supplies,0.0,0.0,2015
2015-09-27,146.82,3,RH-19510,West,OFF-PA-10002377,Office Supplies,0.0,0.0,2015
2015-09-27,12.96,2,RH-19510,West,OFF-PA-10003441,Office Supplies,0.0,0.0,2015
2015-10-16,824.97,3,MP-17965,East,TEC-PH-10004165,Technology,0.0,0.0,2015
2015-06-28,5.904,2,CY-12745,West,OFF-LA-10000443,Office Supplies,0.2,-1.1808,2015
2015-06-28,621.76,4,CY-12745,West,FUR-FU-10004306,Furniture,0.2,-124.352,2015
2015-11-08,44.43,3,RH-19600,South,OFF-AP-10003266,Office Supplies,0.0,0.0,2015
2015-11-08,226.2,5,RH-19600,South,TEC-PH-10002890,Technology,0.0,0.0,2015
2015-11-08,186.54,3,RH-19600,South,FUR-FU-10000308,Furniture,0.0,0.0,2015
2015-11-08,265.86,7,RH-19600,South,OFF-AR-10000380,Office Supplies,0.0,0.0,2015
2015-11-08,27.9,5,RH-19600,South,OFF-AR-10000122,Office Supplies,0.0,0.0,2015
2015-11-19,31.08,4,AG-10300,West,OFF-AP-10004868,Office Supplies,0.0,0.0,2015
2015-03-30,366.744,4,DR-12940,Central,FUR-CH-10003298,Furniture,0.3,-110.0232,2015
2015-11-01,205.164,2,JF-15490,East,FUR-CH-10001545,Furniture,0.1,-20.5164,2015
2015-08-21,12.828,2,KN-16390,East,OFF-BI-10001098,Office Supplies,0.7,-8.9796,2015
2015-08-21,598.458,3,KN-16390,East,FUR-CH-10003379,Furniture,0.3,-179.5374,2015
2015-08-21,25.984,1,KN-16390,East,FUR-FU-10000193,Furniture,0.2,-5.196800000000001,2015
2015-02-03,12.144,3,KH-16630,West,OFF-BI-10002432,Office Supplies,0.2,-2.4288,2015
2015-10-25,79.36,4,JF-15415,West,OFF-AR-10001955,Office Supplies,0.0,0.0,2015
2015-01-09,106.32,3,CC-12685,South,OFF-PA-10000474,Office Supplies,0.0,0.0,2015
2015-01-09,163.44,3,CC-12685,South,OFF-AP-10001205,Office Supplies,0.0,0.0,2015
2015-01-09,42.76,2,CC-12685,South,OFF-AR-10004691,Office Supplies,0.0,0.0,2015
2015-01-09,51.55,5,CC-12685,South,OFF-PA-10004996,Office Supplies,0.0,0.0,2015
2015-02-09,479.952,6,JF-15565,Central,TEC-AC-10001908,Technology,0.2,-95.99040000000001,2015
2015-12-26,212.64,6,DF-13135,East,OFF-PA-10003302,Office Supplies,0.0,0.0,2015
2015-08-09,10.02,3,MF-18250,East,FUR-FU-10000320,Furniture,0.0,0.0,2015
2015-08-09,144.12,3,MF-18250,East,OFF-PA-10001815,Office Supplies,0.0,0.0,2015
2015-11-20,7.23,5,SS-20875,South,OFF-BI-10004728,Office Supplies,0.7,-5.061,2015
2015-11-20,17.44,2,SS-20875,South,OFF-ST-10000918,Office Supplies,0.2,-3.488,2015
2015-11-20,62.88,4,SS-20875,South,OFF-BI-10004593,Office Supplies,0.7,-44.016,2015
2015-11-20,290.352,3,SS-20875,South,FUR-BO-10001337,Furniture,0.2,-58.0704,2015
2015-06-26,971.88,3,VD-21670,Central,TEC-PH-10001578,Technology,0.2,-194.376,2015
2015-12-10,53.088,7,JW-16075,Central,OFF-AP-10004980,Office Supplies,0.8,-42.47040000000001,2015
2015-12-25,275.88,6,LH-16900,South,FUR-FU-10000747,Furniture,0.0,0.0,2015
2015-12-25,157.9,5,LH-16900,South,OFF-BI-10004492,Office Supplies,0.0,0.0,2015
2015-05-13,222.384,2,BF-11170,Central,TEC-PH-10004447,Technology,0.2,-44.4768,2015
2015-05-13,16.0,4,BF-11170,Central,OFF-FA-10002280,Office Supplies,0.2,-3.2,2015
2015-08-11,11.96,2,PO-19180,East,OFF-AR-10001427,Office Supplies,0.0,0.0,2015
2015-08-11,138.0,2,PO-19180,East,TEC-PH-10004614,Technology,0.0,0.0,2015
2015-09-10,6.08,2,BO-11425,East,OFF-AR-10000817,Office Supplies,0.0,0.0,2015
2015-09-27,16.4,5,HW-14935,Central,OFF-AR-10000127,Office Supplies,0.0,0.0,2015
2015-09-27,25.92,4,HW-14935,Central,OFF-PA-10003172,Office Supplies,0.0,0.0,2015
2015-05-03,8.82,3,LC-16870,West,OFF-AR-10001246,Office Supplies,0.0,0.0,2015
2015-05-03,62.496,2,LC-16870,West,OFF-BI-10002026,Office Supplies,0.2,-12.4992,2015
2015-05-03,339.96,4,LC-16870,West,TEC-AC-10000844,Technology,0.0,0.0,2015
2015-05-03,49.568,2,LC-16870,West,OFF-BI-10001575,Office Supplies,0.2,-9.9136,2015
2015-06-04,119.98,2,BP-11155,West,TEC-AC-10001874,Technology,0.0,0.0,2015
2015-06-04,989.97,3,BP-11155,West,TEC-AC-10003870,Technology,0.0,0.0,2015
2015-11-13,339.96,5,AW-10930,West,TEC-PH-10004908,Technology,0.2,-67.992,2015
2015-11-13,63.98,7,AW-10930,West,FUR-FU-10000794,Furniture,0.0,0.0,2015
2015-02-21,2541.98,2,PW-19240,East,OFF-BI-10003527,Office Supplies,0.0,0.0,2015
2015-05-26,20.24,1,RD-19900,West,FUR-FU-10003849,Furniture,0.0,0.0,2015
2015-02-10,77.24,5,NB-18655,East,OFF-ST-10000943,Office Supplies,0.2,-15.448,2015
2015-08-10,64.75,5,BD-11320,Central,OFF-BI-10004632,Office Supplies,0.0,0.0,2015
2015-10-09,1.872,2,SC-20575,South,OFF-BI-10000145,Office Supplies,0.7,-1.3104,2015
2015-10-09,11.214,2,SC-20575,South,OFF-BI-10002498,Office Supplies,0.7,-7.8498,2015
2015-10-09,37.376,8,SC-20575,South,OFF-AR-10001761,Office Supplies,0.2,-7.4752,2015
2015-04-11,67.36,2,PR-18880,South,FUR-FU-10001290,Furniture,0.2,-13.472,2015
2015-04-11,54.528,3,PR-18880,South,FUR-FU-10000087,Furniture,0.2,-10.9056,2015
2015-12-25,843.9,2,JK-15625,East,TEC-AC-10002049,Technology,0.0,0.0,2015
2015-12-25,449.568,2,JK-15625,East,FUR-BO-10002613,Furniture,0.2,-89.9136,2015
2015-07-18,5.76,2,KC-16255,East,OFF-AR-10003190,Office Supplies,0.0,0.0,2015
2015-12-31,116.4,8,AH-10690,Central,OFF-BI-10004139,Office Supplies,0.0,0.0,2015
2015-03-09,4.608,2,TG-21310,South,OFF-LA-10001175,Office Supplies,0.2,-0.9216,2015
2015-05-31,10.272,3,ML-18265,South,OFF-AR-10003504,Office Supplies,0.2,-2.0544,2015
2015-05-14,509.9575,5,CB-12535,West,FUR-BO-10004015,Furniture,0.15,-76.493625,2015
2015-05-14,122.91,3,CB-12535,West,FUR-FU-10001979,Furniture,0.0,0.0,2015
2015-05-14,97.568,2,CB-12535,West,FUR-CH-10003833,Furniture,0.2,-19.5136,2015
2015-05-14,722.352,3,CB-12535,West,FUR-CH-10004495,Furniture,0.2,-144.4704,2015
2015-07-26,9.144,3,BP-11095,West,OFF-BI-10000605,Office Supplies,0.2,-1.8288,2015
2015-07-26,23.136,6,BP-11095,West,OFF-BI-10003314,Office Supplies,0.2,-4.6272,2015
2015-07-26,99.2,5,BP-11095,West,OFF-AR-10002067,Office Supplies,0.0,0.0,2015
2015-03-24,46.9,5,CP-12085,West,FUR-FU-10003832,Furniture,0.0,0.0,2015
2015-11-16,18.9,3,JG-15805,West,OFF-LA-10003148,Office Supplies,0.0,0.0,2015
2015-04-16,569.64,2,LL-16840,South,TEC-PH-10002033,Technology,0.0,0.0,2015
2015-04-16,9.14,1,LL-16840,South,OFF-BI-10001036,Office Supplies,0.0,0.0,2015
2015-04-16,1196.86,7,LL-16840,South,FUR-FU-10001468,Furniture,0.0,0.0,2015
2015-04-16,523.26,9,LL-16840,South,FUR-BO-10001519,Furniture,0.0,0.0,2015
2015-04-11,639.968,4,AR-10540,West,TEC-CO-10001943,Technology,0.2,-127.9936,2015
2015-04-11,52.76,2,AR-10540,West,OFF-PA-10003127,Office Supplies,0.0,0.0,2015
2015-02-27,538.92,9,NP-18670,West,TEC-AC-10002076,Technology,0.0,0.0,2015
2015-09-15,3.576,4,AC-10615,East,OFF-BI-10002609,Office Supplies,0.7,-2.5032,2015
2015-09-15,147.184,2,AC-10615,East,OFF-ST-10001522,Office Supplies,0.2,-29.4368,2015
2015-12-19,29.9,5,PM-19135,East,OFF-PA-10001184,Office Supplies,0.0,0.0,2015
2015-12-19,2249.91,9,PM-19135,East,TEC-AC-10004145,Technology,0.0,0.0,2015
2015-12-19,1053.164,4,PM-19135,East,FUR-TA-10003473,Furniture,0.3,-315.9492,2015
2015-09-10,106.68,6,FA-14230,West,FUR-FU-10003799,Furniture,0.0,0.0,2015
2015-12-08,221.96,2,YS-21880,West,OFF-ST-10004186,Office Supplies,0.0,0.0,2015
2015-12-08,236.0,4,YS-21880,West,TEC-AC-10000865,Technology,0.0,0.0,2015
2015-11-23,2625.12,8,AT-10735,East,OFF-AP-10000275,Office Supplies,0.0,0.0,2015
2015-11-23,17.94,3,AT-10735,East,OFF-AR-10004999,Office Supplies,0.0,0.0,2015
2015-08-13,422.856,3,EJ-13720,East,OFF-ST-10003816,Office Supplies,0.2,-84.5712,2015
2015-04-16,127.764,2,DM-13345,East,FUR-CH-10003968,Furniture,0.1,-12.7764,2015
2015-09-25,128.744,7,DK-12895,Central,OFF-AR-10004602,Office Supplies,0.2,-25.7488,2015
2015-06-15,225.576,3,GK-14620,West,TEC-PH-10002103,Technology,0.2,-45.1152,2015
2015-02-08,9.54,2,BH-11710,Central,OFF-PA-10000791,Office Supplies,0.0,0.0,2015
2015-02-08,5.81,1,BH-11710,Central,OFF-FA-10000134,Office Supplies,0.0,0.0,2015
2015-02-08,5.76,2,BH-11710,Central,OFF-AR-10001149,Office Supplies,0.0,0.0,2015
2015-08-24,14.91,3,SC-20380,East,FUR-FU-10000010,Furniture,0.0,0.0,2015
2015-05-23,850.5,5,NM-18445,Central,OFF-AP-10001394,Office Supplies,0.1,-85.05000000000001,2015
2015-05-23,75.33,9,NM-18445,Central,FUR-FU-10003724,Furniture,0.0,0.0,2015
2015-11-21,325.632,6,EM-14095,West,OFF-AP-10002867,Office Supplies,0.2,-65.1264,2015
2015-11-21,23.344,2,EM-14095,West,TEC-AC-10002718,Technology,0.2,-4.6688,2015
2015-11-21,16.52,5,EM-14095,West,OFF-LA-10003121,Office Supplies,0.2,-3.304,2015
2015-04-05,892.224,3,CA-11965,West,FUR-CH-10003973,Furniture,0.2,-178.4448,2015
2015-12-27,1548.99,9,DB-13120,East,FUR-TA-10004154,Furniture,0.4,-619.596,2015
2015-12-27,19.872,3,DB-13120,East,OFF-EN-10003286,Office Supplies,0.2,-3.9744,2015
2015-03-22,19.56,4,FW-14395,South,OFF-AR-10003217,Office Supplies,0.0,0.0,2015
2015-11-30,80.96,4,JM-15865,West,FUR-FU-10002813,Furniture,0.0,0.0,2015
2015-11-30,25.92,4,JM-15865,West,OFF-PA-10003848,Office Supplies,0.0,0.0,2015
2015-11-27,40.08,6,MA-17560,East,OFF-PA-10000743,Office Supplies,0.0,0.0,2015
2015-11-27,59.94,3,MA-17560,East,OFF-PA-10001019,Office Supplies,0.0,0.0,2015
2015-11-27,259.98,2,MA-17560,East,TEC-AC-10003095,Technology,0.0,0.0,2015
2015-11-27,170.98,1,MA-17560,East,FUR-BO-10002916,Furniture,0.0,0.0,2015
2015-11-27,38.97,3,MA-17560,East,FUR-FU-10002506,Furniture,0.0,0.0,2015
2015-11-27,154.9,5,MA-17560,East,OFF-PA-10003823,Office Supplies,0.0,0.0,2015
2015-11-27,446.068,4,MA-17560,East,FUR-TA-10004619,Furniture,0.3,-133.8204,2015
2015-04-28,186.732,1,SD-20485,Central,OFF-AP-10003779,Office Supplies,0.1,-18.6732,2015
2015-04-28,3812.97,3,SD-20485,Central,OFF-BI-10003527,Office Supplies,0.0,0.0,2015
2015-02-14,26.424,9,TT-21070,East,OFF-BI-10002897,Office Supplies,0.2,-5.284800000000001,2015
2015-02-14,625.99,1,TT-21070,East,TEC-PH-10002584,Technology,0.0,0.0,2015
2015-04-02,87.8,5,JL-15850,West,TEC-PH-10003095,Technology,0.2,-17.56,2015
2015-01-06,29.6,5,SP-20620,West,OFF-PA-10004041,Office Supplies,0.2,-5.920000000000001,2015
2015-01-06,1.938,2,SP-20620,West,OFF-BI-10002764,Office Supplies,0.7,-1.3566,2015
2015-01-05,59.52,3,BG-11695,East,OFF-AR-10001615,Office Supplies,0.0,0.0,2015
2015-01-05,17.48,2,BG-11695,East,OFF-EN-10000461,Office Supplies,0.0,0.0,2015
2015-01-05,13.168,2,BG-11695,East,OFF-BI-10004506,Office Supplies,0.2,-2.6336,2015
2015-09-10,179.886,1,AR-10345,Central,FUR-CH-10003981,Furniture,0.3,-53.96579999999999,2015
2015-03-16,17.52,3,JK-15640,East,OFF-AR-10001761,Office Supplies,0.0,0.0,2015
2015-09-24,35.12,2,CM-11935,West,TEC-PH-10003095,Technology,0.2,-7.024,2015
2015-12-19,25.488,2,EK-13795,Central,TEC-AC-10004761,Technology,0.2,-5.0976,2015
2015-05-31,7.56,6,CW-11905,East,OFF-FA-10003472,Office Supplies,0.0,0.0,2015
2015-06-18,60.84,3,KH-16510,South,FUR-FU-10003464,Furniture,0.0,0.0,2015
2015-06-18,450.04,2,KH-16510,South,OFF-ST-10003716,Office Supplies,0.0,0.0,2015
2015-06-18,34.6,2,KH-16510,South,OFF-BI-10004002,Office Supplies,0.0,0.0,2015
2015-06-18,467.97,3,KH-16510,South,TEC-PH-10002496,Technology,0.0,0.0,2015
2015-06-18,33.02,2,KH-16510,South,OFF-BI-10004826,Office Supplies,0.0,0.0,2015
2015-11-30,17.088,2,AB-10600,South,FUR-FU-10001546,Furniture,0.2,-3.4176,2015
2015-12-21,3.008,2,AH-10075,East,OFF-AR-10001919,Office Supplies,0.2,-0.6016,2015
2015-02-03,74.52,9,FO-14305,South,OFF-EN-10003286,Office Supplies,0.0,0.0,2015
2015-08-24,7.152,3,DO-13435,West,OFF-AR-10002053,Office Supplies,0.2,-1.4304,2015
2015-03-08,8.568,3,FO-14305,Central,OFF-BI-10002706,Office Supplies,0.8,-6.8544,2015
2015-12-12,32.4,5,JD-15895,West,OFF-PA-10002036,Office Supplies,0.0,0.0,2015
2015-12-12,97.88,2,JD-15895,West,OFF-PA-10002377,Office Supplies,0.0,0.0,2015
2015-07-12,307.168,4,FM-14380,Central,TEC-PH-10000526,Technology,0.2,-61.43360000000001,2015
2015-10-02,26.9,5,MP-17965,East,OFF-BI-10001078,Office Supplies,0.0,0.0,2015
2015-09-22,12.0,4,SJ-20125,South,OFF-LA-10003714,Office Supplies,0.2,-2.4,2015
2015-09-22,720.064,4,SJ-20125,South,OFF-ST-10003716,Office Supplies,0.2,-144.0128,2015
2015-09-22,25.424,1,SJ-20125,South,OFF-ST-10002289,Office Supplies,0.2,-5.0848,2015
2015-09-22,2.816,2,SJ-20125,South,OFF-AR-10001315,Office Supplies,0.2,-0.5632,2015
2015-09-22,3.204,2,SJ-20125,South,OFF-BI-10000042,Office Supplies,0.7,-2.2428,2015
2015-02-03,90.882,1,PW-19030,East,FUR-CH-10004218,Furniture,0.1,-9.0882,2015
2015-04-26,63.936,3,BW-11110,West,FUR-CH-10002017,Furniture,0.2,-12.7872,2015
2015-04-26,59.52,3,BW-11110,West,OFF-AR-10000588,Office Supplies,0.0,0.0,2015
2015-04-26,311.976,3,BW-11110,West,TEC-PH-10003174,Technology,0.2,-62.3952,2015
2015-04-26,50.352,3,BW-11110,West,OFF-BI-10001524,Office Supplies,0.2,-10.0704,2015
2015-01-24,13.12,5,CR-12820,South,OFF-AR-10004757,Office Supplies,0.2,-2.624,2015
2015-04-13,241.568,2,EB-14110,West,FUR-TA-10002530,Furniture,0.2,-48.31360000000001,2015
2015-04-13,479.92,2,EB-14110,West,TEC-PH-10001494,Technology,0.2,-95.98400000000001,2015
2015-09-25,307.136,4,SH-19975,West,FUR-CH-10004289,Furniture,0.2,-61.42720000000001,2015
2015-09-25,12.6,2,SH-19975,West,OFF-LA-10002945,Office Supplies,0.0,0.0,2015
2015-09-25,159.98,2,SH-19975,West,TEC-AC-10002567,Technology,0.0,0.0,2015
2015-09-27,154.9,5,JK-15205,South,OFF-PA-10001125,Office Supplies,0.0,0.0,2015
2015-09-27,1871.88,12,JK-15205,South,TEC-PH-10002496,Technology,0.0,0.0,2015
2015-12-25,9.96,2,SM-20320,West,OFF-PA-10001526,Office Supplies,0.0,0.0,2015
2015-10-12,17.9,2,KA-16525,West,TEC-AC-10003038,Technology,0.0,0.0,2015
2015-10-12,81.96,2,KA-16525,West,OFF-ST-10000934,Office Supplies,0.0,0.0,2015
2015-07-14,272.736,3,TG-21310,West,OFF-ST-10002743,Office Supplies,0.2,-54.5472,2015
2015-07-14,18.496,4,TG-21310,West,OFF-PA-10001846,Office Supplies,0.2,-3.6992,2015
2015-07-14,441.92,2,TG-21310,West,FUR-CH-10004287,Furniture,0.2,-88.38400000000001,2015
2015-07-14,127.764,6,TG-21310,West,FUR-BO-10001608,Furniture,0.7,-89.4348,2015
2015-03-12,5.04,2,EB-14170,South,OFF-LA-10001641,Office Supplies,0.2,-1.008,2015
2015-11-07,76.64,2,DO-13645,Central,OFF-PA-10001357,Office Supplies,0.2,-15.328,2015
2015-10-15,4.464,1,LS-16975,Central,OFF-EN-10001415,Office Supplies,0.2,-0.8928000000000001,2015
2015-10-15,3.96,10,LS-16975,Central,OFF-BI-10002813,Office Supplies,0.8,-3.168,2015
2015-11-20,344.372,4,PO-19195,East,FUR-CH-10002880,Furniture,0.3,-103.3116,2015
2015-07-04,22.848,2,JP-16135,West,OFF-BI-10002706,Office Supplies,0.2,-4.5696,2015
2015-11-19,5.984,2,KD-16345,East,OFF-BI-10003196,Office Supplies,0.2,-1.1968,2015
2015-11-19,861.76,4,KD-16345,East,TEC-PH-10002200,Technology,0.0,0.0,2015
2015-03-23,33.36,4,BP-11095,West,OFF-PA-10000380,Office Supplies,0.0,0.0,2015
2015-08-16,519.792,4,SP-20860,East,TEC-PH-10003580,Technology,0.4,-207.9168,2015
2015-08-16,31.176,3,SP-20860,East,TEC-AC-10004227,Technology,0.2,-6.2352,2015
2015-08-16,10.368,2,SP-20860,East,OFF-PA-10002787,Office Supplies,0.2,-2.0736,2015
2015-08-16,2.724,2,SP-20860,East,OFF-BI-10003981,Office Supplies,0.7,-1.9068,2015
2015-08-16,254.352,3,SP-20860,East,FUR-FU-10001488,Furniture,0.2,-50.8704,2015
2015-08-16,3.762,3,SP-20860,East,OFF-BI-10003727,Office Supplies,0.7,-2.6334,2015
2015-08-16,10.272,3,SP-20860,East,OFF-PA-10000130,Office Supplies,0.2,-2.0544,2015
2015-08-27,5.104,1,CC-12100,West,OFF-BI-10001249,Office Supplies,0.2,-1.0208,2015
2015-11-20,4.896,3,MM-18055,West,OFF-BI-10001982,Office Supplies,0.7,-3.4272,2015
2015-11-20,145.764,6,MM-18055,West,FUR-BO-10002268,Furniture,0.7,-102.0348,2015
2015-11-20,9.612,6,MM-18055,West,OFF-BI-10001758,Office Supplies,0.7,-6.7284,2015
2015-11-08,263.96,4,RD-19585,Central,TEC-PH-10003885,Technology,0.0,0.0,2015
2015-12-12,299.94,6,KD-16270,West,TEC-AC-10002926,Technology,0.0,0.0,2015
2015-12-12,25.76,7,KD-16270,West,OFF-SU-10001225,Office Supplies,0.0,0.0,2015
2015-11-17,541.24,4,AA-10645,Central,OFF-ST-10002756,Office Supplies,0.0,0.0,2015
2015-11-17,106.32,3,AA-10645,Central,OFF-PA-10000474,Office Supplies,0.0,0.0,2015
2015-11-17,1323.9,5,AA-10645,Central,FUR-CH-10002073,Furniture,0.0,0.0,2015
2015-06-20,125.944,7,JM-16195,West,TEC-PH-10002070,Technology,0.2,-25.1888,2015
2015-09-11,210.68,2,DM-13525,East,FUR-FU-10000277,Furniture,0.0,0.0,2015
2015-09-11,78.8,1,DM-13525,East,OFF-ST-10003641,Office Supplies,0.0,0.0,2015
2015-09-11,19.99,1,DM-13525,East,TEC-AC-10001998,Technology,0.0,0.0,2015
2015-09-11,772.68,4,DM-13525,East,OFF-ST-10001932,Office Supplies,0.0,0.0,2015
2015-06-25,47.952,3,MV-17485,Central,OFF-PA-10001019,Office Supplies,0.2,-9.5904,2015
2015-06-25,0.984,2,MV-17485,Central,OFF-BI-10000201,Office Supplies,0.8,-0.7872,2015
2015-06-25,75.384,9,MV-17485,Central,FUR-FU-10004587,Furniture,0.6,-45.2304,2015
2015-06-25,4.608,2,MV-17485,Central,OFF-LA-10001613,Office Supplies,0.2,-0.9216,2015
2015-09-20,37.68,6,AG-10270,East,OFF-BI-10001308,Office Supplies,0.0,0.0,2015
2015-08-28,892.35,5,CB-12025,West,OFF-ST-10001490,Office Supplies,0.0,0.0,2015
2015-08-28,307.666,2,CB-12025,West,FUR-BO-10004695,Furniture,0.15,-46.1499,2015
2015-08-28,728.82,9,CB-12025,West,OFF-ST-10000736,Office Supplies,0.0,0.0,2015
2015-08-28,41.36,5,CB-12025,West,OFF-BI-10001617,Office Supplies,0.2,-8.272,2015
2015-08-28,43.176,3,CB-12025,West,TEC-PH-10003589,Technology,0.2,-8.635200000000001,2015
2015-08-28,4.16,2,CB-12025,West,FUR-FU-10003981,Furniture,0.0,0.0,2015
2015-09-20,61.4,5,TC-20980,East,OFF-PA-10001970,Office Supplies,0.0,0.0,2015
2015-09-20,24.448,2,TC-20980,East,OFF-BI-10002437,Office Supplies,0.2,-4.889600000000001,2015
2015-10-20,239.97,3,NS-18640,West,TEC-AC-10002567,Technology,0.0,0.0,2015
2015-10-20,16.02,6,NS-18640,West,FUR-FU-10001731,Furniture,0.0,0.0,2015
2015-06-23,27.42,3,RF-19345,South,FUR-FU-10000794,Furniture,0.0,0.0,2015
2015-06-23,165.98,1,RF-19345,South,OFF-BI-10004519,Office Supplies,0.0,0.0,2015
2015-06-23,75.0,3,RF-19345,South,TEC-AC-10001590,Technology,0.0,0.0,2015
2015-10-26,146.544,6,KH-16690,West,OFF-LA-10001474,Office Supplies,0.2,-29.30880000000001,2015
2015-10-26,131.904,3,KH-16690,West,OFF-PA-10001497,Office Supplies,0.2,-26.3808,2015
2015-10-26,203.88,5,KH-16690,West,OFF-AP-10003287,Office Supplies,0.2,-40.776,2015
2015-10-26,14.301,7,KH-16690,West,OFF-BI-10002982,Office Supplies,0.7,-10.0107,2015
2015-10-26,718.64,10,KH-16690,West,OFF-ST-10001809,Office Supplies,0.2,-143.728,2015
2015-07-10,39.92,2,MV-18190,West,OFF-BI-10003719,Office Supplies,0.2,-7.984000000000001,2015
2015-08-07,77.58,9,NS-18640,East,OFF-AP-10001492,Office Supplies,0.0,0.0,2015
2015-12-10,5.76,2,MT-17815,West,OFF-LA-10001613,Office Supplies,0.0,0.0,2015
2015-05-22,8.26,2,SB-20185,West,OFF-LA-10004484,Office Supplies,0.0,0.0,2015
2015-05-22,2973.32,7,SB-20185,West,TEC-MA-10004002,Technology,0.2,-594.6640000000001,2015
2015-05-22,104.79,7,SB-20185,West,OFF-ST-10002406,Office Supplies,0.0,0.0,2015
2015-05-22,775.728,6,SB-20185,West,TEC-PH-10003645,Technology,0.2,-155.1456,2015
2015-02-06,2.934,3,TS-21655,Central,OFF-BI-10002049,Office Supplies,0.8,-2.3472,2015
2015-02-06,18.528,2,TS-21655,Central,TEC-AC-10003499,Technology,0.2,-3.7056,2015
2015-02-06,670.752,3,TS-21655,Central,OFF-ST-10003470,Office Supplies,0.2,-134.1504,2015
2015-10-08,72.78,3,GH-14485,Central,FUR-FU-10003708,Furniture,0.6,-43.668,2015
2015-02-16,36.84,3,RD-19585,West,OFF-PA-10001970,Office Supplies,0.0,0.0,2015
2015-02-16,87.71,7,RD-19585,West,OFF-LA-10002762,Office Supplies,0.0,0.0,2015
2015-09-28,293.52,6,JJ-15445,East,OFF-AP-10002578,Office Supplies,0.0,0.0,2015
2015-09-28,307.98,2,JJ-15445,East,TEC-PH-10003012,Technology,0.0,0.0,2015
2015-11-02,96.96,6,LT-17110,West,FUR-FU-10004909,Furniture,0.0,0.0,2015
2015-11-02,117.488,7,LT-17110,West,OFF-BI-10001524,Office Supplies,0.2,-23.4976,2015
2015-11-02,11.952,3,LT-17110,West,OFF-BI-10003355,Office Supplies,0.2,-2.3904,2015
2015-11-02,512.499,3,LT-17110,West,FUR-BO-10004357,Furniture,0.15,-76.87485,2015
2015-08-02,277.5,4,DK-12985,West,FUR-TA-10003469,Furniture,0.5,-138.75,2015
2015-11-21,1252.704,8,SS-20410,East,FUR-TA-10002958,Furniture,0.4,-501.0816,2015
2015-11-21,110.97,5,SS-20410,East,TEC-PH-10002923,Technology,0.4,-44.38800000000001,2015
2015-09-13,7.824,1,AG-10900,Central,OFF-EN-10002621,Office Supplies,0.2,-1.5648,2015
2015-09-13,170.072,4,AG-10900,Central,FUR-CH-10003817,Furniture,0.3,-51.0216,2015
2015-10-02,19.44,3,SG-20470,East,OFF-PA-10001870,Office Supplies,0.0,0.0,2015
2015-10-02,7.38,1,SG-20470,East,OFF-BI-10000320,Office Supplies,0.0,0.0,2015
2015-11-30,6.048,7,LR-16915,South,OFF-BI-10000546,Office Supplies,0.7,-4.2336,2015
2015-11-30,98.352,3,LR-16915,South,OFF-AP-10001293,Office Supplies,0.2,-19.6704,2015
2015-11-30,335.744,2,LR-16915,South,FUR-FU-10000576,Furniture,0.2,-67.14880000000001,2015
2015-12-06,8.96,2,DB-13120,West,OFF-PA-10004519,Office Supplies,0.0,0.0,2015
2015-11-08,67.15,5,KD-16495,East,OFF-ST-10000885,Office Supplies,0.0,0.0,2015
2015-11-08,549.98,2,KD-16495,East,TEC-PH-10004165,Technology,0.0,0.0,2015
2015-11-08,11.82,3,KD-16495,East,FUR-FU-10002240,Furniture,0.0,0.0,2015
2015-11-08,4643.8,4,KD-16495,East,TEC-MA-10000045,Technology,0.0,0.0,2015
2015-11-08,577.764,2,KD-16495,East,FUR-CH-10003746,Furniture,0.1,-57.7764,2015
2015-04-26,191.5155,1,SA-20830,South,FUR-TA-10000577,Furniture,0.45,-86.18197500000001,2015
2015-04-26,2.624,1,SA-20830,South,OFF-AR-10004757,Office Supplies,0.2,-0.5248,2015
2015-09-20,1369.764,6,BG-11035,South,OFF-BI-10000545,Office Supplies,0.7,-958.8347999999999,2015
2015-09-20,294.368,4,BG-11035,South,OFF-ST-10001522,Office Supplies,0.2,-58.8736,2015
2015-09-25,6.336,4,ML-17395,South,OFF-BI-10001116,Office Supplies,0.7,-4.4352,2015
2015-09-25,10.48,1,ML-17395,South,OFF-PA-10004665,Office Supplies,0.2,-2.096,2015
2015-09-25,2.469,1,ML-17395,South,OFF-BI-10004506,Office Supplies,0.7,-1.7283,2015
2015-09-25,3.264,2,ML-17395,South,OFF-BI-10001982,Office Supplies,0.7,-2.2848,2015
2015-05-10,70.97,5,DP-13390,Central,OFF-AP-10002439,Office Supplies,0.8,-56.776,2015
2015-05-10,36.784,2,DP-13390,Central,OFF-AR-10004602,Office Supplies,0.2,-7.3568,2015
2015-03-05,11.212,2,MS-17365,Central,OFF-BI-10002854,Office Supplies,0.8,-8.9696,2015
2015-03-05,4.712,2,MS-17365,Central,FUR-FU-10000023,Furniture,0.6,-2.8272,2015
2015-03-05,180.98,5,MS-17365,Central,OFF-AP-10000828,Office Supplies,0.8,-144.784,2015
2015-03-05,60.416,2,MS-17365,Central,OFF-ST-10000777,Office Supplies,0.2,-12.0832,2015
2015-09-13,13.092,4,AM-10705,South,OFF-BI-10000014,Office Supplies,0.7,-9.1644,2015
2015-06-13,3.424,1,FC-14245,East,OFF-AR-10000634,Office Supplies,0.2,-0.6848000000000001,2015
2015-06-26,43.056,9,DB-13360,East,OFF-PA-10004040,Office Supplies,0.2,-8.6112,2015
2015-12-21,600.53,2,SZ-20035,Central,TEC-MA-10004241,Technology,0.3,-180.159,2015
2015-12-21,59.904,2,SZ-20035,Central,OFF-AR-10001468,Office Supplies,0.2,-11.9808,2015
2015-12-21,637.44,8,SZ-20035,Central,TEC-AC-10003198,Technology,0.2,-127.488,2015
2015-12-21,51.756,3,SZ-20035,Central,FUR-FU-10003039,Furniture,0.6,-31.0536,2015
2015-12-11,10.332,3,LC-16885,East,OFF-BI-10003166,Office Supplies,0.7,-7.2324,2015
2015-07-05,4.928,2,RS-19765,South,FUR-FU-10003829,Furniture,0.2,-0.9856,2015
2015-07-05,11.784,3,RS-19765,South,OFF-LA-10003223,Office Supplies,0.2,-2.3568,2015
2015-04-20,180.96,2,OT-18730,Central,OFF-EN-10003296,Office Supplies,0.0,0.0,2015
2015-12-05,45.04,2,SF-20065,Central,OFF-AR-10003582,Office Supplies,0.2,-9.008000000000001,2015
2015-04-30,31.4,5,JW-15220,East,FUR-FU-10002960,Furniture,0.0,0.0,2015
2015-04-30,9.48,1,JW-15220,East,FUR-FU-10002445,Furniture,0.0,0.0,2015
2015-04-30,209.5,10,JW-15220,East,TEC-PH-10001300,Technology,0.0,0.0,2015
2015-04-30,24.3,5,JW-15220,East,FUR-FU-10001025,Furniture,0.0,0.0,2015
2015-04-30,6.48,1,JW-15220,East,OFF-PA-10002689,Office Supplies,0.0,0.0,2015
2015-01-05,87.36,6,JL-15175,West,OFF-AP-10004859,Office Supplies,0.0,0.0,2015
2015-01-05,56.16,6,JL-15175,West,OFF-BI-10001294,Office Supplies,0.2,-11.232,2015
2015-11-12,64.784,1,MF-18250,Central,OFF-ST-10002344,Office Supplies,0.2,-12.9568,2015
2015-11-12,15.552,3,MF-18250,Central,OFF-PA-10003349,Office Supplies,0.2,-3.1104,2015
2015-11-12,223.888,7,MF-18250,Central,OFF-EN-10003055,Office Supplies,0.2,-44.77760000000001,2015
2015-05-28,16.24,1,TB-21625,East,OFF-ST-10001558,Office Supplies,0.0,0.0,2015
2015-05-28,77.55,5,TB-21625,East,OFF-ST-10001328,Office Supplies,0.0,0.0,2015
2015-04-13,10.744,1,TH-21100,West,OFF-ST-10000344,Office Supplies,0.2,-2.1488,2015
2015-12-05,232.4,5,BD-11635,East,OFF-BI-10002026,Office Supplies,0.2,-46.48,2015
2015-12-05,164.646,3,BD-11635,East,FUR-CH-10003535,Furniture,0.1,-16.4646,2015
2015-12-05,22.68,2,BD-11635,East,OFF-PA-10004156,Office Supplies,0.0,0.0,2015
2015-12-11,110.528,4,JK-15640,West,OFF-BI-10004230,Office Supplies,0.2,-22.1056,2015
2015-10-02,10.944,2,RP-19390,West,OFF-SU-10004290,Office Supplies,0.2,-2.1888,2015
2015-09-20,45.584,11,AM-10705,West,OFF-BI-10004040,Office Supplies,0.2,-9.116800000000001,2015
2015-12-10,25.488,2,RA-19945,East,TEC-AC-10002550,Technology,0.2,-5.0976,2015
2015-09-03,7.5,2,JH-15820,Central,OFF-LA-10001982,Office Supplies,0.0,0.0,2015
2015-05-10,46.688,4,AB-10165,West,TEC-AC-10002718,Technology,0.2,-9.3376,2015
2015-04-09,17.94,3,MC-18100,East,OFF-ST-10001505,Office Supplies,0.0,0.0,2015
2015-04-09,370.14,3,IG-15085,East,OFF-AP-10000179,Office Supplies,0.0,0.0,2015
2015-10-22,9.952,1,GM-14500,South,OFF-ST-10000876,Office Supplies,0.2,-1.9904,2015
2015-10-30,1035.8,4,BF-11020,East,TEC-MA-10004552,Technology,0.0,0.0,2015
2015-10-23,60.736,8,CC-12685,Central,OFF-PA-10000069,Office Supplies,0.2,-12.1472,2015
2015-10-23,479.976,3,CC-12685,Central,TEC-CO-10001943,Technology,0.2,-95.99520000000001,2015
2015-10-23,6.08,1,CC-12685,Central,OFF-BI-10000977,Office Supplies,0.8,-4.864000000000001,2015
2015-03-01,15.984,2,DH-13075,West,TEC-PH-10000376,Technology,0.2,-3.1968,2015
2015-03-01,184.752,3,DH-13075,West,FUR-CH-10003396,Furniture,0.2,-36.9504,2015
2015-12-11,175.23,11,CA-12775,Central,TEC-AC-10004761,Technology,0.0,0.0,2015
2015-12-11,125.99,1,CA-12775,Central,TEC-PH-10003691,Technology,0.0,0.0,2015
2015-12-11,23.0,2,CA-12775,Central,OFF-BI-10004965,Office Supplies,0.0,0.0,2015
2015-08-21,17.52,3,HG-14965,South,OFF-AR-10003602,Office Supplies,0.0,0.0,2015
2015-08-21,35.76,12,HG-14965,South,OFF-AR-10002053,Office Supplies,0.0,0.0,2015
2015-01-13,9.82,2,KS-16300,South,OFF-LA-10003223,Office Supplies,0.0,0.0,2015
2015-06-07,18.312,4,HD-14785,East,OFF-BI-10003707,Office Supplies,0.7,-12.8184,2015
2015-06-07,25.92,5,HD-14785,East,OFF-PA-10000552,Office Supplies,0.2,-5.184000000000001,2015
2015-06-07,8.016,3,HD-14785,East,OFF-AR-10003183,Office Supplies,0.2,-1.6032,2015
2015-12-22,33.568,2,HR-14830,East,OFF-ST-10001172,Office Supplies,0.2,-6.7136,2015
2015-12-22,422.625,7,HR-14830,East,FUR-CH-10001270,Furniture,0.3,-126.7875,2015
2015-12-05,39.0,3,GB-14530,West,TEC-AC-10001266,Technology,0.0,0.0,2015
2015-12-05,12.6,4,GB-14530,West,OFF-LA-10000452,Office Supplies,0.0,0.0,2015
2015-09-11,24.64,4,GB-14530,West,FUR-FU-10000073,Furniture,0.2,-4.928000000000001,2015
2015-07-17,6.264,3,VB-21745,Central,OFF-LA-10002368,Office Supplies,0.2,-1.2528,2015
2015-07-17,14.432,4,VB-21745,Central,OFF-FA-10004248,Office Supplies,0.2,-2.8864,2015
2015-03-22,447.944,7,DC-13285,South,TEC-AC-10002567,Technology,0.2,-89.5888,2015
2015-03-22,150.408,9,DC-13285,South,OFF-ST-10002182,Office Supplies,0.2,-30.0816,2015
2015-10-20,24.56,2,MS-17770,East,OFF-PA-10000249,Office Supplies,0.0,0.0,2015
2015-05-15,51.968,2,FC-14335,East,OFF-ST-10002583,Office Supplies,0.2,-10.3936,2015
2015-11-13,121.104,6,FM-14380,South,OFF-BI-10004224,Office Supplies,0.7,-84.77279999999999,2015
2015-11-13,111.96,5,FM-14380,South,TEC-AC-10004568,Technology,0.2,-22.392,2015
2015-12-08,15.696,3,HG-14965,West,OFF-PA-10000533,Office Supplies,0.2,-3.1392,2015
2015-09-07,70.26,3,AG-10525,East,OFF-ST-10003638,Office Supplies,0.0,0.0,2015
2015-09-07,90.0,5,AG-10525,East,TEC-AC-10002305,Technology,0.0,0.0,2015
2015-09-07,6.096,2,AG-10525,East,OFF-BI-10000605,Office Supplies,0.2,-1.2192,2015
2015-09-07,481.176,2,AG-10525,East,FUR-TA-10003569,Furniture,0.4,-192.4704,2015
2015-09-07,7.24,4,AG-10525,East,OFF-FA-10003059,Office Supplies,0.0,0.0,2015
2015-11-08,31.504,11,NS-18640,South,OFF-FA-10000624,Office Supplies,0.2,-6.300800000000001,2015
2015-11-08,5.04,1,NS-18640,South,OFF-LA-10002945,Office Supplies,0.2,-1.008,2015
2015-11-08,39.879,7,NS-18640,South,OFF-BI-10000315,Office Supplies,0.7,-27.9153,2015
2015-11-08,4.712,1,NS-18640,South,FUR-FU-10000023,Furniture,0.2,-0.9424,2015
2015-12-05,97.424,2,RR-19525,South,FUR-CH-10004477,Furniture,0.2,-19.4848,2015
2015-05-12,21.968,4,JG-15160,Central,FUR-FU-10000175,Furniture,0.6,-13.1808,2015
2015-05-12,619.152,6,JG-15160,Central,TEC-PH-10001336,Technology,0.2,-123.8304,2015
2015-05-12,127.904,7,JG-15160,Central,OFF-PA-10001954,Office Supplies,0.2,-25.5808,2015
2015-12-20,17.12,4,AI-10855,West,OFF-PA-10004947,Office Supplies,0.0,0.0,2015
2015-03-01,3.552,2,RP-19390,East,OFF-AP-10002906,Office Supplies,0.2,-0.7104,2015
2015-12-03,359.499,3,PW-19240,West,FUR-BO-10002213,Furniture,0.15,-53.92485,2015
2015-12-27,4.728,3,SP-20860,South,TEC-AC-10002370,Technology,0.2,-0.9456,2015
2015-12-27,53.352,3,SP-20860,South,FUR-FU-10002030,Furniture,0.2,-10.6704,2015
2015-12-27,131.104,2,SP-20860,South,FUR-BO-10002853,Furniture,0.2,-26.2208,2015
2015-12-27,22.512,3,SP-20860,South,OFF-ST-10002562,Office Supplies,0.2,-4.502400000000001,2015
2015-12-27,72.744,7,SP-20860,South,TEC-AC-10004227,Technology,0.2,-14.5488,2015
2015-07-31,52.59,3,SC-20695,Central,OFF-SU-10002573,Office Supplies,0.0,0.0,2015
2015-11-09,10.74,3,AG-10765,Central,OFF-BI-10001890,Office Supplies,0.0,0.0,2015
2015-10-02,11.032,1,CK-12205,West,FUR-FU-10000629,Furniture,0.2,-2.2064,2015
2015-10-02,53.04,3,CK-12205,West,TEC-AC-10002323,Technology,0.2,-10.608,2015
2015-11-22,17.12,4,HD-14785,East,OFF-AR-10003056,Office Supplies,0.0,0.0,2015
2015-11-22,59.94,3,HD-14785,East,OFF-PA-10000300,Office Supplies,0.0,0.0,2015
2015-06-16,3050.376,3,LC-16885,East,OFF-BI-10003527,Office Supplies,0.2,-610.0752000000001,2015
2015-06-16,133.98,2,LC-16885,East,TEC-PH-10004922,Technology,0.0,0.0,2015
2015-11-21,5.344,2,BB-11545,Central,OFF-AR-10002257,Office Supplies,0.2,-1.0688,2015
2015-11-21,1.696,2,BB-11545,Central,OFF-BI-10000756,Office Supplies,0.8,-1.3568,2015
2015-11-21,24.588,3,BB-11545,Central,OFF-AP-10004136,Office Supplies,0.8,-19.6704,2015
2015-11-21,7.98,5,BB-11545,Central,OFF-BI-10002194,Office Supplies,0.8,-6.384,2015
2015-10-05,288.0,4,IL-15100,East,TEC-AC-10000892,Technology,0.2,-57.6,2015
2015-02-23,26.88,6,LC-16960,East,OFF-AP-10000804,Office Supplies,0.0,0.0,2015
2015-02-23,10.896,2,LC-16960,East,OFF-BI-10002982,Office Supplies,0.2,-2.1792,2015
2015-03-20,29.304,3,BM-11785,West,OFF-ST-10004258,Office Supplies,0.2,-5.8608,2015
2015-03-01,55.328,2,CM-12715,Central,OFF-AR-10003696,Office Supplies,0.2,-11.0656,2015
2015-03-01,1227.9984,6,CM-12715,Central,FUR-BO-10001811,Furniture,0.32,-392.959488,2015
2015-09-06,46.62,9,AG-10525,South,OFF-BI-10002799,Office Supplies,0.0,0.0,2015
2015-07-26,266.352,3,CK-12760,West,FUR-CH-10003199,Furniture,0.2,-53.2704,2015
2015-11-23,307.98,2,PW-19240,East,TEC-PH-10003012,Technology,0.0,0.0,2015
2015-11-23,44.1,6,PW-19240,East,OFF-PA-10001583,Office Supplies,0.0,0.0,2015
2015-11-23,13.12,4,PW-19240,East,OFF-AR-10001940,Office Supplies,0.0,0.0,2015
2015-11-23,16.56,2,PW-19240,East,OFF-EN-10003286,Office Supplies,0.0,0.0,2015
2015-11-23,38.88,6,PW-19240,East,OFF-PA-10003441,Office Supplies,0.0,0.0,2015
2015-11-28,335.52,4,EB-14170,Central,OFF-PA-10003395,Office Supplies,0.2,-67.104,2015
2015-12-19,6.912,3,AG-10900,East,OFF-LA-10003190,Office Supplies,0.2,-1.3824,2015
2015-06-05,10.56,2,BB-11545,Central,OFF-PA-10000528,Office Supplies,0.0,0.0,2015
2015-11-15,39.96,2,DH-13675,South,FUR-FU-10002759,Furniture,0.0,0.0,2015
2015-06-22,1217.568,2,SW-20455,East,OFF-BI-10000545,Office Supplies,0.2,-243.5136,2015
2015-07-02,74.24,1,FA-14230,South,TEC-PH-10003505,Technology,0.2,-14.848,2015
2015-07-02,159.84,10,FA-14230,South,FUR-FU-10000076,Furniture,0.2,-31.968,2015
2015-07-02,2.892,2,FA-14230,South,OFF-BI-10004728,Office Supplies,0.7,-2.0244,2015
2015-07-02,9.392,2,FA-14230,South,OFF-PA-10002250,Office Supplies,0.2,-1.8784,2015
2015-09-22,55.6,5,FO-14305,East,OFF-SU-10000898,Office Supplies,0.2,-11.12,2015
2015-09-22,617.976,3,FO-14305,East,TEC-AC-10003832,Technology,0.2,-123.5952,2015
2015-09-11,31.05,3,SN-20560,East,OFF-LA-10000414,Office Supplies,0.0,0.0,2015
2015-09-11,8.92,4,SN-20560,East,FUR-FU-10002107,Furniture,0.0,0.0,2015
2015-09-11,209.6,4,SN-20560,East,OFF-BI-10004593,Office Supplies,0.0,0.0,2015
2015-09-11,111.04,4,SN-20560,East,OFF-AP-10003860,Office Supplies,0.0,0.0,2015
2015-09-11,38.88,6,SN-20560,East,OFF-PA-10000556,Office Supplies,0.0,0.0,2015
2015-12-20,36.27,3,JM-15865,South,OFF-AP-10003281,Office Supplies,0.0,0.0,2015
2015-03-23,192.72,11,AM-10360,West,OFF-PA-10000659,Office Supplies,0.0,0.0,2015
2015-03-23,239.97,3,AM-10360,West,TEC-AC-10000736,Technology,0.0,0.0,2015
2015-12-01,2676.672,9,LC-16960,West,FUR-CH-10003973,Furniture,0.2,-535.3344000000001,2015
2015-08-07,494.97,3,EM-14095,South,TEC-PH-10003601,Technology,0.0,0.0,2015
2015-08-07,25.06,2,EM-14095,South,OFF-LA-10004545,Office Supplies,0.0,0.0,2015
2015-01-26,182.72,8,EM-13825,West,OFF-PA-10003790,Office Supplies,0.0,0.0,2015
2015-09-27,99.2,5,SS-20140,West,OFF-AR-10002067,Office Supplies,0.0,0.0,2015
2015-04-13,609.98,4,FP-14320,Central,FUR-TA-10000688,Furniture,0.3,-182.994,2015
2015-04-13,211.372,2,FP-14320,Central,FUR-TA-10002530,Furniture,0.3,-63.4116,2015
2015-04-13,239.976,3,FP-14320,Central,TEC-PH-10001061,Technology,0.2,-47.9952,2015
2015-12-17,204.85,5,PG-18895,West,OFF-AR-10003903,Office Supplies,0.0,0.0,2015
2015-12-17,135.984,2,PG-18895,West,TEC-PH-10004908,Technology,0.2,-27.1968,2015
2015-12-17,16.4,5,PG-18895,West,OFF-AR-10001940,Office Supplies,0.0,0.0,2015
2015-12-17,92.96,2,PG-18895,West,OFF-BI-10002026,Office Supplies,0.2,-18.592,2015
2015-10-19,1.72,1,CS-11860,Central,OFF-BI-10000404,Office Supplies,0.8,-1.376,2015
2015-12-03,77.952,3,JG-15115,South,FUR-FU-10000222,Furniture,0.2,-15.5904,2015
2015-12-03,95.97,5,JG-15115,South,OFF-BI-10001718,Office Supplies,0.7,-67.179,2015
2015-12-03,105.584,2,JG-15115,South,TEC-PH-10001700,Technology,0.2,-21.1168,2015
2015-12-03,9.344,2,JG-15115,South,OFF-AR-10004078,Office Supplies,0.2,-1.8688,2015
2015-12-24,9.68,2,HM-14860,Central,FUR-FU-10003026,Furniture,0.0,0.0,2015
2015-12-24,4899.93,7,HM-14860,Central,TEC-CO-10003763,Technology,0.0,0.0,2015
2015-04-05,239.94,6,JF-15415,West,TEC-AC-10001767,Technology,0.0,0.0,2015
2015-04-05,23.84,8,JF-15415,West,OFF-AR-10002467,Office Supplies,0.0,0.0,2015
2015-12-20,100.8,2,ED-13885,Central,TEC-AC-10004353,Technology,0.2,-20.16,2015
2015-11-15,166.92,13,VP-21760,East,OFF-BI-10002133,Office Supplies,0.7,-116.844,2015
2015-06-29,117.882,1,SG-20470,East,FUR-CH-10001482,Furniture,0.1,-11.7882,2015
2015-10-01,2.992,4,EM-13960,Central,OFF-BI-10003196,Office Supplies,0.8,-2.3936,2015
2015-10-01,108.768,4,EM-13960,Central,TEC-AC-10003657,Technology,0.2,-21.7536,2015
2015-04-07,25.92,4,RP-19390,East,OFF-PA-10002262,Office Supplies,0.0,0.0,2015
2015-04-07,22.58,2,RP-19390,East,OFF-ST-10002214,Office Supplies,0.0,0.0,2015
2015-09-22,61.44,3,MM-18280,West,OFF-AP-10004532,Office Supplies,0.0,0.0,2015
2015-05-18,10.86,2,AJ-10780,West,OFF-PA-10003724,Office Supplies,0.0,0.0,2015
2015-09-12,21.98,2,CC-12670,West,TEC-AC-10004209,Technology,0.0,0.0,2015
2015-11-02,2621.322,11,ED-13885,East,FUR-CH-10002073,Furniture,0.1,-262.1322,2015
2015-10-20,74.76,7,SV-20785,West,FUR-FU-10003424,Furniture,0.0,0.0,2015
2015-10-20,364.776,3,SV-20785,West,FUR-TA-10001086,Furniture,0.2,-72.9552,2015
2015-11-20,89.696,4,CS-12250,West,OFF-BI-10002854,Office Supplies,0.2,-17.9392,2015
2015-11-20,50.12,4,CS-12250,West,OFF-LA-10002762,Office Supplies,0.0,0.0,2015
2015-06-12,24.56,2,SZ-20035,Central,OFF-ST-10002444,Office Supplies,0.0,0.0,2015
2015-11-05,7.218,3,CB-12415,East,OFF-BI-10000773,Office Supplies,0.7,-5.0526,2015
2015-11-05,27.2,4,CB-12415,East,OFF-SU-10004661,Office Supplies,0.2,-5.44,2015
2015-02-06,146.73,3,LO-17170,South,OFF-ST-10002554,Office Supplies,0.0,0.0,2015
2015-02-06,29.9,5,LO-17170,South,OFF-PA-10002751,Office Supplies,0.0,0.0,2015
2015-12-15,246.168,3,RR-19525,South,TEC-PH-10001433,Technology,0.2,-49.2336,2015
2015-06-28,15.552,3,DW-13585,East,OFF-PA-10003177,Office Supplies,0.2,-3.1104,2015
2015-06-28,482.94,6,DW-13585,East,FUR-BO-10001918,Furniture,0.5,-241.47,2015
2015-06-01,299.98,2,AJ-10945,Central,TEC-PH-10001299,Technology,0.0,0.0,2015
2015-06-01,403.68,6,AJ-10945,Central,OFF-BI-10004224,Office Supplies,0.0,0.0,2015
2015-06-01,41.9,2,AJ-10945,Central,TEC-PH-10001300,Technology,0.0,0.0,2015
2015-06-01,28.91,7,AJ-10945,Central,OFF-LA-10004178,Office Supplies,0.0,0.0,2015
2015-11-07,23.64,3,AB-10105,Central,OFF-AR-10001683,Office Supplies,0.2,-4.728000000000001,2015
2015-11-07,84.784,2,AB-10105,Central,OFF-ST-10001713,Office Supplies,0.2,-16.9568,2015
2015-11-07,64.96,5,AB-10105,Central,FUR-FU-10000193,Furniture,0.6,-38.97599999999999,2015
2015-11-07,32.06,10,AB-10105,Central,OFF-BI-10000474,Office Supplies,0.8,-25.648,2015
2015-11-07,177.648,2,AB-10105,Central,OFF-ST-10000129,Office Supplies,0.2,-35.5296,2015
2015-11-07,287.91,3,AB-10105,Central,TEC-MA-10001016,Technology,0.4,-115.164,2015
2015-05-25,22.368,2,MM-18280,Central,OFF-SU-10002557,Office Supplies,0.2,-4.4736,2015
2015-05-25,32.368,7,MM-18280,Central,OFF-PA-10002160,Office Supplies,0.2,-6.473600000000001,2015
2015-05-25,207.984,2,MM-18280,Central,TEC-AC-10003095,Technology,0.2,-41.5968,2015
2015-11-28,8.28,2,MA-17995,West,OFF-AR-10004441,Office Supplies,0.0,0.0,2015
2015-08-31,555.96,5,RH-19510,West,TEC-PH-10004447,Technology,0.2,-111.192,2015
2015-09-20,2.808,3,TP-21130,Central,OFF-BI-10000138,Office Supplies,0.8,-2.2464,2015
2015-09-24,14.576,2,KM-16720,West,OFF-AR-10003179,Office Supplies,0.2,-2.9152,2015
2015-09-24,23.2,2,KM-16720,West,TEC-AC-10002345,Technology,0.2,-4.64,2015
2015-09-24,16.464,7,KM-16720,West,OFF-AR-10001246,Office Supplies,0.2,-3.2928,2015
2015-06-08,2.376,3,MG-17695,Central,TEC-AC-10003433,Technology,0.2,-0.4752,2015
2015-06-08,143.128,2,MG-17695,Central,OFF-AP-10003849,Office Supplies,0.8,-114.5024,2015
2015-08-21,3.488,2,SM-20320,East,OFF-SU-10001935,Office Supplies,0.2,-0.6976,2015
2015-08-21,21.728,4,SM-20320,East,TEC-AC-10000290,Technology,0.2,-4.3456,2015
2015-08-21,663.072,6,SM-20320,East,OFF-ST-10002574,Office Supplies,0.2,-132.6144,2015
2015-08-21,99.588,2,SM-20320,East,OFF-BI-10004519,Office Supplies,0.7,-69.71159999999999,2015
2015-08-21,49.568,2,SM-20320,East,OFF-PA-10003625,Office Supplies,0.2,-9.9136,2015
2015-11-02,29.372,7,BB-10990,Central,OFF-BI-10001524,Office Supplies,0.8,-23.4976,2015
2015-11-02,344.704,2,BB-10990,Central,TEC-PH-10002200,Technology,0.2,-68.94080000000001,2015
2015-03-14,19.44,3,AI-10855,West,OFF-PA-10002105,Office Supplies,0.0,0.0,2015
2015-08-16,44.688,7,JW-15955,East,OFF-ST-10002352,Office Supplies,0.2,-8.937600000000002,2015
2015-08-16,301.47,3,JW-15955,East,FUR-BO-10000780,Furniture,0.5,-150.735,2015
2015-10-09,389.97,3,FM-14380,Central,FUR-CH-10000513,Furniture,0.0,0.0,2015
2015-10-09,269.91,5,FM-14380,Central,OFF-AP-10002191,Office Supplies,0.1,-26.991,2015
2015-09-25,102.582,1,CS-11950,East,FUR-CH-10001545,Furniture,0.1,-10.2582,2015
2015-09-25,20.04,3,CS-11950,East,OFF-PA-10002947,Office Supplies,0.0,0.0,2015
2015-11-21,18.176,1,JH-15820,South,FUR-FU-10000087,Furniture,0.2,-3.6352,2015
2015-04-18,41.424,2,MP-17965,Central,TEC-AC-10003590,Technology,0.2,-8.2848,2015
2015-04-18,244.768,4,MP-17965,Central,TEC-PH-10003357,Technology,0.2,-48.9536,2015
2015-04-18,74.352,3,MP-17965,Central,OFF-AR-10003373,Office Supplies,0.2,-14.8704,2015
2015-04-18,4.312,2,MP-17965,Central,OFF-BI-10003676,Office Supplies,0.8,-3.4496,2015
2015-04-18,56.686,1,MP-17965,Central,FUR-CH-10000225,Furniture,0.3,-17.0058,2015
2015-04-18,97.968,2,MP-17965,Central,TEC-PH-10001870,Technology,0.2,-19.5936,2015
2015-04-18,7.872,3,MP-17965,Central,OFF-AR-10003481,Office Supplies,0.2,-1.5744,2015
2015-04-18,15.552,3,MP-17965,Central,OFF-PA-10003936,Office Supplies,0.2,-3.1104,2015
2015-04-18,1.476,1,MP-17965,Central,OFF-BI-10000320,Office Supplies,0.8,-1.1808,2015
2015-09-19,8.4,5,MH-17290,West,OFF-AR-10001972,Office Supplies,0.0,0.0,2015
2015-11-11,418.32,7,AG-10495,Central,OFF-ST-10003282,Office Supplies,0.0,0.0,2015
2015-11-11,123.858,2,AG-10495,Central,OFF-AP-10002311,Office Supplies,0.1,-12.3858,2015
2015-11-28,45.28,4,AJ-10945,West,OFF-AP-10004655,Office Supplies,0.0,0.0,2015
2015-11-12,15.56,2,EB-14110,East,OFF-EN-10001539,Office Supplies,0.0,0.0,2015
2015-12-01,19.44,3,MA-17560,Central,OFF-PA-10001826,Office Supplies,0.0,0.0,2015
2015-12-01,3.64,2,MA-17560,Central,OFF-AR-10000823,Office Supplies,0.0,0.0,2015
2015-12-01,18.54,2,MA-17560,Central,OFF-PA-10001776,Office Supplies,0.0,0.0,2015
2015-05-29,41.568,4,VP-21760,East,FUR-FU-10002506,Furniture,0.2,-8.3136,2015
2015-05-29,317.058,3,VP-21760,East,FUR-CH-10000863,Furniture,0.3,-95.11739999999999,2015
2015-05-29,8.04,5,VP-21760,East,OFF-FA-10002988,Office Supplies,0.2,-1.608,2015
2015-12-14,50.0,2,AJ-10945,West,TEC-AC-10003063,Technology,0.0,0.0,2015
2015-06-19,228.92,5,KM-16375,Central,OFF-ST-10003692,Office Supplies,0.2,-45.784,2015
2015-10-25,582.336,8,DG-13300,West,FUR-CH-10000422,Furniture,0.2,-116.4672,2015
2015-09-16,31.12,4,BD-11500,South,OFF-EN-10001539,Office Supplies,0.0,0.0,2015
2015-01-27,2803.92,5,SC-20305,West,FUR-CH-10002024,Furniture,0.2,-560.784,2015
2015-10-18,249.584,2,JC-15775,West,TEC-PH-10004094,Technology,0.2,-49.9168,2015
2015-10-18,17.94,3,JC-15775,West,OFF-PA-10001184,Office Supplies,0.0,0.0,2015
2015-10-18,10.11,3,JC-15775,West,FUR-FU-10002505,Furniture,0.0,0.0,2015
2015-08-28,1099.96,5,BP-11185,Central,TEC-PH-10004165,Technology,0.2,-219.992,2015
2015-08-28,103.481,1,BP-11185,Central,FUR-TA-10004607,Furniture,0.3,-31.0443,2015
2015-06-19,5.904,2,PP-18955,East,OFF-LA-10004677,Office Supplies,0.2,-1.1808,2015
2015-08-17,30.08,2,SC-20725,West,TEC-AC-10002217,Technology,0.2,-6.016,2015
2015-08-17,36.288,7,SC-20725,West,OFF-PA-10001937,Office Supplies,0.2,-7.2576,2015
2015-08-17,10.272,3,SC-20725,West,OFF-AR-10000203,Office Supplies,0.2,-2.0544,2015
2015-08-17,252.8,4,SC-20725,West,TEC-AC-10001142,Technology,0.2,-50.56,2015
2015-09-25,2.946,2,BM-11785,East,OFF-BI-10003712,Office Supplies,0.7,-2.0622,2015
2015-03-01,95.84,4,TP-21565,Central,TEC-PH-10003215,Technology,0.2,-19.168,2015
2015-05-29,12.39,3,KB-16315,Central,OFF-LA-10004484,Office Supplies,0.0,0.0,2015
2015-09-28,186.15,3,RP-19855,West,OFF-AP-10002495,Office Supplies,0.0,0.0,2015
2015-09-28,81.792,6,RP-19855,West,OFF-BI-10004001,Office Supplies,0.2,-16.3584,2015
2015-09-28,47.19,3,RP-19855,West,OFF-SU-10004884,Office Supplies,0.0,0.0,2015
2015-09-28,36.784,2,RP-19855,West,TEC-PH-10003555,Technology,0.2,-7.3568,2015
2015-05-31,5.904,2,JM-15265,Central,OFF-LA-10000443,Office Supplies,0.2,-1.1808,2015
2015-05-31,173.488,7,JM-15265,Central,OFF-PA-10001125,Office Supplies,0.2,-34.6976,2015
2015-05-31,51.56,2,JM-15265,Central,FUR-FU-10002703,Furniture,0.6,-30.936,2015
2015-05-31,3.564,3,JM-15265,Central,OFF-BI-10004364,Office Supplies,0.8,-2.8512,2015
2015-06-20,319.984,2,BC-11125,East,TEC-AC-10001838,Technology,0.2,-63.9968,2015
2015-10-01,572.8,2,EM-13960,West,TEC-PH-10001817,Technology,0.2,-114.56,2015
2015-11-20,32.04,3,KW-16570,West,FUR-FU-10001546,Furniture,0.0,0.0,2015
2015-08-24,26.982,3,MS-17710,East,TEC-PH-10000923,Technology,0.4,-10.7928,2015
2015-08-24,6.912,3,MS-17710,East,OFF-LA-10003190,Office Supplies,0.2,-1.3824,2015
2015-08-24,435.504,3,MS-17710,East,OFF-ST-10003208,Office Supplies,0.2,-87.1008,2015
2015-05-11,191.968,7,PS-18970,West,FUR-CH-10004540,Furniture,0.2,-38.3936,2015
2015-08-06,35.52,3,RP-19270,Central,OFF-LA-10004544,Office Supplies,0.2,-7.104000000000001,2015
2015-08-06,6.23,5,RP-19270,Central,OFF-BI-10001097,Office Supplies,0.8,-4.984000000000001,2015
2015-08-06,56.704,2,RP-19270,Central,OFF-PA-10003302,Office Supplies,0.2,-11.3408,2015
2015-08-06,369.1992,3,RP-19270,Central,FUR-BO-10003965,Furniture,0.32,-118.143744,2015
2015-05-03,13.848,3,NF-18595,West,OFF-BI-10004654,Office Supplies,0.2,-2.769600000000001,2015
2015-11-10,577.584,6,SC-20020,East,OFF-ST-10001526,Office Supplies,0.2,-115.5168,2015
2015-05-30,151.96,4,BD-11560,South,TEC-AC-10000358,Technology,0.0,0.0,2015
2015-11-28,71.12,5,EB-14110,East,FUR-FU-10003799,Furniture,0.2,-14.224,2015
2015-11-28,3.008,2,EB-14110,East,OFF-FA-10003021,Office Supplies,0.2,-0.6016,2015
2015-12-03,184.66,7,HP-14815,East,OFF-PA-10003656,Office Supplies,0.0,0.0,2015
2015-06-01,11.76,2,CG-12040,West,OFF-PA-10001838,Office Supplies,0.0,0.0,2015
2015-09-24,6.732,6,MB-17305,East,OFF-BI-10003196,Office Supplies,0.7,-4.7124,2015
2015-09-24,33.568,2,MB-17305,East,OFF-ST-10001172,Office Supplies,0.2,-6.7136,2015
2015-09-24,15.84,2,MB-17305,East,OFF-EN-10003068,Office Supplies,0.2,-3.168,2015
2015-09-24,24.424,1,MB-17305,East,OFF-LA-10003510,Office Supplies,0.2,-4.8848,2015
2015-09-24,17.12,5,MB-17305,East,OFF-AR-10003504,Office Supplies,0.2,-3.424,2015
2015-08-13,31.56,3,SF-20065,West,FUR-FU-10001889,Furniture,0.0,0.0,2015
2015-05-26,105.686,1,PS-18760,Central,FUR-CH-10000863,Furniture,0.3,-31.7058,2015
2015-05-26,399.54,2,PS-18760,Central,TEC-MA-10004679,Technology,0.4,-159.816,2015
2015-05-26,104.93,5,PS-18760,Central,FUR-CH-10004754,Furniture,0.3,-31.479,2015
2015-09-19,60.84,3,FC-14245,West,FUR-FU-10003464,Furniture,0.0,0.0,2015
2015-04-14,35.208,1,TP-21130,West,OFF-AP-10002403,Office Supplies,0.2,-7.0416,2015
2015-11-02,197.72,4,EG-13900,South,OFF-AP-10003099,Office Supplies,0.0,0.0,2015
2015-01-28,4297.644,13,JH-15985,South,FUR-TA-10000198,Furniture,0.4,-1719.0576,2015
2015-12-07,12.96,2,KH-16690,West,OFF-PA-10003953,Office Supplies,0.0,0.0,2015
2015-08-13,64.68,7,GK-14620,South,OFF-AR-10001446,Office Supplies,0.2,-12.936,2015
2015-12-27,323.1,2,AH-10030,West,OFF-ST-10000046,Office Supplies,0.0,0.0,2015
2015-12-27,668.16,9,AH-10030,West,TEC-PH-10003505,Technology,0.2,-133.632,2015
2015-11-13,613.9992,3,PO-18850,Central,FUR-BO-10001811,Furniture,0.32,-196.479744,2015
2015-08-28,470.36,11,SM-20950,East,OFF-ST-10001837,Office Supplies,0.0,0.0,2015
2015-12-05,12.224,2,TB-21250,Central,OFF-EN-10004459,Office Supplies,0.2,-2.4448,2015
2015-06-29,269.98,2,NF-18475,Central,TEC-PH-10004667,Technology,0.0,0.0,2015
2015-11-08,4404.9,5,QJ-19255,East,FUR-BO-10004834,Furniture,0.0,0.0,2015
2015-05-31,274.8,5,EM-13825,East,OFF-PA-10002120,Office Supplies,0.0,0.0,2015
2015-05-31,62.18,1,EM-13825,East,OFF-ST-10004340,Office Supplies,0.0,0.0,2015
2015-05-31,8.28,2,EM-13825,East,FUR-FU-10001847,Furniture,0.0,0.0,2015
2015-05-09,48.81,3,ME-17725,South,OFF-BI-10000962,Office Supplies,0.0,0.0,2015
2015-01-12,10.368,2,CS-12490,East,OFF-AR-10001374,Office Supplies,0.2,-2.0736,2015
2015-01-12,235.188,2,CS-12490,East,TEC-PH-10004977,Technology,0.4,-94.0752,2015
2015-01-12,26.376,4,CS-12490,East,TEC-PH-10000912,Technology,0.4,-10.5504,2015
2015-01-12,10.384,2,CS-12490,East,TEC-AC-10000487,Technology,0.2,-2.0768,2015
2015-01-12,107.118,3,CS-12490,East,TEC-PH-10002262,Technology,0.4,-42.8472,2015
2015-07-18,3.328,2,PJ-19015,East,OFF-BI-10004182,Office Supplies,0.2,-0.6656,2015
2015-07-18,135.99,1,PJ-19015,East,TEC-PH-10002468,Technology,0.0,0.0,2015
2015-07-18,7.38,1,PJ-19015,East,FUR-FU-10002364,Furniture,0.0,0.0,2015
2015-06-08,173.488,7,AG-10495,South,OFF-PA-10002581,Office Supplies,0.2,-34.6976,2015
2015-06-08,516.96,4,AG-10495,South,OFF-ST-10000046,Office Supplies,0.2,-103.392,2015
2015-06-08,173.208,7,AG-10495,South,FUR-FU-10001185,Furniture,0.2,-34.6416,2015
2015-06-08,4.448,2,AG-10495,South,OFF-AR-10003856,Office Supplies,0.2,-0.8896000000000002,2015
2015-06-08,9.0,3,AG-10495,South,OFF-LA-10001982,Office Supplies,0.2,-1.8,2015
2015-06-08,42.24,10,AG-10495,South,OFF-PA-10001215,Office Supplies,0.2,-8.448,2015
2015-06-08,18.264,2,AG-10495,South,OFF-BI-10002429,Office Supplies,0.7,-12.7848,2015
2015-03-26,3393.68,8,EB-13840,West,FUR-TA-10001889,Furniture,0.0,0.0,2015
2015-03-26,1085.42,7,SM-20950,East,OFF-ST-10002615,Office Supplies,0.0,0.0,2015
2015-03-26,13.11,3,SM-20950,East,OFF-AP-10000595,Office Supplies,0.0,0.0,2015
2015-12-29,6.36,2,RF-19840,East,OFF-SU-10003936,Office Supplies,0.0,0.0,2015
2015-05-29,85.056,3,CC-12100,East,OFF-PA-10000474,Office Supplies,0.2,-17.0112,2015
2015-08-08,79.99,1,RD-19585,East,TEC-AC-10000736,Technology,0.0,0.0,2015
2015-09-13,131.88,7,KD-16615,West,FUR-FU-10004973,Furniture,0.0,0.0,2015
2015-09-13,25.032,3,KD-16615,West,OFF-BI-10001628,Office Supplies,0.2,-5.0064,2015
2015-09-13,717.72,3,KD-16615,West,FUR-CH-10000155,Furniture,0.2,-143.544,2015
2015-09-13,207.35,5,KD-16615,West,FUR-FU-10002379,Furniture,0.0,0.0,2015
2015-09-13,44.67,3,KD-16615,West,FUR-FU-10004018,Furniture,0.0,0.0,2015
2015-09-13,209.7,2,KD-16615,West,OFF-PA-10000994,Office Supplies,0.0,0.0,2015
2015-10-10,362.136,3,KN-16390,West,FUR-CH-10001714,Furniture,0.2,-72.42720000000001,2015
2015-10-10,31.05,3,KN-16390,West,OFF-LA-10000414,Office Supplies,0.0,0.0,2015
2015-09-24,39.98,1,JF-15190,East,OFF-EN-10003055,Office Supplies,0.0,0.0,2015
2015-03-20,49.848,3,DH-13075,East,OFF-BI-10003982,Office Supplies,0.2,-9.9696,2015
2015-03-20,23.99,1,DH-13075,East,OFF-EN-10004386,Office Supplies,0.0,0.0,2015
2015-03-20,1087.936,8,DH-13075,East,OFF-BI-10003656,Office Supplies,0.2,-217.5872,2015
2015-03-20,199.98,2,DH-13075,East,TEC-PH-10002310,Technology,0.0,0.0,2015
2015-03-20,83.92,4,DH-13075,East,OFF-ST-10001172,Office Supplies,0.0,0.0,2015
2015-11-13,9.872,2,KH-16510,West,OFF-BI-10001267,Office Supplies,0.2,-1.9744,2015
2015-11-13,683.332,4,KH-16510,West,FUR-BO-10004357,Furniture,0.15,-102.4998,2015
2015-11-13,29.96,7,KH-16510,West,OFF-PA-10004610,Office Supplies,0.0,0.0,2015
2015-04-12,40.74,3,RD-19660,West,OFF-ST-10000419,Office Supplies,0.0,0.0,2015
2015-12-14,55.264,2,DB-12970,West,OFF-BI-10001153,Office Supplies,0.2,-11.0528,2015
2015-12-14,6.48,1,DB-12970,West,OFF-PA-10004983,Office Supplies,0.0,0.0,2015
2015-12-14,34.248,3,DB-12970,West,OFF-BI-10000948,Office Supplies,0.2,-6.8496,2015
2015-12-14,273.568,2,DB-12970,West,FUR-TA-10002622,Furniture,0.2,-54.7136,2015
2015-03-19,65.584,2,CM-12655,Central,OFF-PA-10000675,Office Supplies,0.2,-13.1168,2015
2015-03-19,383.4656,4,CM-12655,Central,FUR-BO-10004218,Furniture,0.32,-122.708992,2015
2015-07-26,10.368,2,AS-10240,East,OFF-PA-10003072,Office Supplies,0.2,-2.0736,2015
2015-06-28,119.56,2,MP-17470,South,OFF-BI-10002867,Office Supplies,0.0,0.0,2015
2015-06-28,140.75,5,MP-17470,South,OFF-AR-10000538,Office Supplies,0.0,0.0,2015
2015-09-06,85.98,1,SW-20455,South,FUR-TA-10001039,Furniture,0.0,0.0,2015
2015-05-17,31.5,10,DV-13465,East,OFF-LA-10003766,Office Supplies,0.0,0.0,2015
2015-05-17,55.6,4,DV-13465,East,OFF-SU-10000898,Office Supplies,0.0,0.0,2015
2016-11-08,261.96,2,CG-12520,South,FUR-BO-10001798,Furniture,0.0,0.0,2016
2016-11-08,731.94,3,CG-12520,South,FUR-CH-10000454,Furniture,0.0,0.0,2016
2016-06-12,14.62,2,DV-13045,West,OFF-LA-10000240,Office Supplies,0.0,0.0,2016
2016-12-05,407.976,3,IM-15070,West,OFF-BI-10003656,Office Supplies,0.2,-81.5952,2016
2016-12-09,19.46,7,KB-16585,Central,OFF-AR-10000246,Office Supplies,0.0,0.0,2016
2016-12-09,60.34,7,KB-16585,Central,OFF-AP-10001492,Office Supplies,0.0,0.0,2016
2016-01-16,11.648,2,EH-13945,West,OFF-BI-10001634,Office Supplies,0.2,-2.3296,2016
2016-01-16,90.57,3,EH-13945,West,TEC-AC-10003027,Technology,0.0,0.0,2016
2016-12-08,1097.544,7,GH-14485,Central,TEC-PH-10004977,Technology,0.2,-219.5088,2016
2016-12-08,190.92,5,GH-14485,Central,FUR-FU-10003664,Furniture,0.6,-114.552,2016
2016-07-17,77.88,2,RA-19885,West,OFF-ST-10003479,Office Supplies,0.0,0.0,2016
2016-03-11,45.98,2,ON-18715,Central,TEC-AC-10000171,Technology,0.0,0.0,2016
2016-03-11,17.46,2,ON-18715,Central,OFF-BI-10003291,Office Supplies,0.0,0.0,2016
2016-06-20,45.0,3,LH-16900,East,TEC-AC-10002167,Technology,0.0,0.0,2016
2016-06-20,21.8,2,LH-16900,East,TEC-PH-10003988,Technology,0.0,0.0,2016
2016-12-11,15.26,7,JM-15265,East,OFF-FA-10000304,Office Supplies,0.0,0.0,2016
2016-12-11,1029.95,5,JM-15265,East,TEC-PH-10002447,Technology,0.0,0.0,2016
2016-06-17,208.56,6,TB-21055,East,OFF-ST-10000604,Office Supplies,0.0,0.0,2016
2016-06-17,32.4,5,TB-21055,East,OFF-PA-10001569,Office Supplies,0.0,0.0,2016
2016-06-17,319.41,5,TB-21055,East,FUR-CH-10003968,Furniture,0.1,-31.941,2016
2016-06-17,14.56,2,TB-21055,East,OFF-PA-10000587,Office Supplies,0.0,0.0,2016
2016-06-17,30.0,2,TB-21055,East,TEC-AC-10002167,Technology,0.0,0.0,2016
2016-06-17,48.48,4,TB-21055,East,OFF-BI-10001460,Office Supplies,0.2,-9.696,2016
2016-06-17,1.68,1,TB-21055,East,OFF-AR-10001868,Office Supplies,0.0,0.0,2016
2016-06-04,75.88,2,KD-16270,South,OFF-PA-10000482,Office Supplies,0.0,0.0,2016
2016-09-18,4.616,1,HM-14980,East,OFF-BI-10004654,Office Supplies,0.2,-0.9232,2016
2016-06-12,208.16,1,SC-20770,South,OFF-AP-10002118,Office Supplies,0.0,0.0,2016
2016-06-12,16.74,3,SC-20770,South,OFF-BI-10002309,Office Supplies,0.0,0.0,2016
2016-04-05,158.368,7,GM-14455,Central,OFF-ST-10003442,Office Supplies,0.2,-31.6736,2016
2016-09-17,20.1,3,JS-15685,West,OFF-AR-10004930,Office Supplies,0.0,0.0,2016
2016-09-17,73.584,2,JS-15685,West,TEC-PH-10004093,Technology,0.2,-14.7168,2016
2016-09-17,6.48,1,JS-15685,West,OFF-PA-10000304,Office Supplies,0.0,0.0,2016
2016-09-06,77.88,6,ER-13855,Central,OFF-AP-10000358,Office Supplies,0.0,0.0,2016
2016-08-29,64.624,7,RB-19465,Central,OFF-PA-10003256,Office Supplies,0.2,-12.9248,2016
2016-08-29,95.976,3,RB-19465,Central,TEC-AC-10001767,Technology,0.2,-19.1952,2016
2016-08-29,1.788,3,RB-19465,Central,OFF-BI-10002609,Office Supplies,0.8,-1.4304,2016
2016-12-01,23.92,4,GZ-14470,Central,OFF-PA-10004040,Office Supplies,0.0,0.0,2016
2016-11-03,75.96,2,CL-12565,Central,OFF-AR-10000380,Office Supplies,0.0,0.0,2016
2016-11-03,27.24,6,CL-12565,Central,OFF-BI-10003981,Office Supplies,0.0,0.0,2016
2016-06-12,47.04,3,SC-20725,East,FUR-FU-10002157,Furniture,0.0,0.0,2016
2016-06-12,30.84,4,SC-20725,East,OFF-BI-10003910,Office Supplies,0.0,0.0,2016
2016-06-12,226.56,6,SC-20725,East,OFF-ST-10000777,Office Supplies,0.0,0.0,2016
2016-06-12,115.02,9,SC-20725,East,OFF-EN-10002500,Office Supplies,0.0,0.0,2016
2016-06-12,68.04,7,SC-20725,East,TEC-PH-10003875,Technology,0.0,0.0,2016
2016-11-06,81.424,2,LS-16975,West,FUR-CH-10001146,Furniture,0.2,-16.2848,2016
2016-11-06,238.56,3,LS-16975,West,FUR-FU-10003773,Furniture,0.0,0.0,2016
2016-10-13,20.04,3,LC-16885,West,OFF-PA-10001804,Office Supplies,0.0,0.0,2016
2016-10-13,35.44,1,LC-16885,West,OFF-PA-10001736,Office Supplies,0.0,0.0,2016
2016-10-13,11.52,4,LC-16885,West,OFF-AR-10001149,Office Supplies,0.0,0.0,2016
2016-10-13,4.02,2,LC-16885,West,OFF-FA-10002988,Office Supplies,0.0,0.0,2016
2016-10-13,76.176,3,LC-16885,West,OFF-BI-10004781,Office Supplies,0.2,-15.2352,2016
2016-10-13,65.88,6,LC-16885,West,OFF-SU-10001218,Office Supplies,0.0,0.0,2016
2016-10-13,43.12,14,LC-16885,West,FUR-FU-10001706,Furniture,0.0,0.0,2016
2016-09-05,82.8,2,JD-15895,East,FUR-FU-10004848,Furniture,0.2,-16.56,2016
2016-12-05,384.45,11,JE-16165,Central,TEC-PH-10000215,Technology,0.0,0.0,2016
2016-12-05,149.97,3,JE-16165,Central,TEC-PH-10001448,Technology,0.0,0.0,2016
2016-12-05,1951.84,8,JE-16165,Central,FUR-CH-10000454,Furniture,0.0,0.0,2016
2016-12-05,171.55,5,JE-16165,Central,OFF-BI-10002735,Office Supplies,0.0,0.0,2016
2016-03-13,157.92,5,TW-21025,West,OFF-AP-10000326,Office Supplies,0.2,-31.584,2016
2016-03-13,203.184,2,TW-21025,West,TEC-PH-10001254,Technology,0.2,-40.6368,2016
2016-11-20,14.62,2,NP-18670,Central,OFF-LA-10002475,Office Supplies,0.0,0.0,2016
2016-11-20,944.93,7,NP-18670,Central,TEC-PH-10004536,Technology,0.0,0.0,2016
2016-05-11,5.98,1,TT-21070,West,OFF-PA-10002751,Office Supplies,0.0,0.0,2016
2016-11-16,28.4,5,RD-19900,West,OFF-EN-10001990,Office Supplies,0.0,0.0,2016
2016-11-07,27.68,2,MJ-17740,West,OFF-BI-10004002,Office Supplies,0.2,-5.536,2016
2016-11-28,7.16,2,SK-19990,East,OFF-BI-10001890,Office Supplies,0.0,0.0,2016
2016-07-16,37.224,3,AM-10360,Central,OFF-ST-10001328,Office Supplies,0.2,-7.4448,2016
2016-07-16,20.016,3,AM-10360,Central,OFF-PA-10001950,Office Supplies,0.2,-4.0032,2016
2016-10-28,93.06,6,JH-15910,West,OFF-ST-10001328,Office Supplies,0.0,0.0,2016
2016-10-28,302.376,3,JH-15910,West,TEC-PH-10002563,Technology,0.2,-60.4752,2016
2016-06-04,25.92,5,KL-16645,Central,OFF-PA-10003349,Office Supplies,0.2,-5.184000000000001,2016
2016-06-04,419.68,5,KL-16645,Central,FUR-FU-10000576,Furniture,0.6,-251.808,2016
2016-06-04,11.688,3,KL-16645,Central,FUR-FU-10004351,Furniture,0.6,-7.0128,2016
2016-06-04,31.984,2,KL-16645,Central,TEC-PH-10000011,Technology,0.2,-6.396800000000001,2016
2016-06-04,177.225,5,KL-16645,Central,FUR-TA-10002607,Furniture,0.5,-88.6125,2016
2016-06-04,4.044,3,KL-16645,Central,FUR-FU-10002505,Furniture,0.6,-2.4264,2016
2016-06-04,7.408,2,KL-16645,Central,OFF-AR-10004685,Office Supplies,0.2,-1.4816,2016
2016-12-10,321.568,2,LH-17155,West,FUR-CH-10002965,Furniture,0.2,-64.3136,2016
2016-09-11,7.61,1,KC-16540,West,OFF-PA-10004569,Office Supplies,0.0,0.0,2016
2016-09-11,3347.37,13,KC-16540,West,TEC-AC-10003832,Technology,0.0,0.0,2016
2016-12-10,80.58,6,DL-13315,East,OFF-ST-10001228,Office Supplies,0.0,0.0,2016
2016-12-10,361.92,4,DL-13315,East,OFF-EN-10003296,Office Supplies,0.0,0.0,2016
2016-06-06,328.224,4,RC-19825,Central,TEC-PH-10001433,Technology,0.2,-65.6448,2016
2016-01-22,7.56,6,PG-18895,East,OFF-FA-10003472,Office Supplies,0.0,0.0,2016
2016-12-18,254.058,7,AH-10195,South,OFF-BI-10000778,Office Supplies,0.7,-177.8406,2016
2016-12-18,194.528,2,AH-10195,South,OFF-AP-10002684,Office Supplies,0.2,-38.9056,2016
2016-12-18,961.48,5,AH-10195,South,OFF-SU-10000646,Office Supplies,0.2,-192.296,2016
2016-11-20,19.096,7,NZ-18565,East,OFF-FA-10002983,Office Supplies,0.2,-3.8192,2016
2016-11-20,18.496,8,NZ-18565,East,OFF-LA-10004689,Office Supplies,0.2,-3.6992,2016
2016-11-20,255.984,2,NZ-18565,East,TEC-AC-10002001,Technology,0.2,-51.1968,2016
2016-11-20,86.97,3,NZ-18565,East,FUR-BO-10004709,Furniture,0.5,-43.485,2016
2016-10-28,32.4,5,JD-15895,East,OFF-PA-10002105,Office Supplies,0.0,0.0,2016
2016-10-28,1082.48,8,JD-15895,East,OFF-ST-10002756,Office Supplies,0.0,0.0,2016
2016-10-28,56.91,3,JD-15895,East,OFF-PA-10004243,Office Supplies,0.0,0.0,2016
2016-10-28,77.6,4,JD-15895,East,FUR-FU-10001861,Furniture,0.0,0.0,2016
2016-10-28,14.28,1,JD-15895,East,OFF-BI-10002706,Office Supplies,0.0,0.0,2016
2016-09-12,15.136,4,BP-11185,West,FUR-FU-10001918,Furniture,0.2,-3.0272,2016
2016-09-12,466.768,2,BP-11185,West,FUR-CH-10004086,Furniture,0.2,-93.3536,2016
2016-09-12,15.232,1,BP-11185,West,FUR-FU-10001756,Furniture,0.2,-3.0464,2016
2016-09-12,6.264,3,BP-11185,West,OFF-LA-10000634,Office Supplies,0.2,-1.2528,2016
2016-04-23,251.52,6,GK-14620,West,OFF-BI-10004593,Office Supplies,0.2,-50.304,2016
2016-04-23,99.99,1,GK-14620,West,TEC-AC-10001908,Technology,0.0,0.0,2016
2016-08-30,290.898,3,PO-18850,East,TEC-PH-10003645,Technology,0.4,-116.3592,2016
2016-08-30,54.224,2,PO-18850,East,OFF-ST-10000675,Office Supplies,0.2,-10.8448,2016
2016-08-30,786.744,4,PO-18850,East,FUR-CH-10003312,Furniture,0.3,-236.0232,2016
2016-08-30,100.24,10,PO-18850,East,OFF-LA-10001074,Office Supplies,0.2,-20.048,2016
2016-08-30,37.764,6,PO-18850,East,OFF-BI-10001524,Office Supplies,0.7,-26.4348,2016
2016-04-25,82.8,2,JL-15850,East,TEC-PH-10004614,Technology,0.4,-33.12,2016
2016-04-25,20.724,2,JL-15850,East,OFF-BI-10001153,Office Supplies,0.7,-14.5068,2016
2016-04-25,4.896,3,JL-15850,East,OFF-BI-10001982,Office Supplies,0.7,-3.4272,2016
2016-09-01,6.79,1,AB-10060,East,TEC-AC-10000290,Technology,0.0,0.0,2016
2016-09-01,24.56,2,AB-10060,East,OFF-PA-10001970,Office Supplies,0.0,0.0,2016
2016-09-01,3.048,1,AB-10060,East,OFF-BI-10002160,Office Supplies,0.2,-0.6096,2016
2016-09-01,49.12,4,AB-10060,East,OFF-PA-10001970,Office Supplies,0.0,0.0,2016
2016-09-01,4355.168,4,AB-10060,East,OFF-BI-10004995,Office Supplies,0.2,-871.0336,2016
2016-04-08,388.704,6,JL-15505,East,FUR-BO-10002268,Furniture,0.2,-77.74080000000001,2016
2016-04-08,8.26,2,JL-15505,East,OFF-EN-10001137,Office Supplies,0.0,0.0,2016
2016-04-08,17.04,4,JL-15505,East,OFF-AR-10002399,Office Supplies,0.0,0.0,2016
2016-04-08,34.4,5,JL-15505,East,OFF-PA-10002713,Office Supplies,0.0,0.0,2016
2016-04-23,36.24,5,HK-14890,South,OFF-PA-10002666,Office Supplies,0.2,-7.248000000000001,2016
2016-10-21,23.2,4,MK-17905,East,OFF-BI-10002412,Office Supplies,0.0,0.0,2016
2016-10-21,7.36,2,MK-17905,East,OFF-SU-10001225,Office Supplies,0.0,0.0,2016
2016-10-21,104.79,7,MK-17905,East,OFF-ST-10002406,Office Supplies,0.0,0.0,2016
2016-10-21,1043.92,4,MK-17905,East,FUR-BO-10002545,Furniture,0.0,0.0,2016
2016-09-28,99.136,4,MM-18280,Central,OFF-PA-10003039,Office Supplies,0.2,-19.8272,2016
2016-10-28,50.96,7,AS-10285,West,OFF-PA-10004734,Office Supplies,0.0,0.0,2016
2016-10-28,49.536,3,AS-10285,West,OFF-BI-10002225,Office Supplies,0.2,-9.907200000000001,2016
2016-09-08,35.952,3,AG-10675,Central,OFF-ST-10001580,Office Supplies,0.2,-7.1904,2016
2016-09-08,2396.2656,4,AG-10675,Central,FUR-BO-10004834,Furniture,0.32,-766.8049920000001,2016
2016-09-08,131.136,4,AG-10675,Central,OFF-ST-10000934,Office Supplies,0.2,-26.2272,2016
2016-09-08,57.584,2,AG-10675,Central,TEC-AC-10000158,Technology,0.2,-11.5168,2016
2016-04-14,383.8,5,PB-19150,West,FUR-CH-10004886,Furniture,0.2,-76.76,2016
2016-04-15,189.588,2,RB-19795,South,OFF-BI-10004584,Office Supplies,0.7,-132.7116,2016
2016-04-15,408.744,7,RB-19795,South,TEC-AC-10004659,Technology,0.2,-81.74880000000002,2016
2016-04-15,291.96,5,RB-19795,South,TEC-AC-10004659,Technology,0.2,-58.392,2016
2016-04-15,4.768,2,RB-19795,South,OFF-ST-10000617,Office Supplies,0.2,-0.9536,2016
2016-06-06,714.3,5,DB-13060,East,OFF-ST-10003306,Office Supplies,0.0,0.0,2016
2016-06-12,1007.979,3,PO-19180,Central,TEC-MA-10002937,Technology,0.3,-302.3937,2016
2016-06-12,313.488,7,PO-19180,Central,OFF-PA-10001970,Office Supplies,0.2,-62.6976,2016
2016-09-05,12.22,1,PK-19075,Central,FUR-FU-10000246,Furniture,0.0,0.0,2016
2016-09-05,194.94,3,PK-19075,Central,OFF-ST-10000060,Office Supplies,0.0,0.0,2016
2016-09-05,70.95,3,PK-19075,Central,OFF-ST-10003058,Office Supplies,0.0,0.0,2016
2016-09-05,91.36,4,PK-19075,Central,OFF-PA-10002222,Office Supplies,0.0,0.0,2016
2016-09-05,242.94,3,PK-19075,Central,FUR-CH-10002372,Furniture,0.0,0.0,2016
2016-09-05,22.05,7,PK-19075,Central,OFF-LA-10001317,Office Supplies,0.0,0.0,2016
2016-04-01,59.52,3,RB-19360,East,OFF-AR-10000588,Office Supplies,0.0,0.0,2016
2016-04-01,161.94,3,RB-19360,East,OFF-ST-10001469,Office Supplies,0.0,0.0,2016
2016-04-01,263.88,6,RB-19360,East,OFF-AR-10001953,Office Supplies,0.0,0.0,2016
2016-04-01,30.48,3,RB-19360,East,OFF-AR-10003156,Office Supplies,0.0,0.0,2016
2016-04-01,9.84,3,RB-19360,East,OFF-AR-10004974,Office Supplies,0.0,0.0,2016
2016-04-01,35.12,4,RB-19360,East,TEC-PH-10002365,Technology,0.0,0.0,2016
2016-12-13,63.88,4,KH-16630,Central,TEC-AC-10001772,Technology,0.0,0.0,2016
2016-09-26,747.558,3,NF-18385,Central,FUR-CH-10002331,Furniture,0.3,-224.2674,2016
2016-09-26,8.928,2,NF-18385,Central,OFF-EN-10001415,Office Supplies,0.2,-1.7856,2016
2016-04-22,23.56,5,TN-21040,West,FUR-FU-10000023,Furniture,0.2,-4.712,2016
2016-04-22,1272.63,6,TN-21040,West,FUR-TA-10001889,Furniture,0.5,-636.315,2016
2016-04-22,28.485,5,TN-21040,West,OFF-BI-10000315,Office Supplies,0.7,-19.9395,2016
2016-04-22,185.376,2,TN-21040,West,OFF-SU-10003505,Office Supplies,0.2,-37.0752,2016
2016-04-22,78.272,2,TN-21040,West,OFF-AP-10002578,Office Supplies,0.2,-15.6544,2016
2016-12-16,4.788,3,CC-12670,Central,OFF-BI-10002194,Office Supplies,0.8,-3.8304,2016
2016-07-12,95.76,6,KH-16690,West,TEC-PH-10000149,Technology,0.2,-19.152,2016
2016-10-27,40.2,3,JE-15475,East,FUR-FU-10002671,Furniture,0.0,0.0,2016
2016-06-26,14.7,5,JG-15805,East,OFF-AR-10003045,Office Supplies,0.0,0.0,2016
2016-06-26,704.25,5,JG-15805,East,OFF-ST-10000689,Office Supplies,0.0,0.0,2016
2016-05-09,93.98,2,SS-20590,West,TEC-AC-10000991,Technology,0.0,0.0,2016
2016-03-18,189.882,3,RO-19780,South,FUR-TA-10001857,Furniture,0.4,-75.95280000000001,2016
2016-07-25,119.616,8,SC-20095,West,OFF-BI-10002498,Office Supplies,0.2,-23.9232,2016
2016-07-25,255.76,4,SC-20095,West,FUR-FU-10004864,Furniture,0.0,0.0,2016
2016-07-25,241.568,2,SC-20095,West,FUR-CH-10002602,Furniture,0.2,-48.31360000000001,2016
2016-07-25,69.3,9,SC-20095,West,FUR-FU-10000073,Furniture,0.0,0.0,2016
2016-05-30,22.62,2,MY-17380,West,OFF-BI-10001670,Office Supplies,0.7,-15.834,2016
2016-05-30,14.952,2,MY-17380,West,OFF-BI-10001658,Office Supplies,0.7,-10.4664,2016
2016-05-30,801.568,2,MY-17380,West,FUR-CH-10001215,Furniture,0.2,-160.3136,2016
2016-05-30,2.376,3,MY-17380,West,OFF-BI-10000831,Office Supplies,0.7,-1.6632,2016
2016-05-30,32.792,1,MY-17380,West,OFF-PA-10000357,Office Supplies,0.2,-6.558400000000001,2016
2016-10-20,7.152,3,LF-17185,East,OFF-AR-10002053,Office Supplies,0.2,-1.4304,2016
2016-05-21,55.176,3,LH-17155,West,TEC-PH-10003555,Technology,0.2,-11.0352,2016
2016-05-21,66.26,2,LH-17155,West,TEC-AC-10003832,Technology,0.0,0.0,2016
2016-05-29,979.95,5,RL-19615,South,TEC-PH-10000984,Technology,0.0,0.0,2016
2016-05-29,22.75,5,RL-19615,South,OFF-BI-10002557,Office Supplies,0.0,0.0,2016
2016-07-10,16.768,2,AA-10375,West,OFF-ST-10001325,Office Supplies,0.2,-3.3536,2016
2016-07-14,380.864,8,ES-14080,West,TEC-PH-10002262,Technology,0.2,-76.1728,2016
2016-04-15,1121.568,2,BD-11320,West,FUR-CH-10002024,Furniture,0.2,-224.3136,2016
2016-06-10,20.7,2,OT-18730,West,OFF-LA-10001297,Office Supplies,0.0,0.0,2016
2016-06-10,1335.68,4,OT-18730,West,FUR-TA-10004256,Furniture,0.2,-267.136,2016
2016-06-10,32.4,5,OT-18730,West,OFF-PA-10003441,Office Supplies,0.0,0.0,2016
2016-11-03,8.82,3,SF-20200,West,OFF-AR-10003394,Office Supplies,0.0,0.0,2016
2016-03-20,84.784,2,ZC-21910,West,TEC-PH-10003800,Technology,0.2,-16.9568,2016
2016-03-20,20.736,4,ZC-21910,West,OFF-PA-10002005,Office Supplies,0.2,-4.147200000000001,2016
2016-03-20,16.821,3,ZC-21910,West,OFF-BI-10002498,Office Supplies,0.7,-11.7747,2016
2016-03-20,10.368,2,ZC-21910,West,OFF-PA-10004101,Office Supplies,0.2,-2.0736,2016
2016-07-14,11.632,2,TP-21130,East,OFF-SU-10004115,Office Supplies,0.2,-2.3264,2016
2016-07-16,143.982,3,CK-12205,East,TEC-PH-10001425,Technology,0.4,-57.5928,2016
2016-07-16,494.376,4,CK-12205,East,TEC-PH-10003963,Technology,0.4,-197.7504,2016
2016-07-16,5.84,2,CK-12205,East,OFF-SU-10001574,Office Supplies,0.2,-1.168,2016
2016-04-28,369.576,3,NB-18655,Central,TEC-PH-10003012,Technology,0.2,-73.91520000000001,2016
2016-04-28,15.712,4,NB-18655,Central,OFF-LA-10004345,Office Supplies,0.2,-3.1424,2016
2016-09-11,8.448,2,GD-14590,East,OFF-PA-10001204,Office Supplies,0.2,-1.6896,2016
2016-09-11,728.946,9,GD-14590,East,TEC-PH-10004667,Technology,0.4,-291.5784,2016
2016-12-11,243.384,3,FM-14380,West,OFF-ST-10001963,Office Supplies,0.2,-48.6768,2016
2016-12-11,119.8,5,FM-14380,West,TEC-AC-10001267,Technology,0.2,-23.96,2016
2016-12-11,300.768,4,FM-14380,West,TEC-PH-10002103,Technology,0.2,-60.1536,2016
2016-08-15,18.882,3,ME-17725,West,OFF-BI-10001989,Office Supplies,0.7,-13.2174,2016
2016-08-15,122.328,3,ME-17725,West,OFF-AP-10003287,Office Supplies,0.2,-24.4656,2016
2016-05-20,1049.2,5,RB-19465,West,FUR-FU-10000576,Furniture,0.0,0.0,2016
2016-05-20,15.424,4,RB-19465,West,OFF-BI-10004728,Office Supplies,0.2,-3.0848,2016
2016-12-18,18.84,3,JD-16150,Central,FUR-FU-10000732,Furniture,0.0,0.0,2016
2016-04-01,31.56,5,BB-10990,West,OFF-FA-10003112,Office Supplies,0.2,-6.312,2016
2016-04-01,30.144,2,BB-10990,West,OFF-AP-10002350,Office Supplies,0.2,-6.0288,2016
2016-12-11,14.8,4,AR-10825,West,FUR-FU-10001935,Furniture,0.0,0.0,2016
2016-12-11,302.376,3,AR-10825,West,TEC-PH-10003273,Technology,0.2,-60.4752,2016
2016-12-11,316.0,4,AR-10825,West,TEC-AC-10001142,Technology,0.0,0.0,2016
2016-10-23,379.4,10,SR-20740,East,OFF-PA-10000482,Office Supplies,0.0,0.0,2016
2016-08-22,113.552,2,CR-12730,East,OFF-AP-10002439,Office Supplies,0.2,-22.7104,2016
2016-08-22,3.318,2,CR-12730,East,OFF-BI-10002827,Office Supplies,0.7,-2.3226,2016
2016-08-22,134.288,2,CR-12730,East,OFF-EN-10002230,Office Supplies,0.2,-26.85760000000001,2016
2016-09-19,701.372,2,EH-14125,Central,FUR-CH-10001215,Furniture,0.3,-210.4116,2016
2016-09-19,2.308,2,EH-14125,Central,OFF-BI-10004654,Office Supplies,0.8,-1.8464,2016
2016-03-26,459.95,5,SP-20545,East,OFF-ST-10001522,Office Supplies,0.0,0.0,2016
2016-11-04,10.74,3,RC-19825,South,OFF-FA-10000621,Office Supplies,0.0,0.0,2016
2016-11-19,14.352,3,DJ-13630,East,OFF-BI-10003305,Office Supplies,0.2,-2.8704,2016
2016-11-19,64.96,2,DJ-13630,East,OFF-ST-10002583,Office Supplies,0.0,0.0,2016
2016-11-19,68.6,4,DJ-13630,East,OFF-ST-10004507,Office Supplies,0.0,0.0,2016
2016-11-04,209.88,3,AS-10285,West,FUR-FU-10003394,Furniture,0.0,0.0,2016
2016-02-13,146.82,3,RD-19810,West,OFF-PA-10004092,Office Supplies,0.0,0.0,2016
2016-12-15,1652.94,3,MP-17965,Central,FUR-TA-10000198,Furniture,0.0,0.0,2016
2016-12-15,296.37,3,MP-17965,Central,OFF-ST-10000036,Office Supplies,0.0,0.0,2016
2016-07-07,45.584,7,SC-20695,South,OFF-SU-10004664,Office Supplies,0.2,-9.116800000000001,2016
2016-12-03,182.72,8,EG-13900,East,OFF-PA-10001954,Office Supplies,0.0,0.0,2016
2016-12-03,400.032,2,EG-13900,East,FUR-TA-10002228,Furniture,0.4,-160.0128,2016
2016-12-03,33.63,3,EG-13900,East,OFF-ST-10004634,Office Supplies,0.0,0.0,2016
2016-12-03,542.646,3,EG-13900,East,FUR-CH-10002965,Furniture,0.1,-54.2646,2016
2016-12-03,6.3,2,EG-13900,East,OFF-LA-10001317,Office Supplies,0.0,0.0,2016
2016-08-27,51.52,5,SS-20875,Central,OFF-SU-10004498,Office Supplies,0.2,-10.304,2016
2016-08-27,3.528,1,SS-20875,Central,OFF-PA-10002615,Office Supplies,0.2,-0.7056,2016
2016-08-27,4.624,1,SS-20875,Central,OFF-PA-10004971,Office Supplies,0.2,-0.9248,2016
2016-08-27,55.168,4,SS-20875,Central,OFF-SU-10004261,Office Supplies,0.2,-11.0336,2016
2016-03-20,11.992,1,PB-19105,Central,TEC-PH-10000004,Technology,0.2,-2.3984,2016
2016-04-07,1199.976,3,YC-21895,West,TEC-CO-10002095,Technology,0.2,-239.9952,2016
2016-09-18,383.438,4,NB-18655,South,FUR-TA-10001095,Furniture,0.45,-172.5471,2016
2016-05-19,641.96,2,LE-16810,South,FUR-CH-10003746,Furniture,0.0,0.0,2016
2016-05-20,1363.96,5,JK-15730,South,TEC-PH-10001530,Technology,0.2,-272.792,2016
2016-08-18,355.32,9,HW-14935,East,OFF-AP-10000576,Office Supplies,0.0,0.0,2016
2016-03-12,12.96,2,MC-18130,South,OFF-PA-10003953,Office Supplies,0.0,0.0,2016
2016-09-15,5.344,1,DB-13210,East,OFF-PA-10003651,Office Supplies,0.2,-1.0688,2016
2016-07-23,35.216,2,JB-15400,South,OFF-AR-10002956,Office Supplies,0.2,-7.043200000000001,2016
2016-07-23,23.696,2,JB-15400,South,OFF-AP-10003266,Office Supplies,0.2,-4.7392,2016
2016-07-23,265.475,1,JB-15400,South,TEC-MA-10004002,Technology,0.5,-132.7375,2016
2016-03-07,21.072,3,EB-13705,Central,TEC-PH-10002365,Technology,0.2,-4.2144,2016
2016-11-07,37.44,4,EM-14095,West,OFF-BI-10001294,Office Supplies,0.2,-7.488,2016
2016-11-07,26.976,4,EM-14095,West,OFF-BI-10001636,Office Supplies,0.2,-5.3952,2016
2016-11-07,11.36,2,EM-14095,West,OFF-SU-10002503,Office Supplies,0.0,0.0,2016
2016-11-07,14.62,2,EM-14095,West,OFF-LA-10004093,Office Supplies,0.0,0.0,2016
2016-06-20,5.16,2,DP-13105,West,OFF-AR-10002335,Office Supplies,0.0,0.0,2016
2016-06-20,38.88,6,DP-13105,West,OFF-PA-10001870,Office Supplies,0.0,0.0,2016
2016-05-28,185.88,6,VD-21670,South,OFF-AR-10003373,Office Supplies,0.0,0.0,2016
2016-02-19,44.46,2,GT-14710,East,FUR-FU-10004090,Furniture,0.0,0.0,2016
2016-02-19,242.94,3,GT-14710,East,OFF-ST-10000736,Office Supplies,0.0,0.0,2016
2016-01-05,191.472,6,AJ-10795,South,TEC-AC-10001714,Technology,0.2,-38.2944,2016
2016-01-05,5.248,2,AJ-10795,South,OFF-AR-10003958,Office Supplies,0.2,-1.0496,2016
2016-01-05,59.184,2,AJ-10795,South,TEC-PH-10002923,Technology,0.2,-11.8368,2016
2016-09-29,15.936,4,LS-16945,East,OFF-LA-10004853,Office Supplies,0.2,-3.1872,2016
2016-09-03,1141.47,5,PK-18910,East,OFF-BI-10000545,Office Supplies,0.7,-799.029,2016
2016-09-03,280.782,3,PK-18910,East,TEC-PH-10002496,Technology,0.4,-112.3128,2016
2016-01-17,322.59,3,CC-12430,East,FUR-FU-10004017,Furniture,0.0,0.0,2016
2016-01-17,29.99,1,CC-12430,East,TEC-AC-10003628,Technology,0.0,0.0,2016
2016-01-17,371.97,3,CC-12430,East,TEC-AC-10002049,Technology,0.0,0.0,2016
2016-10-22,31.4,5,PM-19135,Central,FUR-FU-10000732,Furniture,0.0,0.0,2016
2016-11-10,155.82,7,PC-18745,West,OFF-ST-10002205,Office Supplies,0.0,0.0,2016
2016-11-10,70.008,3,PC-18745,West,OFF-BI-10003364,Office Supplies,0.2,-14.0016,2016
2016-10-03,15.648,2,HL-15040,Central,OFF-EN-10001099,Office Supplies,0.2,-3.1296,2016
2016-04-10,8.904,2,JR-16210,East,OFF-BI-10004716,Office Supplies,0.7,-6.232799999999999,2016
2016-04-08,20.04,3,LC-17140,West,OFF-PA-10002947,Office Supplies,0.0,0.0,2016
2016-04-08,64.96,2,LC-17140,West,OFF-ST-10002583,Office Supplies,0.0,0.0,2016
2016-04-08,12.96,2,LC-17140,West,OFF-PA-10000019,Office Supplies,0.0,0.0,2016
2016-03-05,149.352,3,RW-19630,Central,OFF-EN-10000056,Office Supplies,0.2,-29.8704,2016
2016-03-05,12.992,1,RW-19630,Central,OFF-ST-10001558,Office Supplies,0.2,-2.5984,2016
2016-09-15,841.568,2,AH-10075,East,OFF-BI-10003650,Office Supplies,0.2,-168.3136,2016
2016-06-20,45.056,8,CG-12040,East,OFF-PA-10001745,Office Supplies,0.2,-9.0112,2016
2016-06-20,29.718,6,CG-12040,East,OFF-BI-10004826,Office Supplies,0.7,-20.8026,2016
2016-06-20,15.552,3,CG-12040,East,OFF-PA-10001870,Office Supplies,0.2,-3.1104,2016
2016-06-20,447.696,2,CG-12040,East,OFF-AP-10001058,Office Supplies,0.2,-89.53920000000001,2016
2016-06-19,17.12,2,KC-16255,West,OFF-PA-10000350,Office Supplies,0.0,0.0,2016
2016-12-13,6.096,2,RW-19630,West,OFF-BI-10001759,Office Supplies,0.2,-1.2192,2016
2016-12-13,1114.272,4,RW-19630,West,FUR-TA-10000577,Furniture,0.2,-222.8544,2016
2016-09-01,21.88,2,CV-12805,West,OFF-EN-10001335,Office Supplies,0.0,0.0,2016
2016-05-30,3.282,2,RW-19690,South,OFF-BI-10000848,Office Supplies,0.7,-2.2974,2016
2016-10-03,599.292,6,EB-13870,East,FUR-CH-10003199,Furniture,0.1,-59.92920000000001,2016
2016-09-09,14.624,2,TS-21610,East,OFF-BI-10001036,Office Supplies,0.2,-2.9248,2016
2016-08-26,10.23,3,RF-19735,West,OFF-FA-10002983,Office Supplies,0.0,0.0,2016
2016-08-26,154.9,5,RF-19735,West,OFF-PA-10003625,Office Supplies,0.0,0.0,2016
2016-11-13,44.02,2,FM-14290,West,OFF-AR-10002956,Office Supplies,0.0,0.0,2016
2016-01-11,15.552,3,DE-13255,East,OFF-PA-10001166,Office Supplies,0.2,-3.1104,2016
2016-01-11,63.312,3,DE-13255,East,OFF-PA-10003656,Office Supplies,0.2,-12.6624,2016
2016-01-11,15.588,2,DE-13255,East,TEC-PH-10000148,Technology,0.4,-6.2352,2016
2016-11-20,15.696,3,AG-10390,East,OFF-PA-10000955,Office Supplies,0.2,-3.1392,2016
2016-11-20,2.628,2,AG-10390,East,OFF-BI-10003460,Office Supplies,0.7,-1.8396,2016
2016-11-20,14.427,3,AG-10390,East,OFF-BI-10000474,Office Supplies,0.7,-10.0989,2016
2016-04-22,86.62,2,EL-13735,Central,FUR-FU-10003975,Furniture,0.0,0.0,2016
2016-03-20,697.16,4,RD-19660,Central,FUR-TA-10001095,Furniture,0.0,0.0,2016
2016-09-06,31.86,2,MO-17500,East,TEC-AC-10004761,Technology,0.0,0.0,2016
2016-09-06,722.352,3,MO-17500,East,FUR-BO-10001811,Furniture,0.2,-144.4704,2016
2016-03-08,1363.96,5,ZC-21910,South,TEC-PH-10001530,Technology,0.2,-272.792,2016
2016-03-08,102.36,3,ZC-21910,South,FUR-FU-10004006,Furniture,0.2,-20.472,2016
2016-11-24,4.416,3,MG-17650,East,OFF-FA-10001754,Office Supplies,0.2,-0.8832000000000001,2016
2016-10-01,194.848,4,BD-11620,West,FUR-CH-10001146,Furniture,0.2,-38.96960000000001,2016
2016-04-28,29.472,3,EH-14005,West,OFF-PA-10001970,Office Supplies,0.2,-5.894400000000001,2016
2016-11-12,6.27,5,MS-17710,West,OFF-BI-10003727,Office Supplies,0.7,-4.388999999999999,2016
2016-11-12,4.368,7,MS-17710,West,OFF-BI-10004967,Office Supplies,0.7,-3.0576,2016
2016-11-12,31.984,2,MS-17710,West,TEC-AC-10003447,Technology,0.2,-6.396800000000001,2016
2016-09-29,40.88,7,CC-12100,Central,OFF-AR-10000255,Office Supplies,0.0,0.0,2016
2016-03-01,836.592,8,KD-16270,East,FUR-TA-10001095,Furniture,0.4,-334.6368,2016
2016-03-01,26.38,1,KD-16270,East,OFF-PA-10003127,Office Supplies,0.0,0.0,2016
2016-03-01,362.92,2,KD-16270,East,OFF-ST-10003208,Office Supplies,0.0,0.0,2016
2016-03-01,4899.93,7,KD-16270,East,TEC-MA-10003979,Technology,0.0,0.0,2016
2016-08-12,6.48,1,LC-16870,Central,OFF-PA-10000029,Office Supplies,0.0,0.0,2016
2016-08-15,71.976,3,CY-12745,West,TEC-PH-10004896,Technology,0.2,-14.3952,2016
2016-08-15,3.15,1,CY-12745,West,OFF-LA-10000452,Office Supplies,0.0,0.0,2016
2016-06-14,7.04,4,PV-18985,West,OFF-AR-10001545,Office Supplies,0.0,0.0,2016
2016-06-14,8.73,3,PV-18985,West,FUR-FU-10000206,Furniture,0.0,0.0,2016
2016-06-14,29.29,1,PV-18985,West,TEC-AC-10001013,Technology,0.0,0.0,2016
2016-06-14,8.64,3,PV-18985,West,OFF-AR-10002255,Office Supplies,0.0,0.0,2016
2016-10-21,22.92,3,NM-18520,West,OFF-PA-10001892,Office Supplies,0.0,0.0,2016
2016-11-19,100.704,6,EH-13945,Central,OFF-ST-10000642,Office Supplies,0.2,-20.1408,2016
2016-11-19,2.328,2,EH-13945,Central,FUR-FU-10000206,Furniture,0.6,-1.3968,2016
2016-11-19,10.78,5,EH-13945,Central,OFF-BI-10003676,Office Supplies,0.8,-8.624,2016
2016-11-19,58.368,12,EH-13945,Central,OFF-FA-10003495,Office Supplies,0.2,-11.6736,2016
2016-11-19,40.968,3,EH-13945,Central,OFF-EN-10003798,Office Supplies,0.2,-8.193600000000002,2016
2016-11-19,71.96,5,EH-13945,Central,TEC-PH-10003589,Technology,0.2,-14.392,2016
2016-11-19,10.368,2,EH-13945,Central,OFF-PA-10004735,Office Supplies,0.2,-2.0736,2016
2016-11-19,1.192,2,EH-13945,Central,OFF-BI-10002609,Office Supplies,0.8,-0.9536,2016
2016-07-22,6.3,2,DL-13495,West,OFF-LA-10003766,Office Supplies,0.0,0.0,2016
2016-04-12,343.92,4,BD-11605,South,FUR-TA-10004086,Furniture,0.0,0.0,2016
2016-04-12,40.99,1,BD-11605,South,OFF-PA-10000100,Office Supplies,0.0,0.0,2016
2016-04-12,63.9,5,BD-11605,South,OFF-EN-10002500,Office Supplies,0.0,0.0,2016
2016-12-06,19.44,3,GG-14650,West,OFF-PA-10004100,Office Supplies,0.0,0.0,2016
2016-06-05,124.608,4,JS-15940,East,OFF-ST-10003479,Office Supplies,0.2,-24.9216,2016
2016-06-05,7.56,3,JS-15940,East,OFF-LA-10000973,Office Supplies,0.2,-1.512,2016
2016-12-11,85.224,3,LR-16915,South,OFF-ST-10001476,Office Supplies,0.2,-17.0448,2016
2016-11-12,287.52,8,FH-14275,Central,OFF-EN-10002831,Office Supplies,0.0,0.0,2016
2016-11-12,37.68,2,FH-14275,Central,OFF-AP-10002350,Office Supplies,0.0,0.0,2016
2016-11-12,19.98,2,FH-14275,Central,OFF-PA-10001763,Office Supplies,0.0,0.0,2016
2016-11-12,20.58,7,FH-14275,Central,OFF-AR-10003394,Office Supplies,0.0,0.0,2016
2016-11-12,17.38,2,FH-14275,Central,OFF-BI-10002072,Office Supplies,0.0,0.0,2016
2016-12-31,3.64,2,KL-16555,West,OFF-AR-10003759,Office Supplies,0.0,0.0,2016
2016-12-31,159.768,7,KL-16555,West,OFF-BI-10003984,Office Supplies,0.2,-31.9536,2016
2016-07-02,195.184,1,GB-14530,West,FUR-CH-10002126,Furniture,0.2,-39.0368,2016
2016-08-29,27.93,3,AB-10060,East,OFF-SU-10000381,Office Supplies,0.0,0.0,2016
2016-12-01,172.5,2,JE-15745,East,FUR-CH-10001270,Furniture,0.0,0.0,2016
2016-12-01,179.97,3,JE-15745,East,TEC-PH-10003931,Technology,0.0,0.0,2016
2016-04-24,258.696,3,CA-12055,Central,TEC-AC-10003174,Technology,0.2,-51.73920000000001,2016
2016-04-08,431.928,9,ZC-21910,Central,TEC-AC-10001990,Technology,0.2,-86.38560000000001,2016
2016-04-08,95.984,4,ZC-21910,Central,FUR-CH-10004540,Furniture,0.3,-28.7952,2016
2016-04-08,1088.792,4,ZC-21910,Central,OFF-BI-10004995,Office Supplies,0.8,-871.0336,2016
2016-07-18,544.008,3,LS-16945,West,FUR-CH-10002335,Furniture,0.2,-108.8016,2016
2016-07-18,1.872,3,LS-16945,West,OFF-BI-10004967,Office Supplies,0.7,-1.3104,2016
2016-07-18,854.352,3,LS-16945,West,FUR-CH-10002331,Furniture,0.2,-170.8704,2016
2016-07-18,593.568,2,LS-16945,West,OFF-ST-10002292,Office Supplies,0.2,-118.7136,2016
2016-07-18,338.04,3,LS-16945,West,OFF-ST-10000689,Office Supplies,0.2,-67.608,2016
2016-07-14,11.21,1,SW-20755,East,OFF-ST-10004634,Office Supplies,0.0,0.0,2016
2016-07-14,9.144,3,SW-20755,East,OFF-BI-10002160,Office Supplies,0.2,-1.8288,2016
2016-07-14,14.07,7,SW-20755,East,OFF-FA-10002988,Office Supplies,0.0,0.0,2016
2016-07-14,41.86,7,SW-20755,East,OFF-AR-10004999,Office Supplies,0.0,0.0,2016
2016-07-14,8.544,2,SW-20755,East,OFF-BI-10001031,Office Supplies,0.2,-1.7088,2016
2016-07-14,579.136,4,SW-20755,East,FUR-BO-10004695,Furniture,0.2,-115.8272,2016
2016-12-04,113.79,3,BM-11140,East,FUR-FU-10001602,Furniture,0.0,0.0,2016
2016-12-04,78.15,1,BM-11140,East,TEC-AC-10001432,Technology,0.0,0.0,2016
2016-12-04,1.728,1,BM-11140,East,OFF-BI-10004656,Office Supplies,0.2,-0.3456,2016
2016-12-04,40.56,4,BM-11140,East,OFF-PA-10001685,Office Supplies,0.0,0.0,2016
2016-12-04,182.94,3,BM-11140,East,OFF-ST-10001418,Office Supplies,0.0,0.0,2016
2016-12-04,193.86,2,BM-11140,East,OFF-ST-10000676,Office Supplies,0.0,0.0,2016
2016-05-30,839.988,2,BG-11695,East,TEC-CO-10001046,Technology,0.4,-335.9952000000001,2016
2016-10-28,47.952,3,PG-18820,South,FUR-FU-10000076,Furniture,0.2,-9.5904,2016
2016-10-28,37.425,5,PG-18820,South,OFF-BI-10003719,Office Supplies,0.7,-26.1975,2016
2016-10-28,63.968,2,PG-18820,South,FUR-FU-10003268,Furniture,0.2,-12.7936,2016
2016-10-28,165.048,3,PG-18820,South,FUR-FU-10003553,Furniture,0.2,-33.0096,2016
2016-08-29,22.0,4,MO-17800,East,TEC-PH-10003442,Technology,0.0,0.0,2016
2016-02-15,398.352,3,PG-18820,East,OFF-BI-10004519,Office Supplies,0.2,-79.6704,2016
2016-02-15,8.72,4,PG-18820,East,OFF-FA-10000304,Office Supplies,0.0,0.0,2016
2016-12-24,27.882,3,RB-19795,South,OFF-BI-10001575,Office Supplies,0.7,-19.5174,2016
2016-12-24,540.048,3,RB-19795,South,OFF-ST-10003716,Office Supplies,0.2,-108.0096,2016
2016-12-24,255.68,8,RB-19795,South,TEC-AC-10004469,Technology,0.2,-51.136,2016
2016-10-28,17.616,4,SM-20950,South,OFF-BI-10004236,Office Supplies,0.7,-12.3312,2016
2016-10-01,69.9,2,CC-12220,Central,TEC-PH-10000215,Technology,0.0,0.0,2016
2016-10-01,41.85,5,CC-12220,Central,FUR-FU-10003724,Furniture,0.0,0.0,2016
2016-04-21,102.336,4,SP-20545,Central,OFF-ST-10000563,Office Supplies,0.2,-20.4672,2016
2016-04-21,48.792,3,SP-20545,Central,OFF-AP-10004487,Office Supplies,0.8,-39.03360000000001,2016
2016-04-21,44.848,8,SP-20545,Central,OFF-BI-10002854,Office Supplies,0.8,-35.8784,2016
2016-05-26,10.368,2,MS-17710,Central,OFF-PA-10004621,Office Supplies,0.2,-2.0736,2016
2016-05-26,388.43,5,MS-17710,Central,FUR-CH-10001973,Furniture,0.3,-116.529,2016
2016-05-26,14.352,3,MS-17710,Central,OFF-PA-10004040,Office Supplies,0.2,-2.8704,2016
2016-05-26,63.992,1,MS-17710,Central,TEC-AC-10000580,Technology,0.2,-12.7984,2016
2016-05-02,86.352,3,BD-11770,Central,OFF-AR-10004022,Office Supplies,0.2,-17.2704,2016
2016-09-05,278.4,3,TR-21325,Central,TEC-PH-10003505,Technology,0.0,0.0,2016
2016-06-26,14.9,5,GM-14500,East,OFF-ST-10000617,Office Supplies,0.0,0.0,2016
2016-11-22,39.88,2,TB-21355,East,FUR-FU-10000397,Furniture,0.0,0.0,2016
2016-11-22,12.192,4,TB-21355,East,OFF-BI-10000605,Office Supplies,0.2,-2.4384,2016
2016-11-22,20.82,3,TB-21355,East,OFF-AR-10001860,Office Supplies,0.0,0.0,2016
2016-11-10,13.216,4,CC-12430,West,OFF-BI-10004970,Office Supplies,0.2,-2.6432,2016
2016-11-10,32.4,5,CC-12430,West,OFF-PA-10003172,Office Supplies,0.0,0.0,2016
2016-12-08,114.95,5,QJ-19255,Central,TEC-PH-10003555,Technology,0.0,0.0,2016
2016-12-23,572.76,6,LC-17140,South,FUR-FU-10003664,Furniture,0.0,0.0,2016
2016-12-23,286.38,3,LC-17140,South,FUR-FU-10003664,Furniture,0.0,0.0,2016
2016-07-14,419.944,7,BM-11785,Central,TEC-PH-10003437,Technology,0.2,-83.98880000000001,2016
2016-06-20,46.76,7,RC-19825,West,OFF-PA-10002986,Office Supplies,0.0,0.0,2016
2016-06-20,17.712,3,RC-19825,West,OFF-BI-10000320,Office Supplies,0.2,-3.5424,2016
2016-06-20,21.78,2,RC-19825,West,OFF-AP-10003971,Office Supplies,0.0,0.0,2016
2016-06-20,161.94,3,RC-19825,West,OFF-ST-10001469,Office Supplies,0.0,0.0,2016
2016-06-20,161.568,2,RC-19825,West,FUR-CH-10003846,Furniture,0.2,-32.3136,2016
2016-12-09,3.69,1,FM-14380,East,OFF-LA-10001404,Office Supplies,0.0,0.0,2016
2016-12-09,122.12,4,FM-14380,East,OFF-LA-10001474,Office Supplies,0.0,0.0,2016
2016-09-24,155.372,2,PK-19075,East,FUR-CH-10003199,Furniture,0.3,-46.6116,2016
2016-12-18,38.88,6,HG-14965,West,OFF-PA-10003072,Office Supplies,0.0,0.0,2016
2016-12-18,183.84,8,HG-14965,West,FUR-FU-10004960,Furniture,0.0,0.0,2016
2016-12-18,579.3,5,HG-14965,West,OFF-SU-10003505,Office Supplies,0.0,0.0,2016
2016-03-30,11.34,1,CP-12085,East,OFF-PA-10004156,Office Supplies,0.0,0.0,2016
2016-05-23,37.05,3,LD-17005,West,FUR-FU-10003691,Furniture,0.0,0.0,2016
2016-05-16,552.56,4,JR-15670,East,OFF-ST-10002574,Office Supplies,0.0,0.0,2016
2016-03-28,31.4,2,AS-10045,South,OFF-ST-10000649,Office Supplies,0.0,0.0,2016
2016-05-05,79.14,3,ND-18370,South,OFF-PA-10003641,Office Supplies,0.0,0.0,2016
2016-09-03,83.952,3,JK-16120,Central,FUR-FU-10003394,Furniture,0.6,-50.37119999999999,2016
2016-02-05,80.98,1,PP-18955,South,OFF-ST-10002344,Office Supplies,0.0,0.0,2016
2016-02-05,348.84,9,PP-18955,South,OFF-PA-10001289,Office Supplies,0.0,0.0,2016
2016-02-05,9.45,5,PP-18955,South,OFF-FA-10000053,Office Supplies,0.0,0.0,2016
2016-02-05,18.84,3,PP-18955,South,FUR-FU-10004091,Furniture,0.0,0.0,2016
2016-02-05,239.98,2,PP-18955,South,FUR-BO-10004015,Furniture,0.0,0.0,2016
2016-02-05,167.96,2,PP-18955,South,OFF-EN-10003001,Office Supplies,0.0,0.0,2016
2016-02-05,104.85,3,PP-18955,South,TEC-PH-10000215,Technology,0.0,0.0,2016
2016-02-05,484.83,3,PP-18955,South,TEC-PH-10003645,Technology,0.0,0.0,2016
2016-02-05,122.97,3,PP-18955,South,OFF-PA-10000357,Office Supplies,0.0,0.0,2016
2016-02-05,154.44,3,PP-18955,South,OFF-ST-10004804,Office Supplies,0.0,0.0,2016
2016-02-05,342.37,7,PP-18955,South,OFF-PA-10003892,Office Supplies,0.0,0.0,2016
2016-11-24,17.216,4,NC-18340,East,OFF-BI-10000822,Office Supplies,0.2,-3.4432,2016
2016-11-24,11.56,2,NC-18340,East,OFF-PA-10004971,Office Supplies,0.0,0.0,2016
2016-11-24,88.4,4,NC-18340,East,TEC-AC-10002323,Technology,0.0,0.0,2016
2016-11-24,6.48,1,NC-18340,East,OFF-PA-10004888,Office Supplies,0.0,0.0,2016
2016-11-01,21.8,2,KM-16375,South,TEC-PH-10003988,Technology,0.0,0.0,2016
2016-11-01,251.79,3,KM-16375,South,OFF-EN-10002230,Office Supplies,0.0,0.0,2016
2016-04-19,205.176,2,GM-14455,East,FUR-TA-10002622,Furniture,0.4,-82.0704,2016
2016-04-19,419.4,5,GM-14455,East,OFF-PA-10000418,Office Supplies,0.2,-83.88,2016
2016-09-02,75.48,2,KD-16270,East,OFF-AR-10002240,Office Supplies,0.0,0.0,2016
2016-09-02,39.98,2,KD-16270,East,FUR-FU-10001967,Furniture,0.0,0.0,2016
2016-09-25,393.165,3,AB-10105,West,FUR-TA-10002356,Furniture,0.5,-196.5825,2016
2016-07-09,408.006,2,JD-15895,East,FUR-CH-10002335,Furniture,0.1,-40.8006,2016
2016-07-09,165.28,4,JD-15895,East,FUR-FU-10000723,Furniture,0.0,0.0,2016
2016-12-26,33.9,5,FP-14320,West,OFF-PA-10003673,Office Supplies,0.0,0.0,2016
2016-05-23,1979.928,9,KL-16645,Central,TEC-PH-10004165,Technology,0.2,-395.9856,2016
2016-11-26,70.98,7,MC-17425,South,OFF-PA-10001685,Office Supplies,0.0,0.0,2016
2016-11-26,91.68,3,MC-17425,South,OFF-BI-10000666,Office Supplies,0.0,0.0,2016
2016-11-26,33.75,5,MC-17425,South,OFF-BI-10004352,Office Supplies,0.0,0.0,2016
2016-11-26,3040.0,8,MC-17425,South,TEC-MA-10000010,Technology,0.0,0.0,2016
2016-09-25,15.936,4,NH-18610,Central,OFF-LA-10001569,Office Supplies,0.2,-3.1872,2016
2016-03-11,244.006,2,MB-18085,East,FUR-TA-10001095,Furniture,0.3,-73.20179999999999,2016
2016-08-26,159.984,2,LC-16930,Central,TEC-AC-10004571,Technology,0.2,-31.9968,2016
2016-08-26,1024.716,6,LC-16930,Central,FUR-CH-10002126,Furniture,0.3,-307.4148,2016
2016-12-16,3.68,2,KD-16495,East,OFF-FA-10001754,Office Supplies,0.0,0.0,2016
2016-11-19,17.28,6,NP-18685,East,OFF-AR-10003770,Office Supplies,0.0,0.0,2016
2016-11-19,17.712,3,NP-18685,East,OFF-BI-10000320,Office Supplies,0.2,-3.5424,2016
2016-11-13,52.136,7,CS-12505,South,OFF-SU-10000381,Office Supplies,0.2,-10.4272,2016
2016-12-02,25.92,4,MK-18160,West,OFF-PA-10002262,Office Supplies,0.0,0.0,2016
2016-12-02,40.46,7,MK-18160,West,OFF-PA-10002464,Office Supplies,0.0,0.0,2016
2016-12-02,33.87,3,MK-18160,West,OFF-ST-10002214,Office Supplies,0.0,0.0,2016
2016-10-14,177.0,3,CP-12340,West,TEC-AC-10000865,Technology,0.0,0.0,2016
2016-10-17,18.16,5,NK-18490,West,OFF-BI-10003981,Office Supplies,0.2,-3.632,2016
2016-11-24,33.52,2,AT-10435,West,TEC-PH-10001300,Technology,0.2,-6.704000000000001,2016
2016-11-24,9.94,2,AT-10435,West,FUR-FU-10000010,Furniture,0.0,0.0,2016
2016-09-17,396.0,4,CS-12505,South,TEC-MA-10004458,Technology,0.0,0.0,2016
2016-07-22,4.16,2,CJ-12010,East,OFF-AR-10002221,Office Supplies,0.2,-0.8320000000000001,2016
2016-07-22,11.648,2,CJ-12010,East,FUR-FU-10002456,Furniture,0.2,-2.3296,2016
2016-12-04,212.88,6,EB-13840,East,OFF-ST-10003324,Office Supplies,0.0,0.0,2016
2016-10-29,40.74,3,JM-15655,East,OFF-ST-10000419,Office Supplies,0.0,0.0,2016
2016-10-29,11.67,3,JM-15655,East,OFF-AP-10001626,Office Supplies,0.0,0.0,2016
2016-06-17,111.96,2,IG-15085,West,OFF-PA-10000806,Office Supplies,0.0,0.0,2016
2016-05-09,9.344,1,JW-16075,East,OFF-EN-10003134,Office Supplies,0.2,-1.8688,2016
2016-05-09,79.36,5,JW-16075,East,OFF-AR-10001955,Office Supplies,0.2,-15.872,2016
2016-04-09,35.352,9,EB-13750,West,OFF-BI-10003712,Office Supplies,0.2,-7.070399999999999,2016
2016-04-22,23.952,2,TT-21460,Central,OFF-ST-10002406,Office Supplies,0.2,-4.790400000000001,2016
2016-05-23,4.98,1,AP-10720,South,OFF-PA-10001526,Office Supplies,0.0,0.0,2016
2016-02-27,170.88,3,DL-12865,East,OFF-AP-10004336,Office Supplies,0.0,0.0,2016
2016-05-12,10.96,4,VG-21805,South,OFF-AR-10001662,Office Supplies,0.0,0.0,2016
2016-04-15,33.488,7,MY-18295,Central,OFF-AR-10001221,Office Supplies,0.2,-6.6976,2016
2016-04-15,8.04,5,MY-18295,Central,OFF-FA-10002988,Office Supplies,0.2,-1.608,2016
2016-05-08,211.96,2,GB-14530,East,FUR-FU-10001488,Furniture,0.0,0.0,2016
2016-12-11,6.672,3,CA-12775,South,OFF-AR-10003251,Office Supplies,0.2,-1.3344,2016
2016-04-19,39.96,5,JO-15280,West,TEC-PH-10004700,Technology,0.2,-7.992000000000001,2016
2016-04-19,5.46,3,JO-15280,West,OFF-AR-10000823,Office Supplies,0.0,0.0,2016
2016-04-19,73.2,5,JO-15280,West,OFF-AR-10004456,Office Supplies,0.0,0.0,2016
2016-04-19,5.84,1,JO-15280,West,OFF-BI-10000050,Office Supplies,0.2,-1.168,2016
2016-04-19,22.72,4,JO-15280,West,OFF-PA-10002377,Office Supplies,0.0,0.0,2016
2016-04-19,9.336,3,JO-15280,West,OFF-BI-10000591,Office Supplies,0.2,-1.8672,2016
2016-03-15,83.976,3,PL-18925,East,TEC-AC-10004855,Technology,0.2,-16.7952,2016
2016-09-10,59.48,2,PN-18775,East,OFF-ST-10000352,Office Supplies,0.0,0.0,2016
2016-09-10,6.69,1,PN-18775,East,OFF-PA-10000575,Office Supplies,0.0,0.0,2016
2016-05-08,1006.056,3,CL-12565,East,OFF-ST-10002011,Office Supplies,0.2,-201.2112,2016
2016-05-08,10.688,2,CL-12565,East,OFF-PA-10002986,Office Supplies,0.2,-2.1376,2016
2016-05-08,10.368,2,CL-12565,East,OFF-PA-10004451,Office Supplies,0.2,-2.0736,2016
2016-05-08,25.12,2,CL-12565,East,OFF-ST-10000649,Office Supplies,0.2,-5.024000000000001,2016
2016-05-08,58.112,2,CL-12565,East,TEC-AC-10001465,Technology,0.2,-11.6224,2016
2016-05-26,19.44,3,TB-21280,East,OFF-PA-10002689,Office Supplies,0.0,0.0,2016
2016-05-26,9.64,2,TB-21280,East,OFF-BI-10004728,Office Supplies,0.0,0.0,2016
2016-05-26,12.7,2,TB-21280,East,OFF-PA-10004675,Office Supplies,0.0,0.0,2016
2016-05-26,41.37,3,TB-21280,East,FUR-FU-10000629,Furniture,0.0,0.0,2016
2016-11-24,41.92,5,NS-18505,Central,OFF-ST-10001325,Office Supplies,0.2,-8.384,2016
2016-11-24,297.576,3,NS-18505,Central,TEC-AC-10002049,Technology,0.2,-59.51520000000001,2016
2016-11-24,4.344,3,NS-18505,Central,OFF-FA-10002676,Office Supplies,0.2,-0.8688000000000001,2016
2016-11-24,94.992,2,NS-18505,Central,TEC-AC-10003023,Technology,0.2,-18.9984,2016
2016-11-24,74.352,3,NS-18505,Central,OFF-PA-10000167,Office Supplies,0.2,-14.8704,2016
2016-11-24,14.04,3,NS-18505,Central,OFF-AR-10003405,Office Supplies,0.2,-2.808,2016
2016-03-22,58.58,2,RB-19645,West,TEC-AC-10001013,Technology,0.0,0.0,2016
2016-05-18,104.28,3,EB-13930,West,OFF-ST-10000604,Office Supplies,0.0,0.0,2016
2016-05-18,17.94,3,EB-13930,West,OFF-PA-10004040,Office Supplies,0.0,0.0,2016
2016-09-29,18.97,1,PS-18760,West,OFF-PA-10000176,Office Supplies,0.0,0.0,2016
2016-11-07,14.82,3,CB-12535,West,FUR-FU-10002597,Furniture,0.0,0.0,2016
2016-03-14,21.88,5,HZ-14950,East,FUR-FU-10004020,Furniture,0.2,-4.376,2016
2016-06-26,13.616,2,AB-10255,Central,TEC-AC-10003133,Technology,0.2,-2.7232,2016
2016-03-08,9.702,3,PG-18820,West,OFF-BI-10003676,Office Supplies,0.7,-6.791399999999999,2016
2016-04-30,7.712,2,JL-15835,East,OFF-BI-10003314,Office Supplies,0.2,-1.5424,2016
2016-05-19,242.9,5,BN-11515,East,OFF-AP-10001563,Office Supplies,0.0,0.0,2016
2016-05-19,454.9,5,BN-11515,East,OFF-ST-10004123,Office Supplies,0.0,0.0,2016
2016-05-19,35.92,4,BN-11515,East,FUR-FU-10002088,Furniture,0.0,0.0,2016
2016-05-19,39.76,8,BN-11515,East,FUR-FU-10000010,Furniture,0.0,0.0,2016
2016-05-19,47.744,4,BN-11515,East,OFF-BI-10002824,Office Supplies,0.2,-9.5488,2016
2016-02-07,100.0,4,CA-12265,South,TEC-AC-10003063,Technology,0.0,0.0,2016
2016-02-07,7.83,3,CA-12265,South,OFF-LA-10001045,Office Supplies,0.0,0.0,2016
2016-07-10,338.04,3,LH-17155,Central,OFF-ST-10000689,Office Supplies,0.2,-67.608,2016
2016-07-10,154.24,4,LH-17155,Central,OFF-AR-10002135,Office Supplies,0.2,-30.848,2016
2016-08-13,11.232,8,EM-14065,South,OFF-BI-10000138,Office Supplies,0.7,-7.862399999999999,2016
2016-08-13,10.272,3,EM-14065,South,OFF-PA-10004947,Office Supplies,0.2,-2.0544,2016
2016-08-04,35.06,2,ML-17755,South,OFF-SU-10002573,Office Supplies,0.0,0.0,2016
2016-08-04,4.13,1,ML-17755,South,OFF-LA-10004484,Office Supplies,0.0,0.0,2016
2016-08-04,109.8,9,ML-17755,South,FUR-FU-10001591,Furniture,0.0,0.0,2016
2016-08-04,9.82,2,ML-17755,South,OFF-LA-10002034,Office Supplies,0.0,0.0,2016
2016-11-27,97.984,2,GG-14650,Central,OFF-ST-10004337,Office Supplies,0.2,-19.5968,2016
2016-11-27,62.4,6,GG-14650,Central,TEC-AC-10001266,Technology,0.2,-12.48,2016
2016-11-11,59.97,3,BD-11770,East,TEC-AC-10003447,Technology,0.0,0.0,2016
2016-11-11,83.36,1,BD-11770,East,OFF-ST-10002276,Office Supplies,0.0,0.0,2016
2016-09-05,107.94,3,BE-11455,Central,OFF-AR-10004022,Office Supplies,0.0,0.0,2016
2016-07-07,215.65,5,RM-19375,West,FUR-FU-10003039,Furniture,0.0,0.0,2016
2016-08-08,11.168,4,JF-15565,Central,OFF-FA-10000585,Office Supplies,0.2,-2.2336,2016
2016-08-08,53.952,3,JF-15565,Central,OFF-PA-10001994,Office Supplies,0.2,-10.7904,2016
2016-11-13,4.18,1,AS-10135,West,FUR-FU-10004270,Furniture,0.0,0.0,2016
2016-12-25,2575.944,7,GK-14620,West,TEC-PH-10002200,Technology,0.2,-515.1888,2016
2016-12-25,45.36,7,GK-14620,West,OFF-PA-10002005,Office Supplies,0.0,0.0,2016
2016-12-25,254.24,7,GK-14620,West,TEC-AC-10001465,Technology,0.0,0.0,2016
2016-02-11,69.93,7,PB-19210,Central,TEC-PH-10004897,Technology,0.0,0.0,2016
2016-10-23,16.156,7,HK-14890,Central,FUR-FU-10001196,Furniture,0.6,-9.693599999999998,2016
2016-10-23,54.816,3,HK-14890,Central,OFF-PA-10000595,Office Supplies,0.2,-10.9632,2016
2016-02-16,92.064,6,EA-14035,Central,OFF-AP-10004233,Office Supplies,0.8,-73.6512,2016
2016-02-16,6.976,4,EA-14035,Central,OFF-FA-10000304,Office Supplies,0.2,-1.3952,2016
2016-02-16,62.958,3,EA-14035,Central,FUR-CH-10004754,Furniture,0.3,-18.8874,2016
2016-02-16,5.184,1,EA-14035,Central,OFF-PA-10000809,Office Supplies,0.2,-1.0368,2016
2016-12-22,31.32,10,SA-20830,West,OFF-BI-10003694,Office Supplies,0.7,-21.924,2016
2016-12-22,11.84,4,SA-20830,West,FUR-FU-10001935,Furniture,0.2,-2.368,2016
2016-12-22,22.784,1,SA-20830,West,FUR-FU-10002878,Furniture,0.2,-4.5568,2016
2016-02-08,1127.976,3,CH-12070,South,TEC-PH-10002624,Technology,0.2,-225.5952,2016
2016-07-18,140.81,1,KH-16330,South,FUR-CH-10000988,Furniture,0.0,0.0,2016
2016-10-13,727.45,5,NC-18625,West,FUR-TA-10004575,Furniture,0.5,-363.725,2016
2016-10-13,24.96,3,NC-18625,West,FUR-FU-10001617,Furniture,0.2,-4.992000000000001,2016
2016-08-26,6.48,1,CC-12145,West,OFF-PA-10000019,Office Supplies,0.0,0.0,2016
2016-03-10,176.784,1,CJ-12010,East,FUR-BO-10003272,Furniture,0.2,-35.3568,2016
2016-11-13,217.056,7,CC-12430,East,OFF-PA-10001289,Office Supplies,0.2,-43.41120000000001,2016
2016-04-22,31.56,3,PG-18895,West,FUR-FU-10001889,Furniture,0.0,0.0,2016
2016-11-24,24.784,1,CD-11980,West,OFF-PA-10000241,Office Supplies,0.2,-4.9568,2016
2016-06-29,191.88,6,Co-12640,South,OFF-ST-10000563,Office Supplies,0.0,0.0,2016
2016-08-20,14.78,2,DW-13480,Central,TEC-PH-10004924,Technology,0.0,0.0,2016
2016-05-17,2.952,2,RP-19855,South,OFF-BI-10001757,Office Supplies,0.7,-2.0664,2016
2016-05-17,27.018,6,RP-19855,South,OFF-BI-10000069,Office Supplies,0.7,-18.9126,2016
2016-11-15,99.39,3,SC-20770,West,TEC-AC-10003832,Technology,0.0,0.0,2016
2016-07-08,863.64,9,SC-20230,Central,TEC-PH-10004345,Technology,0.2,-172.728,2016
2016-07-08,47.616,3,SC-20230,Central,OFF-AR-10000588,Office Supplies,0.2,-9.523200000000001,2016
2016-06-09,177.48,3,GM-14680,West,TEC-PH-10001198,Technology,0.2,-35.496,2016
2016-11-27,271.992,1,CC-12670,West,TEC-PH-10002483,Technology,0.2,-54.39840000000001,2016
2016-07-08,19.968,2,JE-15715,West,OFF-BI-10002082,Office Supplies,0.7,-13.9776,2016
2016-07-08,33.488,7,JE-15715,West,OFF-ST-10001505,Office Supplies,0.2,-6.6976,2016
2016-07-08,8.736,4,JE-15715,West,OFF-BI-10001634,Office Supplies,0.7,-6.1152,2016
2016-07-08,662.88,3,JE-15715,West,FUR-CH-10004287,Furniture,0.2,-132.576,2016
2016-06-20,95.968,4,EA-14035,Central,TEC-AC-10001109,Technology,0.2,-19.1936,2016
2016-06-20,10.368,2,EA-14035,Central,OFF-PA-10000809,Office Supplies,0.2,-2.0736,2016
2016-04-14,933.536,4,KT-16465,West,FUR-CH-10004086,Furniture,0.2,-186.7072,2016
2016-04-14,42.976,4,KT-16465,West,OFF-ST-10001228,Office Supplies,0.2,-8.5952,2016
2016-07-25,1439.976,4,CB-12415,East,TEC-CO-10001449,Technology,0.4,-575.9904,2016
2016-09-18,350.98,1,AM-10705,South,FUR-CH-10001854,Furniture,0.0,0.0,2016
2016-09-18,13.08,2,AM-10705,South,OFF-PA-10000533,Office Supplies,0.0,0.0,2016
2016-09-18,900.08,4,AM-10705,South,OFF-ST-10003716,Office Supplies,0.0,0.0,2016
2016-09-19,1606.23,9,RH-19510,East,OFF-ST-10001490,Office Supplies,0.0,0.0,2016
2016-09-19,17.04,3,RH-19510,East,OFF-PA-10002377,Office Supplies,0.0,0.0,2016
2016-09-19,49.53,3,RH-19510,East,OFF-BI-10004826,Office Supplies,0.0,0.0,2016
2016-09-19,872.32,4,RH-19510,East,FUR-CH-10004675,Furniture,0.0,0.0,2016
2016-09-08,33.024,2,VM-21685,West,OFF-BI-10002225,Office Supplies,0.2,-6.604800000000001,2016
2016-09-08,67.136,4,VM-21685,West,OFF-BI-10001989,Office Supplies,0.2,-13.4272,2016
2016-12-09,9.392,2,GB-14530,Central,OFF-PA-10002250,Office Supplies,0.2,-1.8784,2016
2016-12-09,9.328,1,GB-14530,Central,OFF-AR-10000475,Office Supplies,0.2,-1.8656,2016
2016-07-17,162.64,2,MC-17590,East,OFF-AP-10004487,Office Supplies,0.0,0.0,2016
2016-07-17,597.0,3,MC-17590,East,TEC-PH-10001760,Technology,0.0,0.0,2016
2016-07-17,55.48,1,MC-17590,East,OFF-PA-10004071,Office Supplies,0.0,0.0,2016
2016-12-01,17.31,3,RD-19480,Central,FUR-FU-10001196,Furniture,0.0,0.0,2016
2016-07-21,1.941,1,CC-12610,East,OFF-BI-10000301,Office Supplies,0.7,-1.3587,2016
2016-11-26,7.312,2,TC-20980,West,OFF-BI-10002954,Office Supplies,0.2,-1.4624,2016
2016-06-23,122.12,4,IM-15070,East,OFF-LA-10003510,Office Supplies,0.0,0.0,2016
2016-06-23,18.45,5,IM-15070,East,OFF-LA-10000248,Office Supplies,0.0,0.0,2016
2016-06-23,324.9,5,IM-15070,East,OFF-ST-10000060,Office Supplies,0.0,0.0,2016
2016-06-23,146.73,3,IM-15070,East,OFF-PA-10003129,Office Supplies,0.0,0.0,2016
2016-06-23,3.96,2,IM-15070,East,OFF-FA-10004076,Office Supplies,0.0,0.0,2016
2016-05-15,511.84,8,SN-20710,South,OFF-BI-10001718,Office Supplies,0.0,0.0,2016
2016-05-15,91.96,4,SN-20710,South,OFF-AR-10004602,Office Supplies,0.0,0.0,2016
2016-05-15,8.34,3,SN-20710,South,OFF-AR-10003856,Office Supplies,0.0,0.0,2016
2016-09-19,159.88,7,SW-20245,West,OFF-PA-10002222,Office Supplies,0.0,0.0,2016
2016-09-01,30.48,6,DK-13225,East,OFF-PA-10004675,Office Supplies,0.2,-6.096,2016
2016-09-01,23.988,2,DK-13225,East,TEC-PH-10002293,Technology,0.4,-9.5952,2016
2016-09-01,16.688,7,DK-13225,East,OFF-FA-10002780,Office Supplies,0.2,-3.3376,2016
2016-06-25,422.058,3,TS-21160,East,FUR-CH-10002965,Furniture,0.3,-126.6174,2016
2016-06-25,38.088,4,TS-21160,East,OFF-BI-10004781,Office Supplies,0.7,-26.6616,2016
2016-06-25,254.352,6,TS-21160,East,OFF-ST-10001713,Office Supplies,0.2,-50.8704,2016
2016-07-14,14.16,2,DR-12880,East,OFF-BI-10004094,Office Supplies,0.2,-2.832,2016
2016-04-30,22.608,3,BF-11170,Central,FUR-FU-10004973,Furniture,0.6,-13.5648,2016
2016-07-25,21.48,6,LB-16735,West,OFF-FA-10000624,Office Supplies,0.0,0.0,2016
2016-09-03,8.808,3,CS-11950,Central,OFF-BI-10004236,Office Supplies,0.8,-7.0464,2016
2016-05-14,79.384,1,LH-17155,East,FUR-FU-10002937,Furniture,0.2,-15.8768,2016
2016-01-07,34.58,1,DW-13480,West,OFF-AR-10003696,Office Supplies,0.0,0.0,2016
2016-10-13,191.976,3,HA-14920,Central,TEC-AC-10002402,Technology,0.2,-38.3952,2016
2016-10-13,8.288,2,HA-14920,Central,OFF-PA-10000551,Office Supplies,0.2,-1.6576,2016
2016-10-13,139.92,5,HA-14920,Central,FUR-FU-10003394,Furniture,0.6,-83.95199999999998,2016
2016-10-13,15.872,1,HA-14920,Central,OFF-AR-10002067,Office Supplies,0.2,-3.1744,2016
2016-10-13,6.286,7,HA-14920,Central,OFF-BI-10004140,Office Supplies,0.8,-5.0288,2016
2016-07-30,9.264,3,LS-16975,Central,OFF-BI-10002353,Office Supplies,0.8,-7.4112,2016
2016-10-15,45.68,2,PB-18805,West,OFF-PA-10000740,Office Supplies,0.0,0.0,2016
2016-10-15,60.12,9,PB-18805,West,OFF-PA-10003001,Office Supplies,0.0,0.0,2016
2016-10-15,41.72,5,PB-18805,West,OFF-BI-10001628,Office Supplies,0.2,-8.344,2016
2016-10-15,71.6,8,PB-18805,West,OFF-PA-10001509,Office Supplies,0.0,0.0,2016
2016-05-07,85.232,7,CJ-12010,East,OFF-BI-10000309,Office Supplies,0.2,-17.0464,2016
2016-05-07,44.4,3,CJ-12010,East,OFF-LA-10003923,Office Supplies,0.0,0.0,2016
2016-05-07,442.764,4,CJ-12010,East,FUR-CH-10002084,Furniture,0.1,-44.2764,2016
2016-05-07,3999.95,5,CJ-12010,East,TEC-MA-10000488,Technology,0.0,0.0,2016
2016-05-07,199.95,5,CJ-12010,East,TEC-AC-10001767,Technology,0.0,0.0,2016
2016-05-07,63.68,8,CJ-12010,East,FUR-FU-10001940,Furniture,0.0,0.0,2016
2016-07-14,29.0,2,RH-19600,South,TEC-AC-10002345,Technology,0.0,0.0,2016
2016-06-25,60.81,3,AS-10240,West,OFF-AP-10000692,Office Supplies,0.0,0.0,2016
2016-12-10,153.552,3,AP-10915,West,OFF-BI-10001718,Office Supplies,0.2,-30.7104,2016
2016-12-10,65.34,3,AP-10915,West,OFF-AP-10002082,Office Supplies,0.0,0.0,2016
2016-12-10,123.92,4,AP-10915,West,OFF-PA-10001125,Office Supplies,0.0,0.0,2016
2016-12-10,35.1,3,AP-10915,West,OFF-AP-10000252,Office Supplies,0.0,0.0,2016
2016-12-10,44.75,5,AP-10915,West,TEC-AC-10003038,Technology,0.0,0.0,2016
2016-12-01,4.704,2,AG-10390,South,OFF-AR-10000940,Office Supplies,0.2,-0.9408,2016
2016-09-10,67.56,3,CG-12040,South,OFF-AR-10000538,Office Supplies,0.2,-13.512,2016
2016-11-27,167.292,6,VB-21745,Central,OFF-AP-10003842,Office Supplies,0.1,-16.7292,2016
2016-03-19,72.294,1,BT-11440,West,FUR-BO-10002202,Furniture,0.7,-50.6058,2016
2016-10-01,330.588,1,GM-14680,East,FUR-TA-10003238,Furniture,0.4,-132.2352,2016
2016-07-15,44.4,5,RH-19510,West,OFF-SU-10000952,Office Supplies,0.0,0.0,2016
2016-11-15,1016.792,1,TG-21310,West,OFF-BI-10003527,Office Supplies,0.2,-203.3584,2016
2016-11-15,38.136,7,TG-21310,West,OFF-BI-10002982,Office Supplies,0.2,-7.627200000000001,2016
2016-11-26,494.982,3,CT-11995,East,TEC-PH-10004165,Technology,0.4,-197.9928,2016
2016-04-15,143.7,3,JK-16120,West,OFF-PA-10004327,Office Supplies,0.0,0.0,2016
2016-09-17,437.85,3,LA-16780,East,TEC-PH-10001944,Technology,0.0,0.0,2016
2016-09-17,109.48,2,LA-16780,East,FUR-FU-10004952,Furniture,0.0,0.0,2016
2016-11-14,499.98,2,AA-10375,South,TEC-AC-10004145,Technology,0.0,0.0,2016
2016-11-14,5.28,1,AA-10375,South,OFF-PA-10002479,Office Supplies,0.0,0.0,2016
2016-11-14,8.26,2,AA-10375,South,OFF-BI-10004970,Office Supplies,0.0,0.0,2016
2016-09-03,48.16,7,FM-14215,East,OFF-PA-10002713,Office Supplies,0.0,0.0,2016
2016-05-05,14.352,3,PJ-18835,South,OFF-PA-10003971,Office Supplies,0.2,-2.8704,2016
2016-01-17,316.0,4,DL-13495,South,TEC-AC-10001142,Technology,0.0,0.0,2016
2016-12-23,141.372,2,BP-11185,Central,FUR-BO-10003441,Furniture,0.3,-42.4116,2016
2016-09-24,41.96,2,LA-16780,West,OFF-ST-10000642,Office Supplies,0.0,0.0,2016
2016-09-24,41.7,5,LA-16780,West,OFF-PA-10000380,Office Supplies,0.0,0.0,2016
2016-11-10,41.86,7,DC-13285,South,OFF-AR-10004999,Office Supplies,0.0,0.0,2016
2016-02-22,490.32,9,PV-18985,Central,OFF-AP-10001205,Office Supplies,0.0,0.0,2016
2016-03-13,70.08,5,LT-17110,Central,OFF-PA-10000659,Office Supplies,0.2,-14.016,2016
2016-03-13,1.272,2,LT-17110,Central,OFF-BI-10004141,Office Supplies,0.8,-1.0176,2016
2016-03-13,557.585,5,LT-17110,Central,FUR-TA-10004619,Furniture,0.3,-167.2755,2016
2016-03-13,127.88,2,AB-10060,South,FUR-FU-10004864,Furniture,0.0,0.0,2016
2016-03-13,160.32,2,AB-10060,South,OFF-AP-10004540,Office Supplies,0.0,0.0,2016
2016-03-13,46.0,4,AB-10060,South,OFF-BI-10004965,Office Supplies,0.0,0.0,2016
2016-09-23,532.704,6,KL-16555,East,FUR-FU-10002298,Furniture,0.2,-106.5408,2016
2016-09-23,4.912,2,KL-16555,East,OFF-AR-10000315,Office Supplies,0.2,-0.9824,2016
2016-07-07,60.288,8,BF-11020,Central,FUR-FU-10004973,Furniture,0.6,-36.1728,2016
2016-07-07,2.632,1,BF-11020,Central,OFF-FA-10000936,Office Supplies,0.2,-0.5264000000000001,2016
2016-07-07,23.688,9,BF-11020,Central,OFF-PA-10001609,Office Supplies,0.2,-4.7376,2016
2016-07-07,253.372,2,BF-11020,Central,FUR-CH-10000785,Furniture,0.3,-76.0116,2016
2016-05-06,7.216,2,BE-11455,East,OFF-FA-10004248,Office Supplies,0.2,-1.4432,2016
2016-05-06,49.568,2,BE-11455,East,OFF-PA-10002581,Office Supplies,0.2,-9.9136,2016
2016-05-06,54.712,7,BE-11455,East,FUR-FU-10004848,Furniture,0.2,-10.9424,2016
2016-03-17,39.68,2,CS-12355,East,OFF-AR-10000588,Office Supplies,0.0,0.0,2016
2016-09-27,956.6648,7,HM-14860,Central,FUR-BO-10000780,Furniture,0.32,-306.132736,2016
2016-12-29,754.45,5,TB-21595,Central,FUR-CH-10001714,Furniture,0.0,0.0,2016
2016-05-21,2396.4,10,LC-16930,West,TEC-MA-10000112,Technology,0.2,-479.28,2016
2016-04-18,230.376,3,CR-12580,Central,OFF-ST-10003656,Office Supplies,0.2,-46.0752,2016
2016-04-18,9.664,2,CR-12580,Central,OFF-PA-10001560,Office Supplies,0.2,-1.9328,2016
2016-06-11,1.344,4,MZ-17515,Central,OFF-BI-10003784,Office Supplies,0.8,-1.0752,2016
2016-06-11,8.272,4,MZ-17515,Central,OFF-BI-10001617,Office Supplies,0.8,-6.6176,2016
2016-06-11,12.544,7,MZ-17515,Central,FUR-FU-10004415,Furniture,0.6,-7.5264,2016
2016-05-22,345.0,5,AF-10870,East,TEC-PH-10004614,Technology,0.0,0.0,2016
2016-05-22,174.286,2,AF-10870,East,FUR-TA-10003748,Furniture,0.3,-52.2858,2016
2016-05-22,662.84,4,AF-10870,East,OFF-AP-10003217,Office Supplies,0.0,0.0,2016
2016-05-22,95.1,5,AF-10870,East,TEC-AC-10002399,Technology,0.0,0.0,2016
2016-05-22,26.88,6,AF-10870,East,OFF-EN-10002973,Office Supplies,0.0,0.0,2016
2016-05-22,257.98,2,AF-10870,East,TEC-PH-10001336,Technology,0.0,0.0,2016
2016-10-31,492.835,5,BD-11320,East,FUR-CH-10000988,Furniture,0.3,-147.8505,2016
2016-11-05,29.12,5,CS-12400,West,OFF-BI-10003963,Office Supplies,0.2,-5.824000000000001,2016
2016-01-22,14.272,8,CM-11935,South,FUR-FU-10002107,Furniture,0.2,-2.8544,2016
2016-01-22,451.136,4,CM-11935,South,FUR-BO-10002213,Furniture,0.2,-90.22720000000001,2016
2016-01-22,64.864,4,CM-11935,South,OFF-AP-10000692,Office Supplies,0.2,-12.9728,2016
2016-11-03,217.584,2,PF-19225,West,FUR-CH-10001190,Furniture,0.2,-43.5168,2016
2016-11-03,82.95,5,PF-19225,West,TEC-AC-10000682,Technology,0.0,0.0,2016
2016-11-03,87.71,7,PF-19225,West,OFF-LA-10004545,Office Supplies,0.0,0.0,2016
2016-11-03,1101.48,4,PF-19225,West,OFF-AP-10003057,Office Supplies,0.0,0.0,2016
2016-09-10,300.93,5,KT-16480,Central,FUR-TA-10004086,Furniture,0.3,-90.279,2016
2016-09-10,719.96,5,KT-16480,Central,TEC-PH-10000895,Technology,0.2,-143.992,2016
2016-05-19,9.584,1,BT-11395,West,OFF-BI-10004817,Office Supplies,0.2,-1.9168,2016
2016-11-14,7.38,2,RR-19315,West,OFF-LA-10000248,Office Supplies,0.0,0.0,2016
2016-11-18,1117.92,4,AW-10930,Central,OFF-ST-10003470,Office Supplies,0.0,0.0,2016
2016-11-11,95.968,4,BB-11545,Central,TEC-AC-10003280,Technology,0.2,-19.1936,2016
2016-11-11,47.992,2,BB-11545,Central,FUR-CH-10004540,Furniture,0.3,-14.3976,2016
2016-10-15,20.16,7,CD-12790,Central,OFF-LA-10004559,Office Supplies,0.0,0.0,2016
2016-10-15,29.46,6,CD-12790,Central,OFF-LA-10003223,Office Supplies,0.0,0.0,2016
2016-10-15,868.59,3,CD-12790,Central,OFF-AP-10002651,Office Supplies,0.0,0.0,2016
2016-10-15,12.96,2,CD-12790,Central,OFF-PA-10003177,Office Supplies,0.0,0.0,2016
2016-10-15,5.5,1,CD-12790,Central,TEC-PH-10003442,Technology,0.0,0.0,2016
2016-10-15,121.6,4,CD-12790,Central,OFF-BI-10000977,Office Supplies,0.0,0.0,2016
2016-04-30,111.888,7,KD-16615,West,FUR-FU-10002759,Furniture,0.2,-22.3776,2016
2016-09-08,173.94,3,AP-10720,East,FUR-BO-10003450,Furniture,0.0,0.0,2016
2016-09-08,14.76,4,AP-10720,East,OFF-LA-10000248,Office Supplies,0.0,0.0,2016
2016-09-14,25.92,4,PN-18775,South,OFF-PA-10000029,Office Supplies,0.0,0.0,2016
2016-08-15,705.544,7,JC-15775,South,TEC-PH-10000369,Technology,0.2,-141.1088,2016
2016-10-08,51.712,8,BW-11110,Central,FUR-FU-10004909,Furniture,0.6,-31.0272,2016
2016-08-12,1399.944,7,CM-12235,Central,TEC-AC-10004145,Technology,0.2,-279.9888,2016
2016-05-05,5.98,1,BF-11005,West,OFF-ST-10001505,Office Supplies,0.0,0.0,2016
2016-05-05,246.168,3,BF-11005,West,TEC-PH-10001433,Technology,0.2,-49.2336,2016
2016-09-08,14.136,2,SE-20110,Central,FUR-FU-10004671,Furniture,0.6,-8.481599999999998,2016
2016-09-08,601.47,3,SE-20110,Central,FUR-TA-10003569,Furniture,0.5,-300.735,2016
2016-06-04,14.94,3,EN-13780,East,OFF-PA-10000349,Office Supplies,0.0,0.0,2016
2016-06-04,1349.85,3,EN-13780,East,TEC-MA-10003356,Technology,0.0,0.0,2016
2016-06-04,136.784,1,EN-13780,East,FUR-BO-10000362,Furniture,0.2,-27.3568,2016
2016-06-04,61.12,4,EN-13780,East,FUR-FU-10003878,Furniture,0.0,0.0,2016
2016-03-04,16.99,1,MG-17890,West,OFF-AR-10003727,Office Supplies,0.0,0.0,2016
2016-04-28,41.568,2,BO-11350,West,FUR-CH-10002304,Furniture,0.2,-8.3136,2016
2016-12-29,186.048,6,KA-16525,Central,OFF-PA-10001289,Office Supplies,0.2,-37.2096,2016
2016-04-17,36.792,1,BF-11170,South,TEC-PH-10003092,Technology,0.2,-7.3584,2016
2016-04-17,18.624,8,BF-11170,South,FUR-FU-10000206,Furniture,0.2,-3.7248,2016
2016-09-26,424.9575,5,SH-19975,West,FUR-BO-10004467,Furniture,0.15,-63.74362499999999,2016
2016-08-16,10.86,3,PK-19075,West,OFF-EN-10004030,Office Supplies,0.0,0.0,2016
2016-05-01,3.984,1,HF-14995,South,OFF-LA-10001569,Office Supplies,0.2,-0.7968000000000001,2016
2016-05-01,370.62,3,HF-14995,South,FUR-TA-10004534,Furniture,0.4,-148.248,2016
2016-05-01,2.742,2,HF-14995,South,OFF-BI-10002954,Office Supplies,0.7,-1.9194,2016
2016-10-01,79.512,3,HG-15025,Central,TEC-AC-10003832,Technology,0.2,-15.9024,2016
2016-10-01,28.352,1,HG-15025,Central,OFF-PA-10000474,Office Supplies,0.2,-5.670400000000001,2016
2016-09-06,95.952,3,KB-16315,South,OFF-EN-10003055,Office Supplies,0.2,-19.1904,2016
2016-09-06,3.204,2,KB-16315,South,OFF-BI-10001031,Office Supplies,0.7,-2.2428,2016
2016-08-04,3.98,5,RA-19285,Central,OFF-BI-10002003,Office Supplies,0.8,-3.184,2016
2016-08-28,15.48,3,CS-12130,West,OFF-PA-10002246,Office Supplies,0.2,-3.096,2016
2016-08-28,108.576,3,CS-12130,West,TEC-PH-10002890,Technology,0.2,-21.7152,2016
2016-01-22,109.9,5,AJ-10795,West,FUR-FU-10001475,Furniture,0.0,0.0,2016
2016-02-07,30.352,2,BE-11410,East,OFF-PA-10003465,Office Supplies,0.2,-6.0704,2016
2016-04-14,81.2,5,TB-21400,South,OFF-ST-10001558,Office Supplies,0.0,0.0,2016
2016-02-25,46.72,5,BD-11725,East,OFF-EN-10003134,Office Supplies,0.2,-9.344,2016
2016-06-11,239.97,3,ES-14020,East,TEC-AC-10002402,Technology,0.0,0.0,2016
2016-03-11,76.92,4,JP-16135,South,FUR-FU-10004270,Furniture,0.0,0.0,2016
2016-03-11,481.32,4,JP-16135,South,OFF-ST-10001526,Office Supplies,0.0,0.0,2016
2016-09-03,54.5,5,JJ-15445,Central,OFF-ST-10000918,Office Supplies,0.0,0.0,2016
2016-11-22,49.44,3,RD-19585,Central,OFF-BI-10002852,Office Supplies,0.0,0.0,2016
2016-10-21,154.44,3,JE-15745,West,OFF-ST-10004804,Office Supplies,0.0,0.0,2016
2016-11-11,257.98,2,LD-17005,Central,TEC-PH-10001336,Technology,0.0,0.0,2016
2016-11-05,23.988,2,AS-10285,East,TEC-PH-10003187,Technology,0.4,-9.5952,2016
2016-10-09,23.976,4,MP-17965,East,TEC-PH-10004897,Technology,0.4,-9.5904,2016
2016-10-25,783.96,5,JS-15595,South,TEC-PH-10000984,Technology,0.2,-156.792,2016
2016-05-05,6.72,5,DM-13015,West,OFF-BI-10003784,Office Supplies,0.2,-1.344,2016
2016-05-05,298.776,3,DM-13015,West,FUR-TA-10003748,Furniture,0.2,-59.7552,2016
2016-12-31,302.376,3,BD-11620,West,TEC-PH-10002563,Technology,0.2,-60.4752,2016
2016-04-23,108.336,6,MJ-17740,East,OFF-PA-10002421,Office Supplies,0.2,-21.6672,2016
2016-04-23,55.92,5,MJ-17740,East,OFF-ST-10000760,Office Supplies,0.2,-11.184,2016
2016-04-23,78.304,2,MJ-17740,East,OFF-PA-10002923,Office Supplies,0.2,-15.6608,2016
2016-06-09,695.7,2,TC-21295,South,TEC-MA-10002178,Technology,0.5,-347.85,2016
2016-12-27,845.488,8,BG-11695,Central,FUR-CH-10004853,Furniture,0.3,-253.6464,2016
2016-11-28,7.434,6,AJ-10780,South,OFF-BI-10002976,Office Supplies,0.7,-5.2038,2016
2016-06-02,64.784,1,KC-16255,East,OFF-ST-10000736,Office Supplies,0.2,-12.9568,2016
2016-03-19,14.98,1,SV-20935,East,FUR-FU-10000409,Furniture,0.0,0.0,2016
2016-03-19,20.32,4,SV-20935,East,FUR-FU-10000221,Furniture,0.0,0.0,2016
2016-08-26,1603.136,4,DJ-13510,West,FUR-CH-10001215,Furniture,0.2,-320.6272,2016
2016-08-15,225.296,2,CC-12370,South,FUR-CH-10000988,Furniture,0.2,-45.0592,2016
2016-11-10,14.72,5,AF-10885,East,OFF-SU-10001225,Office Supplies,0.2,-2.944,2016
2016-11-10,38.976,3,AF-10885,East,OFF-ST-10001558,Office Supplies,0.2,-7.7952,2016
2016-01-21,153.568,2,TD-20995,West,FUR-CH-10004289,Furniture,0.2,-30.7136,2016
2016-01-21,1013.488,7,TD-20995,West,FUR-CH-10000785,Furniture,0.2,-202.6976,2016
2016-01-15,52.34,2,Dp-13240,East,OFF-EN-10003040,Office Supplies,0.0,0.0,2016
2016-01-15,4.66,2,Dp-13240,East,OFF-AR-10001573,Office Supplies,0.0,0.0,2016
2016-01-15,254.97,3,Dp-13240,East,TEC-AC-10000844,Technology,0.0,0.0,2016
2016-09-19,25.44,6,SD-20485,East,OFF-BI-10000756,Office Supplies,0.0,0.0,2016
2016-09-19,27.93,3,SD-20485,East,OFF-SU-10000381,Office Supplies,0.0,0.0,2016
2016-11-11,6.96,4,BK-11260,West,FUR-FU-10001852,Furniture,0.0,0.0,2016
2016-01-30,17.456,2,JF-15490,West,OFF-BI-10000014,Office Supplies,0.2,-3.4912,2016
2016-10-18,307.92,5,EP-13915,West,FUR-CH-10003396,Furniture,0.2,-61.584,2016
2016-01-04,959.968,4,EB-13975,South,TEC-CO-10000971,Technology,0.2,-191.9936,2016
2016-06-12,23.12,5,CR-12730,Central,OFF-PA-10002160,Office Supplies,0.2,-4.624000000000001,2016
2016-06-27,37.464,7,KH-16330,Central,OFF-PA-10000575,Office Supplies,0.2,-7.4928,2016
2016-06-27,539.658,3,KH-16330,Central,FUR-CH-10003981,Furniture,0.3,-161.8974,2016
2016-11-23,15.8,5,LS-17200,East,OFF-FA-10002763,Office Supplies,0.2,-3.16,2016
2016-11-23,14.368,2,LS-17200,East,FUR-FU-10002088,Furniture,0.2,-2.8736,2016
2016-11-23,70.448,7,LS-17200,East,FUR-FU-10003976,Furniture,0.2,-14.0896,2016
2016-12-06,156.792,1,GT-14710,West,TEC-PH-10002310,Technology,0.2,-31.3584,2016
2016-12-06,431.976,3,GT-14710,West,TEC-PH-10002834,Technology,0.2,-86.3952,2016
2016-12-06,35.89,1,GT-14710,West,OFF-EN-10000927,Office Supplies,0.0,0.0,2016
2016-12-06,47.208,7,GT-14710,West,OFF-BI-10001636,Office Supplies,0.2,-9.4416,2016
2016-12-06,248.08,7,GT-14710,West,OFF-PA-10001736,Office Supplies,0.0,0.0,2016
2016-12-06,189.7,5,GT-14710,West,OFF-PA-10000482,Office Supplies,0.0,0.0,2016
2016-12-06,59.808,3,GT-14710,West,OFF-BI-10001658,Office Supplies,0.2,-11.9616,2016
2016-11-04,38.29,7,LH-17020,West,FUR-FU-10004020,Furniture,0.0,0.0,2016
2016-08-18,39.99,1,GG-14650,East,TEC-PH-10000439,Technology,0.0,0.0,2016
2016-05-25,24.96,4,JB-16045,South,FUR-FU-10000755,Furniture,0.0,0.0,2016
2016-05-25,19.36,2,JB-16045,South,OFF-PA-10002893,Office Supplies,0.0,0.0,2016
2016-05-25,1267.65,9,JB-16045,South,OFF-ST-10000689,Office Supplies,0.0,0.0,2016
2016-02-21,12.99,1,MC-17635,West,TEC-AC-10004227,Technology,0.0,0.0,2016
2016-02-21,18.56,4,MC-17635,West,OFF-BI-10000174,Office Supplies,0.2,-3.712,2016
2016-02-21,449.15,5,MC-17635,West,OFF-ST-10001809,Office Supplies,0.0,0.0,2016
2016-02-21,31.248,7,MC-17635,West,OFF-BI-10002309,Office Supplies,0.2,-6.249600000000001,2016
2016-10-02,61.44,3,TT-21265,East,OFF-AP-10004532,Office Supplies,0.0,0.0,2016
2016-09-09,55.36,4,AT-10735,West,OFF-BI-10004654,Office Supplies,0.2,-11.072,2016
2016-09-08,207.48,1,MG-17875,East,OFF-AP-10003779,Office Supplies,0.0,0.0,2016
2016-12-05,191.82,3,JG-15160,South,FUR-FU-10004748,Furniture,0.0,0.0,2016
2016-07-25,243.88,5,RR-19525,East,OFF-AP-10000026,Office Supplies,0.2,-48.776,2016
2016-08-23,727.296,8,MH-18115,Central,OFF-ST-10002743,Office Supplies,0.2,-145.4592,2016
2016-08-23,22.608,3,MH-18115,Central,FUR-FU-10004973,Furniture,0.6,-13.5648,2016
2016-08-23,666.4,7,MH-18115,Central,TEC-AC-10002842,Technology,0.2,-133.28,2016
2016-03-24,403.168,4,DR-12880,West,TEC-PH-10003691,Technology,0.2,-80.6336,2016
2016-11-21,195.136,4,JH-16180,West,FUR-CH-10003833,Furniture,0.2,-39.0272,2016
2016-05-05,16.72,5,ZD-21925,South,FUR-FU-10004270,Furniture,0.2,-3.344,2016
2016-04-09,517.9,2,SW-20350,Central,TEC-PH-10002555,Technology,0.0,0.0,2016
2016-04-09,5.28,2,SW-20350,Central,OFF-BI-10000831,Office Supplies,0.0,0.0,2016
2016-11-07,119.976,3,DM-13345,East,TEC-AC-10002800,Technology,0.2,-23.9952,2016
2016-01-03,114.46,2,LR-16915,West,OFF-ST-10003692,Office Supplies,0.0,0.0,2016
2016-03-03,447.86,7,BH-11710,East,OFF-BI-10001071,Office Supplies,0.0,0.0,2016
2016-03-03,479.95,5,BH-11710,East,TEC-PH-10001557,Technology,0.0,0.0,2016
2016-03-03,166.44,3,BH-11710,East,OFF-PA-10001977,Office Supplies,0.0,0.0,2016
2016-12-08,12.957,7,JP-16135,East,OFF-BI-10001267,Office Supplies,0.7,-9.0699,2016
2016-07-25,15.712,4,KH-16630,Central,OFF-LA-10004345,Office Supplies,0.2,-3.1424,2016
2016-07-17,21.93,3,AA-10480,Central,OFF-PA-10001471,Office Supplies,0.0,0.0,2016
2016-07-17,242.94,3,AA-10480,Central,OFF-ST-10002344,Office Supplies,0.0,0.0,2016
2016-07-17,7.64,1,AA-10480,Central,OFF-PA-10001892,Office Supplies,0.0,0.0,2016
2016-07-17,51.84,8,AA-10480,Central,OFF-PA-10001934,Office Supplies,0.0,0.0,2016
2016-07-17,265.17,1,AA-10480,Central,OFF-ST-10000078,Office Supplies,0.0,0.0,2016
2016-08-23,837.6,3,MS-17770,West,TEC-MA-10001972,Technology,0.2,-167.52,2016
2016-08-23,135.9,5,MS-17770,West,OFF-EN-10002504,Office Supplies,0.0,0.0,2016
2016-08-23,34.68,6,MS-17770,West,OFF-PA-10002160,Office Supplies,0.0,0.0,2016
2016-08-23,532.704,6,MS-17770,West,FUR-CH-10001973,Furniture,0.2,-106.5408,2016
2016-08-23,43.1,5,MS-17770,West,OFF-AP-10001492,Office Supplies,0.0,0.0,2016
2016-08-23,15.88,4,MS-17770,West,OFF-SU-10002189,Office Supplies,0.0,0.0,2016
2016-09-05,347.802,7,AR-10825,Central,FUR-CH-10002647,Furniture,0.3,-104.3406,2016
2016-06-07,32.4,5,RD-19810,East,OFF-PA-10003441,Office Supplies,0.0,0.0,2016
2016-03-26,67.64,5,DB-13210,South,OFF-ST-10001291,Office Supplies,0.2,-13.528,2016
2016-03-26,119.976,3,DB-13210,South,TEC-AC-10001314,Technology,0.2,-23.9952,2016
2016-10-29,67.0,5,KW-16435,Central,FUR-FU-10002671,Furniture,0.0,0.0,2016
2016-05-28,390.272,8,KC-16675,South,FUR-CH-10003833,Furniture,0.2,-78.0544,2016
2016-05-28,62.192,13,KC-16675,South,OFF-PA-10001667,Office Supplies,0.2,-12.4384,2016
2016-03-21,3.168,2,KT-16465,Central,OFF-BI-10004465,Office Supplies,0.8,-2.5344,2016
2016-03-21,528.43,5,KT-16465,Central,FUR-CH-10000665,Furniture,0.3,-158.529,2016
2016-03-21,13.392,3,KT-16465,Central,OFF-AR-10004956,Office Supplies,0.2,-2.6784,2016
2016-08-08,23.34,3,CM-12655,South,OFF-FA-10001883,Office Supplies,0.0,0.0,2016
2016-01-09,349.95,5,LA-16780,West,TEC-AC-10000420,Technology,0.0,0.0,2016
2016-01-09,377.928,9,LA-16780,West,TEC-PH-10002726,Technology,0.2,-75.5856,2016
2016-05-26,1.504,1,TH-21235,East,OFF-AR-10001919,Office Supplies,0.2,-0.3008,2016
2016-05-26,34.848,2,TH-21235,East,OFF-AP-10002082,Office Supplies,0.2,-6.9696,2016
2016-04-24,3.984,1,JL-15130,West,OFF-BI-10003355,Office Supplies,0.2,-0.7968000000000001,2016
2016-01-15,181.797,1,RC-19825,East,FUR-TA-10002903,Furniture,0.3,-54.5391,2016
2016-05-02,44.94,3,CC-12475,East,OFF-ST-10001580,Office Supplies,0.0,0.0,2016
2016-05-02,45.576,3,CC-12475,East,OFF-BI-10000315,Office Supplies,0.2,-9.1152,2016
2016-11-20,318.43,5,DW-13195,Central,FUR-CH-10003774,Furniture,0.3,-95.529,2016
2016-11-20,122.92,7,DW-13195,Central,TEC-PH-10003095,Technology,0.2,-24.584,2016
2016-11-20,7.068,3,DW-13195,Central,FUR-FU-10000023,Furniture,0.6,-4.240799999999999,2016
2016-02-01,56.45,5,CK-12760,South,OFF-ST-10002214,Office Supplies,0.0,0.0,2016
2016-09-17,113.888,2,SJ-20125,West,FUR-CH-10004875,Furniture,0.2,-22.7776,2016
2016-09-17,105.584,2,SJ-20125,West,TEC-PH-10002085,Technology,0.2,-21.1168,2016
2016-12-23,24.85,7,MC-17590,Central,OFF-FA-10000992,Office Supplies,0.0,0.0,2016
2016-07-08,107.984,1,CC-12220,West,TEC-PH-10001580,Technology,0.2,-21.5968,2016
2016-07-08,19.296,3,CC-12220,West,OFF-BI-10004209,Office Supplies,0.2,-3.8592,2016
2016-12-09,79.974,3,DK-12835,South,FUR-TA-10001676,Furniture,0.4,-31.9896,2016
2016-12-09,2.946,2,DK-12835,South,OFF-BI-10003712,Office Supplies,0.7,-2.0622,2016
2016-11-13,3.136,2,LB-16795,Central,OFF-BI-10000285,Office Supplies,0.8,-2.5088,2016
2016-03-04,10.08,4,RF-19345,South,OFF-LA-10001641,Office Supplies,0.2,-2.016,2016
2016-10-30,11.68,2,JF-15295,Central,OFF-AR-10004078,Office Supplies,0.0,0.0,2016
2016-09-17,232.4,5,LW-17215,East,OFF-BI-10002026,Office Supplies,0.2,-46.48,2016
2016-03-20,86.45,7,AH-10030,South,FUR-FU-10003691,Furniture,0.0,0.0,2016
2016-08-27,122.97,3,TB-21055,East,OFF-PA-10000675,Office Supplies,0.0,0.0,2016
2016-08-27,244.615,1,TB-21055,East,FUR-TA-10001307,Furniture,0.3,-73.3845,2016
2016-08-27,59.97,3,TB-21055,East,TEC-PH-10000011,Technology,0.0,0.0,2016
2016-08-27,81.54,9,TB-21055,East,OFF-PA-10002666,Office Supplies,0.0,0.0,2016
2016-08-27,11.68,4,TB-21055,East,OFF-FA-10000735,Office Supplies,0.0,0.0,2016
2016-08-27,29.0,5,TB-21055,East,OFF-BI-10000174,Office Supplies,0.0,0.0,2016
2016-08-17,15.712,4,NM-18520,West,OFF-BI-10003712,Office Supplies,0.2,-3.1424,2016
2016-12-26,89.97,3,AR-10510,East,TEC-AC-10003280,Technology,0.0,0.0,2016
2016-05-06,3.208,2,AF-10870,Central,OFF-BI-10000773,Office Supplies,0.8,-2.5664,2016
2016-05-06,26.176,2,AF-10870,Central,TEC-AC-10004510,Technology,0.2,-5.2352,2016
2016-07-16,9.552,3,MC-17425,Central,FUR-FU-10001940,Furniture,0.6,-5.731199999999999,2016
2016-03-25,1287.45,5,TB-21280,Central,TEC-AC-10003832,Technology,0.0,0.0,2016
2016-11-01,111.672,9,CS-12490,Central,OFF-ST-10004950,Office Supplies,0.2,-22.3344,2016
2016-09-20,65.79,9,GM-14695,West,OFF-PA-10001471,Office Supplies,0.0,0.0,2016
2016-09-20,271.984,2,GM-14695,West,OFF-BI-10003656,Office Supplies,0.2,-54.3968,2016
2016-09-20,11.76,4,GM-14695,West,OFF-AR-10000940,Office Supplies,0.0,0.0,2016
2016-09-20,77.52,2,GM-14695,West,OFF-PA-10002319,Office Supplies,0.0,0.0,2016
2016-09-20,48.64,2,GM-14695,West,OFF-BI-10000977,Office Supplies,0.2,-9.728000000000002,2016
2016-09-02,1.81,1,SS-20590,Central,OFF-FA-10002676,Office Supplies,0.0,0.0,2016
2016-09-02,8.26,2,SS-20590,Central,OFF-BI-10004970,Office Supplies,0.0,0.0,2016
2016-05-28,262.24,2,CL-12565,West,OFF-AP-10000891,Office Supplies,0.0,0.0,2016
2016-05-28,182.72,8,CL-12565,West,OFF-PA-10003790,Office Supplies,0.0,0.0,2016
2016-05-28,131.6,7,CL-12565,West,TEC-AC-10002217,Technology,0.0,0.0,2016
2016-05-28,22.72,4,CL-12565,West,OFF-BI-10002215,Office Supplies,0.2,-4.544,2016
2016-05-28,558.4,2,CL-12565,West,TEC-MA-10001972,Technology,0.2,-111.68,2016
2016-07-29,84.784,2,JO-15145,East,OFF-ST-10001713,Office Supplies,0.2,-16.9568,2016
2016-08-06,70.88,2,AH-10690,East,OFF-PA-10000474,Office Supplies,0.0,0.0,2016
2016-10-07,27.264,2,TB-21250,West,OFF-BI-10004001,Office Supplies,0.2,-5.4528,2016
2016-02-20,16.496,2,AH-10210,South,OFF-PA-10004996,Office Supplies,0.2,-3.2992,2016
2016-11-25,5.08,1,HJ-14875,South,OFF-PA-10004675,Office Supplies,0.2,-1.016,2016
2016-12-14,133.38,6,MC-17845,South,FUR-FU-10002045,Furniture,0.0,0.0,2016
2016-12-01,16.74,2,CL-11890,West,FUR-FU-10003724,Furniture,0.0,0.0,2016
2016-11-27,34.95,5,RW-19630,Central,TEC-AC-10004633,Technology,0.0,0.0,2016
2016-11-27,152.0,5,RW-19630,Central,OFF-BI-10000977,Office Supplies,0.0,0.0,2016
2016-12-08,8.56,2,SP-20620,West,OFF-AR-10003056,Office Supplies,0.0,0.0,2016
2016-12-08,45.36,7,SP-20620,West,OFF-PA-10003363,Office Supplies,0.0,0.0,2016
2016-12-08,1421.664,6,SP-20620,West,FUR-TA-10003954,Furniture,0.2,-284.3328,2016
2016-10-21,7.92,4,MY-18295,East,OFF-BI-10002813,Office Supplies,0.0,0.0,2016
2016-11-30,36.192,1,DB-13210,South,TEC-PH-10002890,Technology,0.2,-7.2384,2016
2016-08-08,513.024,2,CA-12055,West,FUR-TA-10001932,Furniture,0.2,-102.6048,2016
2016-08-08,487.92,6,CA-12055,West,OFF-AP-10004487,Office Supplies,0.0,0.0,2016
2016-08-08,15.24,5,CA-12055,West,OFF-BI-10002160,Office Supplies,0.2,-3.048,2016
2016-09-29,209.97,3,JK-15730,South,TEC-AC-10000420,Technology,0.0,0.0,2016
2016-09-29,62.94,3,JK-15730,South,OFF-BI-10001989,Office Supplies,0.0,0.0,2016
2016-09-29,25.92,9,JK-15730,South,OFF-AR-10001149,Office Supplies,0.0,0.0,2016
2016-12-18,900.08,4,JK-16120,East,OFF-ST-10003716,Office Supplies,0.0,0.0,2016
2016-12-20,66.3,3,SC-20800,South,TEC-AC-10002323,Technology,0.0,0.0,2016
2016-08-09,30.816,9,HA-14920,South,OFF-PA-10000130,Office Supplies,0.2,-6.1632,2016
2016-08-09,44.784,2,HA-14920,South,TEC-PH-10002350,Technology,0.2,-8.9568,2016
2016-08-09,569.536,4,HA-14920,South,OFF-AP-10002518,Office Supplies,0.2,-113.9072,2016
2016-11-21,40.46,7,DM-13345,Central,OFF-PA-10003845,Office Supplies,0.0,0.0,2016
2016-11-21,404.94,3,DM-13345,Central,TEC-PH-10001580,Technology,0.0,0.0,2016
2016-09-05,116.0,8,ML-17395,West,TEC-AC-10002345,Technology,0.0,0.0,2016
2016-11-24,657.552,6,GA-14515,Central,TEC-PH-10004120,Technology,0.2,-131.5104,2016
2016-06-24,38.24,4,BD-11320,West,TEC-PH-10004833,Technology,0.2,-7.648000000000001,2016
2016-05-19,21.4,5,RP-19855,Central,OFF-AR-10003056,Office Supplies,0.0,0.0,2016
2016-05-28,54.9,5,EH-13765,East,OFF-SU-10001218,Office Supplies,0.0,0.0,2016
2016-06-17,40.74,3,FM-14380,East,OFF-ST-10000419,Office Supplies,0.0,0.0,2016
2016-09-18,5.352,3,SV-20365,East,FUR-FU-10002107,Furniture,0.2,-1.0704,2016
2016-09-18,99.372,2,SV-20365,East,FUR-CH-10002647,Furniture,0.3,-29.8116,2016
2016-09-18,2.672,1,SV-20365,East,OFF-AR-10002257,Office Supplies,0.2,-0.5344000000000001,2016
2016-03-29,45.528,3,ME-17320,Central,OFF-PA-10001295,Office Supplies,0.2,-9.1056,2016
2016-03-29,844.116,6,ME-17320,Central,FUR-CH-10002965,Furniture,0.3,-253.2348,2016
2016-03-29,812.736,8,ME-17320,Central,TEC-PH-10001254,Technology,0.2,-162.5472,2016
2016-07-03,12.96,2,GT-14755,West,OFF-PA-10000552,Office Supplies,0.0,0.0,2016
2016-07-03,3.96,2,GT-14755,West,OFF-FA-10001135,Office Supplies,0.0,0.0,2016
2016-09-09,15.008,4,DB-12910,Central,FUR-FU-10003832,Furniture,0.6,-9.0048,2016
2016-06-07,4.784,1,FM-14290,West,OFF-BI-10003305,Office Supplies,0.2,-0.9568,2016
2016-06-07,4.73,1,FM-14290,West,OFF-PA-10004000,Office Supplies,0.0,0.0,2016
2016-07-25,7.89,1,MT-17815,South,OFF-ST-10000321,Office Supplies,0.0,0.0,2016
2016-07-25,65.5,5,MT-17815,South,OFF-PA-10004665,Office Supplies,0.0,0.0,2016
2016-07-25,2430.08,8,MT-17815,South,FUR-TA-10004915,Furniture,0.0,0.0,2016
2016-12-05,465.18,3,JG-15160,East,OFF-ST-10002615,Office Supplies,0.0,0.0,2016
2016-09-11,22.428,3,NZ-18565,East,OFF-BI-10001658,Office Supplies,0.7,-15.6996,2016
2016-09-11,37.52,5,NZ-18565,East,OFF-ST-10002562,Office Supplies,0.2,-7.504000000000001,2016
2016-03-12,29.34,3,CK-12595,East,OFF-EN-10001099,Office Supplies,0.0,0.0,2016
2016-11-29,58.416,2,NC-18535,Central,TEC-AC-10004864,Technology,0.2,-11.6832,2016
2016-09-05,9.555,5,JC-15340,East,OFF-BI-10004410,Office Supplies,0.7,-6.688499999999999,2016
2016-09-22,40.776,3,SH-19975,South,OFF-AR-10003727,Office Supplies,0.2,-8.1552,2016
2016-09-22,63.936,8,SH-19975,South,TEC-PH-10004071,Technology,0.2,-12.7872,2016
2016-11-10,9.216,4,PP-18955,East,OFF-LA-10001613,Office Supplies,0.2,-1.8432,2016
2016-11-10,41.958,7,PP-18955,East,TEC-PH-10000376,Technology,0.4,-16.7832,2016
2016-11-10,89.568,2,PP-18955,East,OFF-PA-10004039,Office Supplies,0.2,-17.9136,2016
2016-11-10,22.248,3,PP-18955,East,OFF-PA-10001776,Office Supplies,0.2,-4.4496,2016
2016-11-10,334.88,4,PP-18955,East,OFF-AP-10002457,Office Supplies,0.2,-66.976,2016
2016-11-10,148.288,7,PP-18955,East,FUR-FU-10000758,Furniture,0.2,-29.6576,2016
2016-11-10,4.624,1,PP-18955,East,OFF-PA-10000682,Office Supplies,0.2,-0.9248,2016
2016-11-10,178.92,7,PP-18955,East,TEC-AC-10002550,Technology,0.2,-35.784,2016
2016-11-10,69.888,7,PP-18955,East,OFF-BI-10002082,Office Supplies,0.7,-48.9216,2016
2016-07-18,33.8,5,JP-15460,West,OFF-SU-10004782,Office Supplies,0.2,-6.76,2016
2016-06-13,377.97,3,SC-20050,Central,TEC-PH-10003484,Technology,0.0,0.0,2016
2016-04-08,8.872,1,EH-14125,East,OFF-EN-10002312,Office Supplies,0.2,-1.7744,2016
2016-04-08,121.104,6,EH-14125,East,OFF-BI-10004224,Office Supplies,0.7,-84.77279999999999,2016
2016-12-13,9.84,3,JC-15340,West,OFF-AR-10004757,Office Supplies,0.0,0.0,2016
2016-05-20,2.694,2,DB-13210,South,OFF-BI-10004140,Office Supplies,0.7,-1.8858,2016
2016-10-15,232.96,7,QJ-19255,South,OFF-BI-10002082,Office Supplies,0.0,0.0,2016
2016-10-15,66.54,6,QJ-19255,South,OFF-EN-10002312,Office Supplies,0.0,0.0,2016
2016-10-15,43.26,3,QJ-19255,South,OFF-AP-10000696,Office Supplies,0.0,0.0,2016
2016-01-09,15.168,2,MF-17665,East,FUR-FU-10002445,Furniture,0.2,-3.0336,2016
2016-09-19,5.04,2,TP-21130,South,OFF-SU-10003002,Office Supplies,0.0,0.0,2016
2016-09-19,249.95,5,TP-21130,South,TEC-AC-10002926,Technology,0.0,0.0,2016
2016-09-17,33.4,5,BS-11590,Central,OFF-AR-10002656,Office Supplies,0.0,0.0,2016
2016-12-20,18.92,4,AB-10255,South,FUR-FU-10001918,Furniture,0.0,0.0,2016
2016-12-20,15.42,2,AB-10255,South,OFF-BI-10003910,Office Supplies,0.0,0.0,2016
2016-12-26,18.72,2,SH-19975,West,OFF-AP-10000252,Office Supplies,0.2,-3.744,2016
2016-06-05,360.38,2,JL-15235,East,OFF-ST-10001496,Office Supplies,0.0,0.0,2016
2016-06-05,11.16,2,JL-15235,East,OFF-AR-10000122,Office Supplies,0.0,0.0,2016
2016-06-05,14.94,3,JL-15235,East,OFF-LA-10000407,Office Supplies,0.0,0.0,2016
2016-03-17,129.98,2,VM-21835,East,TEC-PH-10000673,Technology,0.0,0.0,2016
2016-03-17,32.54,2,VM-21835,East,OFF-BI-10000962,Office Supplies,0.0,0.0,2016
2016-12-09,10.9,1,LH-17155,Central,TEC-PH-10003988,Technology,0.0,0.0,2016
2016-12-09,59.98,2,LH-17155,Central,TEC-AC-10001109,Technology,0.0,0.0,2016
2016-12-09,61.929,1,LH-17155,Central,OFF-AP-10002311,Office Supplies,0.1,-6.192900000000001,2016
2016-01-15,16.52,4,WB-21850,East,OFF-EN-10001137,Office Supplies,0.0,0.0,2016
2016-01-15,60.12,9,WB-21850,East,OFF-PA-10004285,Office Supplies,0.0,0.0,2016
2016-01-15,49.536,3,WB-21850,East,OFF-BI-10002225,Office Supplies,0.2,-9.907200000000001,2016
2016-09-23,118.25,5,RA-19915,South,OFF-ST-10003058,Office Supplies,0.0,0.0,2016
2016-09-23,368.97,3,RA-19915,South,FUR-CH-10002084,Furniture,0.0,0.0,2016
2016-03-03,42.784,7,JG-15310,Central,OFF-PA-10001892,Office Supplies,0.2,-8.5568,2016
2016-03-03,563.43,5,JG-15310,Central,FUR-CH-10004983,Furniture,0.3,-169.029,2016
2016-02-29,111.104,7,LC-16870,East,OFF-AR-10001615,Office Supplies,0.2,-22.2208,2016
2016-08-13,241.96,2,TS-21160,Central,FUR-BO-10001337,Furniture,0.0,0.0,2016
2016-08-13,8.52,3,TS-21160,Central,OFF-BI-10003529,Office Supplies,0.0,0.0,2016
2016-03-21,99.372,2,DM-12955,Central,FUR-TA-10004767,Furniture,0.3,-29.8116,2016
2016-03-21,1.344,1,DM-12955,Central,OFF-AR-10001868,Office Supplies,0.2,-0.2688,2016
2016-12-17,2003.52,6,CM-12160,West,FUR-TA-10004256,Furniture,0.2,-400.704,2016
2016-05-12,82.368,2,FM-14215,East,OFF-ST-10004804,Office Supplies,0.2,-16.4736,2016
2016-10-31,1085.42,7,JD-15895,West,OFF-ST-10002615,Office Supplies,0.0,0.0,2016
2016-09-04,3.912,1,IL-15100,Central,OFF-AR-10002804,Office Supplies,0.2,-0.7824,2016
2016-09-04,62.376,3,IL-15100,Central,OFF-AR-10001044,Office Supplies,0.2,-12.4752,2016
2016-04-17,29.05,5,SW-20350,Central,OFF-FA-10000134,Office Supplies,0.0,0.0,2016
2016-10-14,102.592,1,NC-18415,South,FUR-CH-10003606,Furniture,0.2,-20.5184,2016
2016-10-14,22.704,1,NC-18415,South,TEC-AC-10002473,Technology,0.2,-4.5408,2016
2016-10-14,93.024,3,NC-18415,South,OFF-PA-10002319,Office Supplies,0.2,-18.6048,2016
2016-10-14,12.768,2,NC-18415,South,OFF-SU-10000946,Office Supplies,0.2,-2.5536,2016
2016-10-14,35.008,4,NC-18415,South,OFF-EN-10001335,Office Supplies,0.2,-7.001600000000001,2016
2016-10-14,39.152,1,NC-18415,South,OFF-PA-10002377,Office Supplies,0.2,-7.830400000000001,2016
2016-07-08,823.96,5,ZD-21925,South,TEC-PH-10002824,Technology,0.2,-164.792,2016
2016-07-08,15.984,2,ZD-21925,South,OFF-PA-10004965,Office Supplies,0.2,-3.1968,2016
2016-09-05,23.472,3,DM-13015,South,OFF-EN-10001099,Office Supplies,0.2,-4.694400000000001,2016
2016-09-05,86.058,7,DM-13015,South,OFF-BI-10001597,Office Supplies,0.7,-60.2406,2016
2016-09-05,108.784,2,DM-13015,South,TEC-PH-10002660,Technology,0.2,-21.7568,2016
2016-09-05,10.272,3,DM-13015,South,OFF-PA-10000327,Office Supplies,0.2,-2.0544,2016
2016-10-28,38.19,5,EP-13915,South,OFF-BI-10001191,Office Supplies,0.7,-26.733,2016
2016-03-03,134.85,3,CC-12670,Central,TEC-PH-10003171,Technology,0.0,0.0,2016
2016-11-24,659.9,2,SP-20860,West,TEC-AC-10003033,Technology,0.0,0.0,2016
2016-11-24,1684.752,6,SP-20860,West,FUR-CH-10001394,Furniture,0.2,-336.9504,2016
2016-11-24,559.92,8,SP-20860,West,TEC-AC-10000420,Technology,0.0,0.0,2016
2016-11-10,279.944,7,MS-17770,Central,TEC-AC-10004901,Technology,0.2,-55.9888,2016
2016-06-28,359.976,3,RF-19735,Central,TEC-PH-10001299,Technology,0.2,-71.9952,2016
2016-03-14,241.332,5,JS-15880,Central,FUR-BO-10004409,Furniture,0.32,-77.22624,2016
2016-03-14,5.184,1,JS-15880,Central,OFF-PA-10001934,Office Supplies,0.2,-1.0368,2016
2016-03-14,145.544,7,JS-15880,Central,OFF-AR-10001044,Office Supplies,0.2,-29.1088,2016
2016-08-26,5.472,3,VG-21805,East,OFF-AR-10004165,Office Supplies,0.2,-1.0944,2016
2016-08-26,47.984,2,VG-21805,East,TEC-AC-10001109,Technology,0.2,-9.5968,2016
2016-12-10,1424.9,5,MH-17455,Central,FUR-CH-10003379,Furniture,0.0,0.0,2016
2016-06-23,835.17,7,MG-17695,East,OFF-SU-10000157,Office Supplies,0.0,0.0,2016
2016-05-16,17.34,3,DO-13435,West,OFF-PA-10004971,Office Supplies,0.0,0.0,2016
2016-11-18,6.368,2,SN-20710,Central,OFF-AR-10003514,Office Supplies,0.2,-1.2736,2016
2016-11-18,48.848,2,SN-20710,Central,OFF-LA-10003510,Office Supplies,0.2,-9.7696,2016
2016-11-18,19.648,2,SN-20710,Central,OFF-PA-10001970,Office Supplies,0.2,-3.9296,2016
2016-11-18,255.108,6,SN-20710,Central,FUR-CH-10003817,Furniture,0.3,-76.5324,2016
2016-03-01,159.984,2,ON-18715,West,TEC-PH-10003535,Technology,0.2,-31.9968,2016
2016-06-26,22.14,3,DN-13690,West,FUR-FU-10002364,Furniture,0.0,0.0,2016
2016-05-29,11.277,3,RB-19360,South,OFF-BI-10002414,Office Supplies,0.7,-7.893899999999999,2016
2016-05-29,4.448,2,RB-19360,South,OFF-AR-10003732,Office Supplies,0.2,-0.8896000000000002,2016
2016-05-29,44.76,3,RB-19360,South,FUR-FU-10001085,Furniture,0.2,-8.952,2016
2016-09-22,7.872,3,PW-19240,East,OFF-AR-10003481,Office Supplies,0.2,-1.5744,2016
2016-04-01,88.04,4,DW-13540,East,OFF-AR-10002956,Office Supplies,0.0,0.0,2016
2016-05-20,40.635,7,EH-14125,West,OFF-BI-10003638,Office Supplies,0.7,-28.4445,2016
2016-03-29,13.48,2,JM-15250,East,OFF-PA-10000466,Office Supplies,0.0,0.0,2016
2016-03-29,29.8,5,JM-15250,East,OFF-BI-10003708,Office Supplies,0.2,-5.960000000000001,2016
2016-03-29,414.0,8,JM-15250,East,FUR-FU-10004848,Furniture,0.0,0.0,2016
2016-03-29,41.328,7,JM-15250,East,OFF-BI-10000320,Office Supplies,0.2,-8.265600000000001,2016
2016-10-22,39.92,4,EB-13930,South,FUR-FU-10003731,Furniture,0.0,0.0,2016
2016-07-07,287.968,4,CC-12370,West,FUR-CH-10003061,Furniture,0.2,-57.59360000000001,2016
2016-07-07,2799.96,5,CC-12370,West,TEC-CO-10003763,Technology,0.2,-559.9920000000001,2016
2016-07-07,48.94,1,CC-12370,West,OFF-PA-10002923,Office Supplies,0.0,0.0,2016
2016-04-17,257.499,3,JM-15535,West,FUR-BO-10003441,Furniture,0.15,-38.62485,2016
2016-04-17,79.12,5,CS-12175,South,FUR-FU-10003798,Furniture,0.2,-15.824,2016
2016-03-03,637.896,3,CC-12220,Central,FUR-TA-10004915,Furniture,0.3,-191.3688,2016
2016-03-03,287.91,3,CC-12220,Central,TEC-MA-10001016,Technology,0.4,-115.164,2016
2016-03-03,36.6,3,CC-12220,Central,OFF-EN-10000483,Office Supplies,0.2,-7.32,2016
2016-09-26,236.88,6,SN-20710,West,OFF-AP-10000576,Office Supplies,0.0,0.0,2016
2016-09-26,29.9,5,SN-20710,West,OFF-PA-10004040,Office Supplies,0.0,0.0,2016
2016-09-26,100.0,4,SN-20710,West,TEC-AC-10003063,Technology,0.0,0.0,2016
2016-12-12,18.693,3,JM-15655,East,OFF-BI-10003982,Office Supplies,0.7,-13.0851,2016
2016-12-12,383.952,6,JM-15655,East,TEC-AC-10002567,Technology,0.2,-76.7904,2016
2016-11-01,68.112,3,XP-21865,Central,TEC-AC-10002473,Technology,0.2,-13.6224,2016
2016-03-10,39.992,1,BD-11770,East,TEC-AC-10002800,Technology,0.2,-7.9984,2016
2016-08-28,13.14,9,TP-21415,Central,OFF-BI-10000050,Office Supplies,0.8,-10.512,2016
2016-08-28,10.024,4,TP-21415,Central,OFF-BI-10002414,Office Supplies,0.8,-8.0192,2016
2016-08-28,156.3728,2,TP-21415,Central,FUR-BO-10003159,Furniture,0.32,-50.03929600000001,2016
2016-09-25,60.048,9,KE-16420,West,OFF-PA-10000380,Office Supplies,0.2,-12.0096,2016
2016-09-25,5.022,1,KE-16420,West,OFF-BI-10004828,Office Supplies,0.7,-3.5154,2016
2016-08-04,302.384,2,LC-16930,West,TEC-PH-10002275,Technology,0.2,-60.4768,2016
2016-08-04,20.952,3,LC-16930,West,OFF-BI-10003291,Office Supplies,0.2,-4.1904,2016
2016-08-04,11.784,3,LC-16930,West,OFF-BI-10000343,Office Supplies,0.2,-2.3568,2016
2016-04-01,20.7,2,TB-21175,East,OFF-LA-10001297,Office Supplies,0.0,0.0,2016
2016-04-01,10.95,3,TB-21175,East,OFF-SU-10001574,Office Supplies,0.0,0.0,2016
2016-04-01,14.352,3,TB-21175,East,OFF-BI-10003305,Office Supplies,0.2,-2.8704,2016
2016-08-22,4.312,2,DD-13570,Central,OFF-BI-10003676,Office Supplies,0.8,-3.4496,2016
2016-11-24,1219.96,5,AC-10450,West,OFF-BI-10004632,Office Supplies,0.2,-243.992,2016
2016-12-30,6.924,6,KD-16495,Central,OFF-BI-10004654,Office Supplies,0.8,-5.539200000000001,2016
2016-06-13,18.9,3,SS-20590,Central,OFF-LA-10003148,Office Supplies,0.0,0.0,2016
2016-12-29,38.088,4,MP-17965,South,OFF-BI-10004781,Office Supplies,0.7,-26.6616,2016
2016-12-29,2.808,3,MP-17965,South,OFF-BI-10000145,Office Supplies,0.7,-1.9656,2016
2016-04-16,12.84,3,AP-10915,South,OFF-AR-10003056,Office Supplies,0.0,0.0,2016
2016-07-01,14.2,2,JF-15355,South,OFF-BI-10002215,Office Supplies,0.0,0.0,2016
2016-07-01,12.96,2,JF-15355,South,OFF-PA-10000788,Office Supplies,0.0,0.0,2016
2016-07-01,58.34,2,JF-15355,South,OFF-BI-10003364,Office Supplies,0.0,0.0,2016
2016-06-16,46.35,5,BD-11320,West,OFF-PA-10001776,Office Supplies,0.0,0.0,2016
2016-12-05,81.94,1,AG-10300,East,FUR-BO-10002853,Furniture,0.0,0.0,2016
2016-10-21,98.16,6,CM-12160,East,TEC-AC-10004510,Technology,0.0,0.0,2016
2016-09-26,9.99,1,CS-12175,Central,OFF-PA-10004022,Office Supplies,0.0,0.0,2016
2016-04-08,24.7,5,CK-12595,West,FUR-FU-10002597,Furniture,0.0,0.0,2016
2016-12-03,394.816,4,CJ-12010,East,OFF-AP-10000179,Office Supplies,0.2,-78.9632,2016
2016-12-03,18.192,4,CJ-12010,East,OFF-BI-10001072,Office Supplies,0.7,-12.7344,2016
2016-03-04,128.4,3,RD-19480,Central,OFF-BI-10003876,Office Supplies,0.0,0.0,2016
2016-09-30,1.964,2,SJ-20215,Central,OFF-BI-10000343,Office Supplies,0.8,-1.5712,2016
2016-03-24,22.48,1,VG-21805,Central,OFF-PA-10001994,Office Supplies,0.0,0.0,2016
2016-07-23,11.416,4,NF-18475,Central,OFF-BI-10000948,Office Supplies,0.8,-9.132800000000001,2016
2016-04-04,149.97,3,ME-17320,South,TEC-PH-10001448,Technology,0.0,0.0,2016
2016-04-04,27.81,3,ME-17320,South,OFF-PA-10001776,Office Supplies,0.0,0.0,2016
2016-12-01,88.08,6,SJ-20500,East,OFF-BI-10004236,Office Supplies,0.0,0.0,2016
2016-12-01,751.92,4,SJ-20500,East,FUR-CH-10004997,Furniture,0.0,0.0,2016
2016-03-14,196.784,2,MM-18280,West,FUR-CH-10002880,Furniture,0.2,-39.3568,2016
2016-11-05,863.128,8,EP-13915,Central,FUR-TA-10002774,Furniture,0.3,-258.9384,2016
2016-11-05,3.564,3,EP-13915,Central,OFF-BI-10004364,Office Supplies,0.8,-2.8512,2016
2016-11-05,956.6648,7,EP-13915,Central,FUR-BO-10000780,Furniture,0.32,-306.132736,2016
2016-11-05,12.588,3,EP-13915,Central,OFF-BI-10001989,Office Supplies,0.8,-10.0704,2016
2016-11-05,171.96,5,EP-13915,Central,TEC-AC-10004001,Technology,0.2,-34.392,2016
2016-11-24,207.76,4,LA-16780,East,FUR-FU-10000965,Furniture,0.0,0.0,2016
2016-04-16,9099.93,7,BS-11365,East,TEC-MA-10001047,Technology,0.0,0.0,2016
2016-04-16,9.96,2,BS-11365,East,FUR-FU-10000550,Furniture,0.0,0.0,2016
2016-04-16,25.3,5,BS-11365,East,OFF-BI-10002432,Office Supplies,0.0,0.0,2016
2016-10-04,59.752,7,MO-17500,Central,OFF-EN-10003862,Office Supplies,0.2,-11.9504,2016
2016-06-28,7.752,3,CS-12250,West,OFF-BI-10002764,Office Supplies,0.2,-1.5504,2016
2016-06-28,33.568,2,CS-12250,West,OFF-BI-10001524,Office Supplies,0.2,-6.7136,2016
2016-01-25,9.21,3,TB-21355,East,OFF-AR-10000315,Office Supplies,0.0,0.0,2016
2016-01-25,18.0,5,TB-21355,East,OFF-PA-10000007,Office Supplies,0.0,0.0,2016
2016-09-18,631.782,2,MM-17260,East,FUR-CH-10001394,Furniture,0.1,-63.1782,2016
2016-09-18,60.72,3,MM-17260,East,FUR-FU-10004053,Furniture,0.0,0.0,2016
2016-05-21,111.96,2,CP-12340,East,OFF-PA-10000565,Office Supplies,0.0,0.0,2016
2016-11-05,104.9,5,MA-17995,Central,OFF-BI-10001989,Office Supplies,0.0,0.0,2016
2016-11-05,39.68,2,MA-17995,Central,OFF-AR-10002987,Office Supplies,0.0,0.0,2016
2016-11-05,51.75,5,MA-17995,Central,OFF-LA-10000414,Office Supplies,0.0,0.0,2016
2016-11-18,103.968,6,SB-20290,East,OFF-AP-10002998,Office Supplies,0.2,-20.7936,2016
2016-10-27,43.92,4,BP-11095,West,OFF-AP-10001366,Office Supplies,0.0,0.0,2016
2016-10-27,25.032,3,BP-11095,West,OFF-BI-10001628,Office Supplies,0.2,-5.0064,2016
2016-09-08,70.368,2,KB-16585,Central,OFF-AR-10001953,Office Supplies,0.2,-14.0736,2016
2016-09-08,59.96,5,KB-16585,Central,TEC-PH-10000923,Technology,0.2,-11.992,2016
2016-11-15,361.376,2,AH-10690,West,TEC-PH-10002549,Technology,0.2,-72.2752,2016
2016-03-17,199.9,5,GZ-14470,East,OFF-EN-10003055,Office Supplies,0.0,0.0,2016
2016-03-17,901.95,3,GZ-14470,East,OFF-AP-10002945,Office Supplies,0.0,0.0,2016
2016-03-17,971.5,5,GZ-14470,East,FUR-FU-10004306,Furniture,0.0,0.0,2016
2016-12-26,11.328,2,RC-19825,West,OFF-AR-10002445,Office Supplies,0.2,-2.2656,2016
2016-11-20,9.08,2,BF-10975,Central,OFF-PA-10001622,Office Supplies,0.0,0.0,2016
2016-11-20,314.55,3,BF-10975,Central,OFF-PA-10000418,Office Supplies,0.0,0.0,2016
2016-11-20,4.91,1,BF-10975,Central,OFF-BI-10000343,Office Supplies,0.0,0.0,2016
2016-11-03,20.0,4,AP-10915,South,OFF-FA-10002280,Office Supplies,0.0,0.0,2016
2016-11-03,7.98,3,AP-10915,South,OFF-AR-10001770,Office Supplies,0.0,0.0,2016
2016-11-03,24.1,5,AP-10915,South,FUR-FU-10002885,Furniture,0.0,0.0,2016
2016-11-03,8.75,1,AP-10915,South,OFF-AR-10003772,Office Supplies,0.0,0.0,2016
2016-11-03,842.94,3,AP-10915,South,FUR-TA-10003392,Furniture,0.0,0.0,2016
2016-05-03,2.182,1,CB-12415,Central,OFF-BI-10000014,Office Supplies,0.8,-1.7456,2016
2016-05-03,27.384,7,CB-12415,Central,OFF-AR-10003217,Office Supplies,0.2,-5.476800000000001,2016
2016-05-03,26.406,3,CB-12415,Central,OFF-AP-10002403,Office Supplies,0.8,-21.1248,2016
2016-12-27,10.368,2,MT-17815,Central,OFF-PA-10001972,Office Supplies,0.2,-2.0736,2016
2016-12-27,23.68,4,MT-17815,Central,OFF-PA-10004041,Office Supplies,0.2,-4.736,2016
2016-07-22,109.95,1,DK-13375,Central,TEC-AC-10004975,Technology,0.0,0.0,2016
2016-07-22,965.85,5,DK-13375,Central,OFF-ST-10001932,Office Supplies,0.0,0.0,2016
2016-07-22,29.2,5,DK-13375,Central,OFF-AR-10001761,Office Supplies,0.0,0.0,2016
2016-07-22,32.4,5,DK-13375,Central,OFF-PA-10002262,Office Supplies,0.0,0.0,2016
2016-07-04,25.4,5,AA-10645,West,FUR-FU-10000221,Furniture,0.0,0.0,2016
2016-07-04,43.96,2,AA-10645,West,OFF-EN-10003567,Office Supplies,0.0,0.0,2016
2016-07-04,1279.165,5,AA-10645,West,FUR-BO-10001811,Furniture,0.15,-191.87475,2016
2016-07-04,27.92,4,AA-10645,West,OFF-ST-10002486,Office Supplies,0.0,0.0,2016
2016-11-03,15.26,7,XP-21865,West,OFF-FA-10001561,Office Supplies,0.0,0.0,2016
2016-11-03,43.32,2,XP-21865,West,OFF-AP-10002998,Office Supplies,0.0,0.0,2016
2016-11-03,43.584,12,XP-21865,West,OFF-BI-10003981,Office Supplies,0.2,-8.716800000000001,2016
2016-11-03,116.28,3,XP-21865,West,OFF-PA-10001725,Office Supplies,0.0,0.0,2016
2016-11-03,9.296,2,XP-21865,West,OFF-BI-10002071,Office Supplies,0.2,-1.8592,2016
2016-11-03,19.44,3,XP-21865,West,OFF-PA-10000477,Office Supplies,0.0,0.0,2016
2016-11-03,314.55,3,XP-21865,West,OFF-PA-10004359,Office Supplies,0.0,0.0,2016
2016-04-10,12.96,2,FM-14215,West,OFF-PA-10002787,Office Supplies,0.0,0.0,2016
2016-04-10,23.2,5,FM-14215,West,OFF-BI-10000174,Office Supplies,0.2,-4.64,2016
2016-11-10,37.3,2,KM-16225,Central,FUR-FU-10001085,Furniture,0.0,0.0,2016
2016-11-10,81.96,2,KM-16225,Central,OFF-BI-10001597,Office Supplies,0.0,0.0,2016
2016-10-02,54.792,6,LP-17095,West,OFF-BI-10002429,Office Supplies,0.7,-38.3544,2016
2016-09-06,10.784,1,BG-11740,Central,OFF-ST-10001590,Office Supplies,0.2,-2.1568,2016
2016-10-27,290.98,1,BW-11200,South,FUR-CH-10000847,Furniture,0.0,0.0,2016
2016-09-15,21.4,5,RB-19570,West,OFF-PA-10000807,Office Supplies,0.0,0.0,2016
2016-09-15,48.664,7,RB-19570,West,OFF-BI-10002103,Office Supplies,0.2,-9.732800000000001,2016
2016-09-25,16.56,4,JW-16075,West,OFF-AR-10004441,Office Supplies,0.0,0.0,2016
2016-11-14,2.296,2,KC-16540,Central,OFF-BI-10002393,Office Supplies,0.8,-1.8368,2016
2016-11-14,408.006,2,MB-17305,East,FUR-CH-10002335,Furniture,0.1,-40.8006,2016
2016-11-14,40.44,3,MB-17305,East,OFF-ST-10001590,Office Supplies,0.0,0.0,2016
2016-02-27,56.82,3,EB-13930,Central,OFF-BI-10004738,Office Supplies,0.0,0.0,2016
2016-12-12,657.93,7,MG-17650,Central,TEC-PH-10002103,Technology,0.0,0.0,2016
2016-12-12,33.48,4,MG-17650,Central,FUR-FU-10003724,Furniture,0.0,0.0,2016
2016-12-12,13.9,5,MG-17650,Central,OFF-AR-10003732,Office Supplies,0.0,0.0,2016
2016-12-12,26.86,2,MG-17650,Central,OFF-ST-10000885,Office Supplies,0.0,0.0,2016
2016-09-19,25.632,3,AP-10720,East,FUR-FU-10003424,Furniture,0.2,-5.1264,2016
2016-06-10,23.616,8,JB-16000,East,OFF-LA-10003720,Office Supplies,0.2,-4.7232,2016
2016-08-26,8.26,2,TS-21430,West,OFF-AR-10000390,Office Supplies,0.0,0.0,2016
2016-12-26,17.76,2,MC-18130,West,OFF-SU-10000952,Office Supplies,0.0,0.0,2016
2016-12-26,302.384,2,MC-18130,West,TEC-PH-10002275,Technology,0.2,-60.4768,2016
2016-12-26,146.352,3,MC-18130,West,FUR-CH-10003535,Furniture,0.2,-29.2704,2016
2016-12-26,7.9,2,MC-18130,West,OFF-AP-10004052,Office Supplies,0.0,0.0,2016
2016-12-26,902.712,3,MC-18130,West,FUR-TA-10003473,Furniture,0.2,-180.5424,2016
2016-12-26,53.97,3,MC-18130,West,OFF-AR-10001897,Office Supplies,0.0,0.0,2016
2016-12-05,33.92,8,TC-21475,East,OFF-AR-10000034,Office Supplies,0.0,0.0,2016
2016-01-24,31.36,4,HG-14965,South,OFF-BI-10000285,Office Supplies,0.0,0.0,2016
2016-12-31,47.616,3,EP-13915,South,OFF-AR-10000588,Office Supplies,0.2,-9.523200000000001,2016
2016-12-31,23.48,5,EP-13915,South,OFF-PA-10002250,Office Supplies,0.2,-4.696000000000001,2016
2016-09-05,62.79,3,GH-14410,Central,OFF-AP-10002457,Office Supplies,0.8,-50.232,2016
2016-09-05,28.44,9,GH-14410,Central,OFF-FA-10002763,Office Supplies,0.2,-5.688000000000001,2016
2016-11-13,77.55,5,CK-12760,East,OFF-ST-10003455,Office Supplies,0.0,0.0,2016
2016-11-13,24.88,2,CK-12760,East,OFF-ST-10000876,Office Supplies,0.0,0.0,2016
2016-11-13,140.75,5,CK-12760,East,OFF-AR-10003582,Office Supplies,0.0,0.0,2016
2016-11-13,36.63,3,CK-12760,East,OFF-ST-10004258,Office Supplies,0.0,0.0,2016
2016-09-11,1599.92,8,JF-15565,South,TEC-CO-10001943,Technology,0.0,0.0,2016
2016-09-11,11.09,1,JF-15565,South,OFF-EN-10002312,Office Supplies,0.0,0.0,2016
2016-08-12,145.764,2,BC-11125,East,FUR-CH-10000225,Furniture,0.1,-14.5764,2016
2016-04-26,434.646,3,DB-13360,East,FUR-CH-10004983,Furniture,0.1,-43.4646,2016
2016-09-18,3.0,1,PO-18850,South,OFF-LA-10002787,Office Supplies,0.2,-0.6000000000000001,2016
2016-09-22,7.506,9,AC-10450,South,OFF-BI-10004022,Office Supplies,0.7,-5.2542,2016
2016-09-22,16.56,2,AC-10450,South,OFF-LA-10001158,Office Supplies,0.2,-3.312,2016
2016-01-10,79.92,4,KB-16585,West,FUR-FU-10000076,Furniture,0.0,0.0,2016
2016-01-10,69.98,2,KB-16585,West,TEC-AC-10002335,Technology,0.0,0.0,2016
2016-07-31,283.14,4,KL-16645,Central,OFF-AP-10001005,Office Supplies,0.1,-28.314,2016
2016-07-31,635.96,4,KL-16645,Central,TEC-PH-10004042,Technology,0.0,0.0,2016
2016-07-31,118.99,1,KL-16645,Central,TEC-PH-10001079,Technology,0.0,0.0,2016
2016-07-31,272.94,3,KL-16645,Central,FUR-FU-10002918,Furniture,0.0,0.0,2016
2016-07-14,29.61,9,RE-19450,East,OFF-FA-10000936,Office Supplies,0.0,0.0,2016
2016-12-01,863.928,9,MV-18190,South,TEC-PH-10003811,Technology,0.2,-172.7856,2016
2016-08-29,241.92,4,GB-14530,East,FUR-TA-10004152,Furniture,0.4,-96.768,2016
2016-08-29,163.88,4,GB-14530,East,FUR-BO-10002853,Furniture,0.5,-81.94,2016
2016-08-29,3.486,2,GB-14530,East,OFF-BI-10002071,Office Supplies,0.7,-2.4402,2016
2016-08-29,10.584,7,GB-14530,East,OFF-FA-10000053,Office Supplies,0.2,-2.1168,2016
2016-06-24,440.91,9,HL-15040,Central,TEC-PH-10001305,Technology,0.0,0.0,2016
2016-06-24,8.712,2,DH-13075,Central,OFF-AP-10002082,Office Supplies,0.8,-6.9696,2016
2016-05-17,65.17,7,AG-10900,East,OFF-SU-10000381,Office Supplies,0.0,0.0,2016
2016-05-17,14.62,2,AG-10900,East,OFF-LA-10002475,Office Supplies,0.0,0.0,2016
2016-05-17,173.24,4,AG-10900,East,FUR-FU-10003975,Furniture,0.0,0.0,2016
2016-05-22,14.73,3,JF-15490,South,OFF-LA-10004345,Office Supplies,0.0,0.0,2016
2016-11-11,9.888,2,LB-16795,South,OFF-BI-10002852,Office Supplies,0.7,-6.9216,2016
2016-11-11,671.544,3,LB-16795,South,OFF-AP-10001058,Office Supplies,0.2,-134.3088,2016
2016-07-18,15.576,3,SV-20935,Central,TEC-AC-10000487,Technology,0.2,-3.1152,2016
2016-04-07,658.746,3,Dl-13600,East,FUR-CH-10000454,Furniture,0.1,-65.8746,2016
2016-03-03,25.35,3,TS-21160,West,OFF-SU-10004782,Office Supplies,0.0,0.0,2016
2016-03-03,35.28,3,TS-21160,West,FUR-FU-10000672,Furniture,0.0,0.0,2016
2016-12-24,33.4,5,BV-11245,West,OFF-PA-10002986,Office Supplies,0.0,0.0,2016
2016-10-07,837.6,3,DL-13495,West,TEC-MA-10001972,Technology,0.2,-167.52,2016
2016-12-09,40.68,3,EB-13870,South,TEC-PH-10000169,Technology,0.2,-8.136000000000001,2016
2016-12-30,5.904,2,BM-11785,East,OFF-LA-10003720,Office Supplies,0.2,-1.1808,2016
2016-12-30,13.712,2,BM-11785,East,OFF-SU-10001664,Office Supplies,0.2,-2.7424,2016
2016-09-19,11.952,3,CC-12430,West,OFF-BI-10003355,Office Supplies,0.2,-2.3904,2016
2016-09-19,6.24,3,CC-12430,West,OFF-SU-10001212,Office Supplies,0.0,0.0,2016
2016-02-19,8.67,3,CK-12760,East,OFF-LA-10004425,Office Supplies,0.0,0.0,2016
2016-02-19,25.71,3,CK-12760,East,OFF-SU-10001664,Office Supplies,0.0,0.0,2016
2016-05-14,57.582,3,MK-17905,South,OFF-BI-10001718,Office Supplies,0.7,-40.3074,2016
2016-05-14,31.104,6,MK-17905,South,OFF-PA-10004983,Office Supplies,0.2,-6.220800000000001,2016
2016-05-14,30.192,3,MK-17905,South,FUR-FU-10002396,Furniture,0.2,-6.0384,2016
2016-05-14,43.6,5,MK-17905,South,TEC-PH-10003988,Technology,0.2,-8.72,2016
2016-05-14,4.768,2,MK-17905,South,OFF-AR-10002467,Office Supplies,0.2,-0.9536,2016
2016-05-14,10.38,2,MK-17905,South,OFF-BI-10004002,Office Supplies,0.7,-7.266,2016
2016-05-14,13.392,8,MK-17905,South,OFF-BI-10002309,Office Supplies,0.7,-9.3744,2016
2016-11-14,380.058,3,EB-14110,East,FUR-CH-10000785,Furniture,0.3,-114.0174,2016
2016-11-14,1199.976,4,EB-14110,East,TEC-CO-10004115,Technology,0.4,-479.9904000000001,2016
2016-11-14,48.576,3,EB-14110,East,FUR-FU-10002813,Furniture,0.2,-9.715200000000001,2016
2016-05-08,17.94,3,TB-21625,West,OFF-PA-10002751,Office Supplies,0.0,0.0,2016
2016-07-10,44.856,6,NZ-18565,West,OFF-BI-10001658,Office Supplies,0.7,-31.3992,2016
2016-11-21,30.345,7,CK-12205,East,TEC-MA-10000752,Technology,0.7,-21.2415,2016
2016-11-21,127.554,3,CK-12205,East,FUR-CH-10003817,Furniture,0.3,-38.2662,2016
2016-11-21,77.952,3,CK-12205,East,FUR-FU-10001876,Furniture,0.2,-15.5904,2016
2016-05-15,13.776,3,TT-21220,East,OFF-BI-10002393,Office Supplies,0.2,-2.7552,2016
2016-12-23,5.553,3,NM-18520,East,OFF-BI-10001267,Office Supplies,0.7,-3.8871,2016
2016-11-07,14.96,4,CC-12475,East,OFF-FA-10004968,Office Supplies,0.0,0.0,2016
2016-12-18,1793.98,2,GK-14620,East,OFF-BI-10001359,Office Supplies,0.0,0.0,2016
2016-11-10,20.368,1,SH-19975,East,OFF-BI-10001191,Office Supplies,0.2,-4.0736,2016
2016-11-10,49.848,3,SH-19975,East,OFF-BI-10003982,Office Supplies,0.2,-9.9696,2016
2016-07-29,2.214,3,PW-19240,South,OFF-BI-10000201,Office Supplies,0.7,-1.5498,2016
2016-11-28,182.67,3,RF-19345,South,FUR-CH-10004477,Furniture,0.0,0.0,2016
2016-11-28,101.7,6,RF-19345,South,TEC-AC-10003441,Technology,0.0,0.0,2016
2016-11-28,1126.02,3,RF-19345,South,OFF-ST-10004459,Office Supplies,0.0,0.0,2016
2016-11-28,1263.3,6,RF-19345,South,OFF-ST-10003805,Office Supplies,0.0,0.0,2016
2016-12-23,8.82,3,EH-13765,West,OFF-AR-10001246,Office Supplies,0.0,0.0,2016
2016-12-23,37.94,2,EH-13765,West,OFF-PA-10001295,Office Supplies,0.0,0.0,2016
2016-12-23,4.2,2,EH-13765,West,OFF-AR-10001231,Office Supplies,0.0,0.0,2016
2016-12-23,227.28,2,EH-13765,West,OFF-ST-10002743,Office Supplies,0.0,0.0,2016
2016-12-23,47.9,1,EH-13765,West,OFF-PA-10004327,Office Supplies,0.0,0.0,2016
2016-12-23,61.96,2,EH-13765,West,OFF-EN-10004773,Office Supplies,0.0,0.0,2016
2016-12-23,1117.92,4,EH-13765,West,OFF-ST-10003470,Office Supplies,0.0,0.0,2016
2016-08-22,26.352,8,SG-20470,West,OFF-BI-10000088,Office Supplies,0.7,-18.4464,2016
2016-01-02,173.94,3,BM-11575,East,FUR-BO-10004709,Furniture,0.0,0.0,2016
2016-01-02,231.98,2,BM-11575,East,TEC-PH-10000455,Technology,0.0,0.0,2016
2016-09-05,96.08,2,JH-15985,West,OFF-PA-10004381,Office Supplies,0.0,0.0,2016
2016-09-05,11.68,2,JH-15985,West,OFF-BI-10000050,Office Supplies,0.2,-2.336,2016
2016-09-05,4.36,2,JH-15985,West,OFF-FA-10000304,Office Supplies,0.0,0.0,2016
2016-10-28,12.42,3,DL-13330,East,OFF-AR-10004441,Office Supplies,0.0,0.0,2016
2016-11-18,61.192,1,TC-21535,West,TEC-PH-10003357,Technology,0.2,-12.2384,2016
2016-11-18,67.84,1,TC-21535,West,OFF-AP-10002867,Office Supplies,0.0,0.0,2016
2016-05-15,7.764,4,DP-13000,South,OFF-BI-10000301,Office Supplies,0.7,-5.4348,2016
2016-11-06,207.984,2,KL-16555,South,FUR-CH-10000513,Furniture,0.2,-41.5968,2016
2016-11-06,36.112,2,KL-16555,South,OFF-PA-10002421,Office Supplies,0.2,-7.2224,2016
2016-11-06,35.568,2,KL-16555,South,FUR-FU-10004090,Furniture,0.2,-7.1136,2016
2016-11-06,88.768,2,KL-16555,South,OFF-PA-10004071,Office Supplies,0.2,-17.7536,2016
2016-11-07,12.9,2,PS-19045,West,OFF-PA-10002246,Office Supplies,0.0,0.0,2016
2016-12-09,20.568,3,RW-19630,Central,OFF-SU-10001664,Office Supplies,0.2,-4.113600000000001,2016
2016-12-09,4.356,2,RW-19630,Central,OFF-AP-10003971,Office Supplies,0.8,-3.4848,2016
2016-12-09,19.04,4,RW-19630,Central,TEC-AC-10000199,Technology,0.2,-3.808,2016
2016-11-06,84.84,3,IM-15070,West,OFF-ST-10003442,Office Supplies,0.0,0.0,2016
2016-04-24,15.552,3,CL-12700,West,OFF-PA-10003441,Office Supplies,0.2,-3.1104,2016
2016-04-24,1325.76,6,CL-12700,West,FUR-CH-10004287,Furniture,0.2,-265.152,2016
2016-04-24,3.108,2,CL-12700,West,OFF-BI-10004040,Office Supplies,0.7,-2.1756,2016
2016-01-31,109.592,1,SC-20050,West,TEC-PH-10004120,Technology,0.2,-21.9184,2016
2016-01-31,56.7,5,SC-20050,West,OFF-PA-10002764,Office Supplies,0.0,0.0,2016
2016-05-24,69.5,5,EH-14125,South,OFF-SU-10000898,Office Supplies,0.0,0.0,2016
2016-05-24,191.6,4,EH-14125,South,OFF-PA-10004327,Office Supplies,0.0,0.0,2016
2016-10-07,10.56,2,CC-12475,West,OFF-PA-10000143,Office Supplies,0.0,0.0,2016
2016-12-18,72.64,2,JE-15475,West,TEC-AC-10001465,Technology,0.0,0.0,2016
2016-12-18,772.47,3,JE-15475,West,TEC-AC-10003832,Technology,0.0,0.0,2016
2016-12-18,39.92,4,JE-15475,West,FUR-FU-10003731,Furniture,0.0,0.0,2016
2016-12-26,212.94,3,BB-11545,East,FUR-CH-10003968,Furniture,0.0,0.0,2016
2016-12-26,26.49,1,BB-11545,East,OFF-AP-10002765,Office Supplies,0.0,0.0,2016
2016-11-10,67.71,3,AI-10855,West,OFF-PA-10002421,Office Supplies,0.0,0.0,2016
2016-11-10,129.92,4,AI-10855,West,OFF-AP-10000055,Office Supplies,0.0,0.0,2016
2016-11-10,467.46,9,AI-10855,West,FUR-FU-10000965,Furniture,0.0,0.0,2016
2016-11-10,61.4,5,AI-10855,West,OFF-PA-10001363,Office Supplies,0.0,0.0,2016
2016-11-10,720.76,4,AI-10855,West,OFF-ST-10001496,Office Supplies,0.0,0.0,2016
2016-11-10,5.184,3,AI-10855,West,OFF-BI-10004656,Office Supplies,0.2,-1.0368,2016
2016-11-10,14.7,5,AI-10855,West,OFF-AR-10001227,Office Supplies,0.0,0.0,2016
2016-04-03,99.846,9,CS-11950,East,OFF-BI-10004330,Office Supplies,0.7,-69.8922,2016
2016-12-05,699.98,2,TP-21130,South,TEC-PH-10000560,Technology,0.0,0.0,2016
2016-12-05,584.82,9,TP-21130,South,OFF-ST-10000060,Office Supplies,0.0,0.0,2016
2016-09-08,35.168,4,JM-15580,South,TEC-AC-10004209,Technology,0.2,-7.0336,2016
2016-09-08,64.704,3,JM-15580,South,OFF-PA-10000501,Office Supplies,0.2,-12.9408,2016
2016-06-06,105.52,4,SC-20230,East,OFF-PA-10003656,Office Supplies,0.0,0.0,2016
2016-01-31,15.552,3,AB-10150,Central,OFF-PA-10003936,Office Supplies,0.2,-3.1104,2016
2016-11-17,10.776,3,MS-17365,West,OFF-BI-10004140,Office Supplies,0.2,-2.1552,2016
2016-10-23,17.05,5,AB-10255,West,OFF-FA-10002983,Office Supplies,0.0,0.0,2016
2016-11-13,30.36,4,TS-21430,Central,FUR-FU-10003096,Furniture,0.0,0.0,2016
2016-04-01,1317.492,6,FP-14320,East,FUR-CH-10000454,Furniture,0.1,-131.7492,2016
2016-04-01,63.84,8,FP-14320,East,OFF-SU-10000946,Office Supplies,0.0,0.0,2016
2016-04-01,3.592,1,FP-14320,East,OFF-BI-10004140,Office Supplies,0.2,-0.7184,2016
2016-11-18,301.96,2,AJ-10945,Central,FUR-CH-10000863,Furniture,0.0,0.0,2016
2016-05-27,3504.9,5,LA-16780,Central,FUR-CH-10002024,Furniture,0.0,0.0,2016
2016-05-27,144.12,3,LA-16780,Central,OFF-PA-10001790,Office Supplies,0.0,0.0,2016
2016-05-27,314.55,3,LA-16780,Central,OFF-PA-10000994,Office Supplies,0.0,0.0,2016
2016-11-05,53.248,2,JH-15985,West,OFF-BI-10002082,Office Supplies,0.2,-10.6496,2016
2016-12-26,4.992,3,AJ-10795,East,OFF-BI-10004967,Office Supplies,0.2,-0.9984000000000001,2016
2016-03-03,3930.072,3,AA-10315,Central,OFF-SU-10000151,Office Supplies,0.2,-786.0144,2016
2016-03-03,2.304,1,AA-10315,Central,OFF-FA-10001332,Office Supplies,0.2,-0.4608,2016
2016-03-03,431.976,3,AA-10315,Central,TEC-PH-10000895,Technology,0.2,-86.3952,2016
2016-03-03,41.72,7,AA-10315,Central,TEC-AC-10002857,Technology,0.2,-8.344,2016
2016-09-26,51.45,3,CM-12445,West,OFF-ST-10004507,Office Supplies,0.0,0.0,2016
2016-09-26,7.83,3,CM-12445,West,OFF-LA-10000262,Office Supplies,0.0,0.0,2016
2016-09-26,35.4,5,CM-12445,West,OFF-AR-10002445,Office Supplies,0.0,0.0,2016
2016-09-26,29.9,5,CM-12445,West,OFF-PA-10001667,Office Supplies,0.0,0.0,2016
2016-06-21,36.56,5,AS-10090,East,OFF-BI-10001553,Office Supplies,0.2,-7.312000000000001,2016
2016-06-21,186.144,6,AS-10090,East,OFF-BI-10003007,Office Supplies,0.2,-37.2288,2016
2016-06-21,353.568,2,AS-10090,East,FUR-BO-10003272,Furniture,0.2,-70.7136,2016
2016-11-19,54.96,3,TT-21265,Central,OFF-AP-10001947,Office Supplies,0.0,0.0,2016
2016-09-11,332.94,3,EB-14110,West,OFF-ST-10004186,Office Supplies,0.0,0.0,2016
2016-09-11,39.872,2,EB-14110,West,OFF-BI-10001658,Office Supplies,0.2,-7.9744,2016
2016-09-23,13.68,2,CM-11815,West,OFF-SU-10004737,Office Supplies,0.0,0.0,2016
2016-07-25,10.44,1,KM-16375,South,OFF-BI-10003694,Office Supplies,0.0,0.0,2016
2016-08-02,136.464,2,BF-11020,West,FUR-TA-10001691,Furniture,0.2,-27.2928,2016
2016-08-02,333.576,3,BF-11020,West,TEC-PH-10001918,Technology,0.2,-66.71520000000001,2016
2016-08-02,12.544,2,BF-11020,West,OFF-BI-10000285,Office Supplies,0.2,-2.5088,2016
2016-12-12,249.95,5,EC-14050,South,TEC-AC-10001314,Technology,0.0,0.0,2016
2016-12-12,49.12,4,EC-14050,South,OFF-PA-10004438,Office Supplies,0.0,0.0,2016
2016-08-08,10.56,2,CC-12145,Central,OFF-PA-10003270,Office Supplies,0.0,0.0,2016
2016-11-26,3.744,4,PA-19060,South,OFF-BI-10000145,Office Supplies,0.7,-2.6208,2016
2016-09-23,4.08,2,DV-13045,West,OFF-EN-10001509,Office Supplies,0.0,0.0,2016
2016-09-23,18.9,3,DV-13045,West,OFF-LA-10003148,Office Supplies,0.0,0.0,2016
2016-05-30,2275.5,10,AH-10690,South,FUR-TA-10002645,Furniture,0.0,0.0,2016
2016-05-30,1979.7,6,AH-10690,South,TEC-AC-10003033,Technology,0.0,0.0,2016
2016-05-30,62.1,6,AH-10690,South,OFF-LA-10001297,Office Supplies,0.0,0.0,2016
2016-02-21,68.95,5,BV-11245,East,FUR-FU-10000629,Furniture,0.0,0.0,2016
2016-02-21,296.37,3,BV-11245,East,OFF-ST-10000036,Office Supplies,0.0,0.0,2016
2016-02-21,39.98,2,BV-11245,East,TEC-PH-10002583,Technology,0.0,0.0,2016
2016-08-21,9.216,4,SU-20665,South,OFF-LA-10004559,Office Supplies,0.2,-1.8432,2016
2016-08-21,28.048,2,SU-20665,South,OFF-SU-10002573,Office Supplies,0.2,-5.6096,2016
2016-05-02,187.056,9,DL-12865,South,FUR-CH-10002304,Furniture,0.2,-37.4112,2016
2016-12-25,33.568,2,BD-11620,East,OFF-BI-10001524,Office Supplies,0.2,-6.7136,2016
2016-09-04,63.94,1,CV-12295,East,FUR-FU-10004748,Furniture,0.0,0.0,2016
2016-09-04,60.6,5,CV-12295,East,OFF-BI-10001460,Office Supplies,0.2,-12.12,2016
2016-09-04,22.72,4,CV-12295,East,OFF-SU-10002503,Office Supplies,0.0,0.0,2016
2016-09-06,41.92,4,YC-21895,Central,OFF-PA-10004665,Office Supplies,0.2,-8.384,2016
2016-09-06,329.584,2,YC-21895,Central,TEC-PH-10002447,Technology,0.2,-65.91680000000001,2016
2016-09-03,87.28,8,CY-12745,South,OFF-BI-10000014,Office Supplies,0.0,0.0,2016
2016-09-29,27.24,5,AR-10540,West,OFF-BI-10002982,Office Supplies,0.2,-5.448,2016
2016-12-29,70.56,6,CD-11920,Central,FUR-FU-10000672,Furniture,0.0,0.0,2016
2016-12-29,81.96,2,CD-11920,Central,OFF-AP-10001293,Office Supplies,0.0,0.0,2016
2016-11-20,151.192,1,EH-13990,Central,TEC-PH-10004539,Technology,0.2,-30.2384,2016
2016-08-14,15.54,3,JM-15580,West,OFF-PA-10000551,Office Supplies,0.0,0.0,2016
2016-08-14,105.552,6,JM-15580,West,TEC-MA-10000423,Technology,0.2,-21.1104,2016
2016-09-05,25.92,5,DM-13525,Central,OFF-PA-10001870,Office Supplies,0.2,-5.184000000000001,2016
2016-09-05,15.808,8,DM-13525,Central,OFF-FA-10001843,Office Supplies,0.2,-3.1616,2016
2016-09-05,10.368,2,DM-13525,Central,OFF-PA-10002036,Office Supplies,0.2,-2.0736,2016
2016-09-24,63.2,5,EB-13750,West,FUR-FU-10002501,Furniture,0.0,0.0,2016
2016-11-20,39.0,12,MC-17605,West,OFF-AP-10003622,Office Supplies,0.0,0.0,2016
2016-09-27,2.907,3,BM-11650,East,OFF-BI-10002764,Office Supplies,0.7,-2.0349,2016
2016-04-09,556.665,5,HF-14995,West,FUR-BO-10001798,Furniture,0.15,-83.49974999999999,2016
2016-02-22,445.96,5,TZ-21580,West,TEC-PH-10002398,Technology,0.2,-89.19200000000001,2016
2016-02-22,36.24,1,TZ-21580,West,TEC-AC-10003399,Technology,0.0,0.0,2016
2016-02-22,10.65,3,TZ-21580,West,OFF-FA-10000992,Office Supplies,0.0,0.0,2016
2016-09-11,224.75,5,TB-21625,Central,TEC-PH-10003171,Technology,0.0,0.0,2016
2016-03-31,280.782,3,CS-11950,East,TEC-PH-10002789,Technology,0.4,-112.3128,2016
2016-03-31,31.984,2,CS-11950,East,TEC-AC-10003289,Technology,0.2,-6.396800000000001,2016
2016-12-29,11.232,3,PF-19225,West,OFF-BI-10000138,Office Supplies,0.2,-2.2464,2016
2016-12-03,1649.95,5,NM-18520,West,TEC-AC-10003870,Technology,0.0,0.0,2016
2016-12-03,111.9,6,NM-18520,West,FUR-FU-10001085,Furniture,0.0,0.0,2016
2016-06-14,599.165,5,MH-17290,West,FUR-BO-10004218,Furniture,0.15,-89.87474999999999,2016
2016-09-02,46.53,3,SZ-20035,West,OFF-ST-10003455,Office Supplies,0.0,0.0,2016
2016-04-04,588.784,2,EH-14185,East,OFF-BI-10004600,Office Supplies,0.2,-117.7568,2016
2016-07-25,20.936,1,BE-11335,Central,OFF-EN-10003040,Office Supplies,0.2,-4.1872,2016
2016-08-26,33.0,6,DR-12880,East,TEC-PH-10003442,Technology,0.0,0.0,2016
2016-08-26,249.95,5,DR-12880,East,TEC-AC-10002800,Technology,0.0,0.0,2016
2016-07-22,86.2,5,KN-16705,West,OFF-SU-10004261,Office Supplies,0.0,0.0,2016
2016-06-09,122.352,3,DB-13210,West,FUR-CH-10002774,Furniture,0.2,-24.4704,2016
2016-05-30,123.92,5,JM-16195,East,OFF-AP-10003842,Office Supplies,0.2,-24.784,2016
2016-11-20,128.4,3,SJ-20500,East,OFF-BI-10002133,Office Supplies,0.0,0.0,2016
2016-10-08,61.96,2,JE-15745,West,OFF-PA-10000167,Office Supplies,0.0,0.0,2016
2016-04-08,17.92,4,PG-18820,South,OFF-EN-10002973,Office Supplies,0.0,0.0,2016
2016-11-18,1319.96,4,KC-16255,South,TEC-AC-10003870,Technology,0.0,0.0,2016
2016-06-05,21.552,6,CK-12205,West,OFF-BI-10000829,Office Supplies,0.2,-4.3104,2016
2016-06-05,58.24,4,CK-12205,West,OFF-AP-10004859,Office Supplies,0.0,0.0,2016
2016-12-10,80.28,12,SJ-20125,West,OFF-PA-10000575,Office Supplies,0.0,0.0,2016
2016-06-06,179.94,6,CK-12595,South,TEC-AC-10001109,Technology,0.0,0.0,2016
2016-06-06,26.85,3,CK-12595,South,TEC-AC-10003038,Technology,0.0,0.0,2016
2016-06-06,323.37,3,CK-12595,South,TEC-AC-10003174,Technology,0.0,0.0,2016
2016-06-06,59.94,3,CK-12595,South,OFF-PA-10000157,Office Supplies,0.0,0.0,2016
2016-06-06,64.14,3,CK-12595,South,OFF-BI-10001721,Office Supplies,0.0,0.0,2016
2016-06-06,11.67,3,CK-12595,South,OFF-BI-10000591,Office Supplies,0.0,0.0,2016
2016-06-06,12.96,2,CK-12595,South,OFF-PA-10001534,Office Supplies,0.0,0.0,2016
2016-12-19,455.97,6,ES-14080,West,FUR-TA-10001086,Furniture,0.5,-227.985,2016
2016-12-19,10.44,6,ES-14080,West,OFF-BI-10000174,Office Supplies,0.7,-7.307999999999999,2016
2016-12-19,5.214,2,ES-14080,West,OFF-BI-10002103,Office Supplies,0.7,-3.6498,2016
2016-12-12,383.64,6,RF-19840,West,FUR-FU-10004864,Furniture,0.0,0.0,2016
2016-12-12,56.52,3,RF-19840,West,OFF-AP-10002350,Office Supplies,0.0,0.0,2016
2016-05-09,8.0,5,PS-18970,East,OFF-AR-10000462,Office Supplies,0.0,0.0,2016
2016-12-08,34.05,3,DB-13615,West,OFF-ST-10000615,Office Supplies,0.0,0.0,2016
2016-12-08,352.38,2,DB-13615,West,OFF-ST-10003816,Office Supplies,0.0,0.0,2016
2016-08-27,14.16,1,TB-21355,Central,OFF-ST-10003572,Office Supplies,0.2,-2.832,2016
2016-08-27,79.92,5,TB-21355,Central,OFF-PA-10004353,Office Supplies,0.2,-15.984,2016
2016-09-20,17.088,2,FM-14215,South,FUR-FU-10001546,Furniture,0.2,-3.4176,2016
2016-09-20,98.392,1,FM-14215,South,FUR-CH-10002880,Furniture,0.2,-19.6784,2016
2016-02-02,117.96,2,AB-10105,East,OFF-ST-10003994,Office Supplies,0.0,0.0,2016
2016-08-23,21.3,5,JP-15460,East,OFF-AR-10002399,Office Supplies,0.0,0.0,2016
2016-08-23,1040.8,5,JP-15460,East,OFF-AP-10002118,Office Supplies,0.0,0.0,2016
2016-08-23,29.34,6,JP-15460,East,OFF-AR-10001954,Office Supplies,0.0,0.0,2016
2016-09-25,499.95,5,SC-20695,Central,TEC-AC-10001908,Technology,0.0,0.0,2016
2016-09-25,3.04,1,SC-20695,Central,OFF-AR-10000817,Office Supplies,0.0,0.0,2016
2016-09-25,201.96,2,SC-20695,Central,FUR-CH-10004218,Furniture,0.0,0.0,2016
2016-09-25,68.64,11,SC-20695,Central,FUR-FU-10000755,Furniture,0.0,0.0,2016
2016-10-24,100.0,4,VW-21775,West,TEC-AC-10003063,Technology,0.0,0.0,2016
2016-10-24,359.98,2,VW-21775,West,TEC-AC-10002637,Technology,0.0,0.0,2016
2016-08-21,815.292,9,RB-19465,East,FUR-TA-10002530,Furniture,0.4,-326.1168,2016
2016-09-23,10.528,7,CR-12580,East,OFF-BI-10004187,Office Supplies,0.2,-2.1056,2016
2016-04-01,7.04,4,DB-12910,South,FUR-FU-10003274,Furniture,0.0,0.0,2016
2016-12-18,45.24,4,AH-10120,West,OFF-BI-10001670,Office Supplies,0.7,-31.668,2016
2016-12-18,18.688,4,AH-10120,West,OFF-AR-10004078,Office Supplies,0.2,-3.7376,2016
2016-12-18,11.648,2,AH-10120,West,OFF-PA-10003036,Office Supplies,0.2,-2.3296,2016
2016-12-18,112.776,3,AH-10120,West,TEC-AC-10000991,Technology,0.2,-22.5552,2016
2016-12-18,377.45,5,AH-10120,West,FUR-TA-10002530,Furniture,0.5,-188.725,2016
2016-12-18,15.936,4,AH-10120,West,OFF-LA-10000407,Office Supplies,0.2,-3.1872,2016
2016-12-18,28.68,3,AH-10120,West,TEC-PH-10004833,Technology,0.2,-5.736000000000001,2016
2016-09-24,21.44,2,CL-12700,West,FUR-FU-10002671,Furniture,0.2,-4.288,2016
2016-09-24,511.056,9,CL-12700,West,OFF-ST-10001370,Office Supplies,0.2,-102.2112,2016
2016-07-21,18.656,2,JG-15310,East,OFF-AR-10000914,Office Supplies,0.2,-3.7312,2016
2016-07-21,11.088,7,JG-15310,East,OFF-BI-10001116,Office Supplies,0.7,-7.761599999999999,2016
2016-07-21,66.688,1,JG-15310,East,OFF-ST-10002276,Office Supplies,0.2,-13.3376,2016
2016-07-21,99.488,2,JG-15310,East,OFF-ST-10004340,Office Supplies,0.2,-19.8976,2016
2016-06-11,14.62,2,SE-20110,West,OFF-LA-10004093,Office Supplies,0.0,0.0,2016
2016-06-11,53.984,14,SE-20110,West,OFF-BI-10004728,Office Supplies,0.2,-10.7968,2016
2016-06-11,389.97,3,SE-20110,West,TEC-AC-10003095,Technology,0.0,0.0,2016
2016-01-22,12.96,2,MC-17275,West,OFF-PA-10003953,Office Supplies,0.0,0.0,2016
2016-07-28,20.44,7,SC-20680,Central,OFF-FA-10000735,Office Supplies,0.0,0.0,2016
2016-07-28,109.92,2,SC-20680,Central,OFF-PA-10002120,Office Supplies,0.0,0.0,2016
2016-09-24,6.38,1,BP-11230,Central,OFF-BI-10001249,Office Supplies,0.0,0.0,2016
2016-09-24,6.48,1,BP-11230,Central,OFF-PA-10001569,Office Supplies,0.0,0.0,2016
2016-05-05,71.088,2,AH-10465,West,FUR-TA-10001676,Furniture,0.2,-14.2176,2016
2016-11-05,11.84,1,EB-14170,Central,OFF-LA-10002312,Office Supplies,0.2,-2.368,2016
2016-11-24,40.752,3,CA-12055,East,OFF-EN-10001532,Office Supplies,0.2,-8.150400000000001,2016
2016-11-24,139.96,5,CA-12055,East,TEC-AC-10004855,Technology,0.2,-27.992,2016
2016-09-26,12.96,2,DW-13585,West,OFF-PA-10004735,Office Supplies,0.0,0.0,2016
2016-12-31,38.376,3,BP-11155,West,OFF-BI-10004233,Office Supplies,0.2,-7.6752,2016
2016-12-08,249.584,2,LH-16900,South,TEC-PH-10002496,Technology,0.2,-49.9168,2016
2016-12-08,68.112,3,LH-16900,South,TEC-AC-10002473,Technology,0.2,-13.6224,2016
2016-12-08,16.56,3,LH-16900,South,TEC-AC-10004877,Technology,0.2,-3.312,2016
2016-01-22,44.4,3,FP-14320,West,OFF-LA-10003498,Office Supplies,0.0,0.0,2016
2016-01-22,20.65,5,FP-14320,West,OFF-LA-10004484,Office Supplies,0.0,0.0,2016
2016-02-03,866.4,4,LC-17050,South,FUR-CH-10000015,Furniture,0.0,0.0,2016
2016-12-30,481.32,4,JP-16135,West,OFF-ST-10001526,Office Supplies,0.0,0.0,2016
2016-12-30,6.384,1,JP-16135,West,OFF-BI-10002194,Office Supplies,0.2,-1.2768,2016
2016-10-08,60.144,6,PM-19135,Central,OFF-LA-10004545,Office Supplies,0.2,-12.0288,2016
2016-08-31,23.968,2,TP-21130,Central,OFF-ST-10001580,Office Supplies,0.2,-4.793600000000001,2016
2016-04-12,638.288,7,BP-11290,West,FUR-CH-10001545,Furniture,0.2,-127.6576,2016
2016-04-12,13.208,1,BP-11290,West,OFF-BI-10004826,Office Supplies,0.2,-2.6416,2016
2016-12-04,15.528,3,LM-17065,East,OFF-BI-10000301,Office Supplies,0.2,-3.1056,2016
2016-12-04,104.85,1,KT-16465,West,OFF-PA-10000994,Office Supplies,0.0,0.0,2016
2016-09-04,12.192,3,DL-13315,South,OFF-PA-10002195,Office Supplies,0.2,-2.4384,2016
2016-09-04,87.168,2,DL-13315,South,OFF-AP-10001205,Office Supplies,0.2,-17.4336,2016
2016-09-04,31.744,2,DL-13315,South,OFF-AR-10002987,Office Supplies,0.2,-6.348800000000001,2016
2016-02-06,132.224,4,KB-16240,South,FUR-FU-10000723,Furniture,0.2,-26.4448,2016
2016-12-03,581.96,2,MM-17920,Central,FUR-TA-10004575,Furniture,0.0,0.0,2016
2016-12-03,29.98,1,MM-17920,Central,FUR-CH-10004754,Furniture,0.0,0.0,2016
2016-07-21,6.264,3,BP-11290,South,OFF-LA-10000262,Office Supplies,0.2,-1.2528,2016
2016-07-21,363.92,5,BP-11290,South,FUR-CH-10002961,Furniture,0.2,-72.784,2016
2016-05-01,109.92,2,CM-12235,South,OFF-PA-10001497,Office Supplies,0.0,0.0,2016
2016-05-01,19.44,3,CM-12235,South,OFF-PA-10003936,Office Supplies,0.0,0.0,2016
2016-05-01,11.16,2,CM-12235,South,OFF-AR-10000716,Office Supplies,0.0,0.0,2016
2016-01-04,4.672,1,BP-11185,East,OFF-AR-10004078,Office Supplies,0.2,-0.9344,2016
2016-01-04,104.58,6,BP-11185,East,OFF-BI-10002026,Office Supplies,0.7,-73.20599999999999,2016
2016-11-07,1603.136,4,MA-17995,West,FUR-CH-10001215,Furniture,0.2,-320.6272,2016
2016-06-14,1293.488,7,EB-13705,West,FUR-TA-10001771,Furniture,0.2,-258.6976,2016
2016-09-24,127.95,3,RD-19900,Central,FUR-FU-10004006,Furniture,0.0,0.0,2016
2016-09-05,192.16,4,MV-17485,East,OFF-PA-10001815,Office Supplies,0.0,0.0,2016
2016-09-18,801.568,2,JW-15220,West,FUR-CH-10001215,Furniture,0.2,-160.3136,2016
2016-09-18,368.91,9,JW-15220,West,OFF-PA-10000100,Office Supplies,0.0,0.0,2016
2016-09-18,885.528,9,JW-15220,West,FUR-CH-10002880,Furniture,0.2,-177.1056,2016
2016-03-13,28.28,2,EH-13765,West,FUR-FU-10004712,Furniture,0.0,0.0,2016
2016-03-13,4912.59,3,EH-13765,West,OFF-SU-10000151,Office Supplies,0.0,0.0,2016
2016-04-14,25.06,2,JM-15580,East,OFF-BI-10002414,Office Supplies,0.0,0.0,2016
2016-11-21,38.432,1,RD-19720,Central,OFF-PA-10001790,Office Supplies,0.2,-7.686400000000001,2016
2016-11-21,21.568,2,RD-19720,Central,OFF-ST-10001590,Office Supplies,0.2,-4.3136,2016
2016-11-21,81.576,3,RD-19720,Central,TEC-AC-10003657,Technology,0.2,-16.3152,2016
2016-04-03,71.12,4,ZD-21925,Central,FUR-FU-10003799,Furniture,0.0,0.0,2016
2016-04-03,259.96,4,ZD-21925,Central,TEC-PH-10000673,Technology,0.0,0.0,2016
2016-11-27,31.56,3,PC-18745,East,FUR-FU-10001889,Furniture,0.0,0.0,2016
2016-12-02,24.704,2,KD-16495,West,OFF-BI-10002353,Office Supplies,0.2,-4.9408,2016
2016-12-02,59.7,3,KD-16495,West,OFF-AP-10001303,Office Supplies,0.0,0.0,2016
2016-12-02,14.52,3,KD-16495,West,FUR-FU-10003026,Furniture,0.0,0.0,2016
2016-12-02,104.184,3,KD-16495,West,OFF-BI-10000632,Office Supplies,0.2,-20.8368,2016
2016-12-17,46.53,3,SC-20680,West,OFF-ST-10001328,Office Supplies,0.0,0.0,2016
2016-11-26,313.176,2,DK-13225,East,FUR-TA-10002958,Furniture,0.4,-125.2704,2016
2016-07-04,25.4,5,RB-19465,West,FUR-FU-10000221,Furniture,0.0,0.0,2016
2016-07-04,177.48,3,RB-19465,West,TEC-PH-10001198,Technology,0.2,-35.496,2016
2016-07-04,71.976,3,RB-19465,West,TEC-PH-10002564,Technology,0.2,-14.3952,2016
2016-08-06,211.168,4,VG-21790,West,TEC-PH-10001700,Technology,0.2,-42.2336,2016
2016-03-12,676.55,5,DK-13225,West,OFF-ST-10002756,Office Supplies,0.0,0.0,2016
2016-03-12,154.9,5,DK-13225,West,OFF-AP-10003842,Office Supplies,0.0,0.0,2016
2016-03-12,30.56,4,DK-13225,West,OFF-EN-10004459,Office Supplies,0.0,0.0,2016
2016-03-12,770.352,3,DK-13225,West,FUR-CH-10003746,Furniture,0.2,-154.0704,2016
2016-01-15,81.98,2,BE-11335,East,OFF-PA-10001033,Office Supplies,0.0,0.0,2016
2016-10-08,387.72,5,DB-13615,South,OFF-ST-10000676,Office Supplies,0.2,-77.54400000000001,2016
2016-11-21,12.96,2,MV-18190,East,OFF-PA-10000232,Office Supplies,0.0,0.0,2016
2016-07-19,185.58,6,JS-16030,South,FUR-FU-10001185,Furniture,0.0,0.0,2016
2016-07-19,77.56,2,JS-16030,South,OFF-BI-10003007,Office Supplies,0.0,0.0,2016
2016-07-19,87.92,4,JS-16030,South,OFF-ST-10002485,Office Supplies,0.0,0.0,2016
2016-07-19,245.94,6,JS-16030,South,OFF-PA-10001033,Office Supplies,0.0,0.0,2016
2016-07-19,8.6,1,JS-16030,South,OFF-BI-10000404,Office Supplies,0.0,0.0,2016
2016-07-19,504.9,5,JS-16030,South,FUR-BO-10003546,Furniture,0.0,0.0,2016
2016-12-11,64.96,5,NS-18640,East,OFF-ST-10001558,Office Supplies,0.2,-12.992,2016
2016-12-11,13.52,2,NS-18640,East,OFF-SU-10004782,Office Supplies,0.2,-2.704,2016
2016-12-11,458.43,5,NS-18640,East,FUR-CH-10003298,Furniture,0.3,-137.529,2016
2016-12-11,387.136,4,NS-18640,East,OFF-AP-10000576,Office Supplies,0.2,-77.42720000000001,2016
2016-12-11,328.59,3,NS-18640,East,FUR-TA-10003008,Furniture,0.4,-131.436,2016
2016-03-10,14.9,5,KF-16285,West,OFF-PA-10004405,Office Supplies,0.0,0.0,2016
2016-03-10,4158.912,8,KF-16285,West,TEC-PH-10002885,Technology,0.2,-831.7824,2016
2016-08-13,17.34,2,HG-15025,South,OFF-AP-10002222,Office Supplies,0.0,0.0,2016
2016-08-13,71.98,2,HG-15025,South,TEC-AC-10000158,Technology,0.0,0.0,2016
2016-11-19,18.48,2,LT-17110,South,OFF-AR-10003752,Office Supplies,0.2,-3.696,2016
2016-11-14,9.84,3,TB-21250,West,OFF-AR-10003829,Office Supplies,0.0,0.0,2016
2016-12-25,21.12,4,SS-20140,East,FUR-FU-10003142,Furniture,0.0,0.0,2016
2016-09-04,42.6,3,AA-10645,South,FUR-FU-10003347,Furniture,0.0,0.0,2016
2016-09-04,113.94,6,AA-10645,South,OFF-BI-10000315,Office Supplies,0.0,0.0,2016
2016-09-04,129.92,4,AA-10645,South,OFF-ST-10002583,Office Supplies,0.0,0.0,2016
2016-09-04,5.28,3,AA-10645,South,OFF-AR-10003469,Office Supplies,0.0,0.0,2016
2016-02-04,14.368,2,TB-21520,West,FUR-FU-10002088,Furniture,0.2,-2.8736,2016
2016-06-09,692.94,3,BF-11215,Central,FUR-TA-10001771,Furniture,0.0,0.0,2016
2016-06-15,173.488,7,LS-17245,Central,OFF-PA-10000483,Office Supplies,0.2,-34.6976,2016
2016-09-23,11.952,3,JS-15940,East,OFF-PA-10002586,Office Supplies,0.2,-2.3904,2016
2016-09-23,28.0,4,JS-15940,East,FUR-FU-10004963,Furniture,0.2,-5.600000000000001,2016
2016-09-23,12.201,7,JS-15940,East,OFF-BI-10002071,Office Supplies,0.7,-8.5407,2016
2016-08-18,2.068,1,NF-18385,Central,OFF-BI-10001617,Office Supplies,0.8,-1.6544,2016
2016-08-18,83.84,8,NF-18385,Central,OFF-PA-10004665,Office Supplies,0.2,-16.768,2016
2016-09-01,468.9,6,PG-18820,East,TEC-AC-10001432,Technology,0.0,0.0,2016
2016-09-01,72.48,2,PG-18820,East,TEC-AC-10003399,Technology,0.0,0.0,2016
2016-09-01,10.95,3,PG-18820,East,OFF-SU-10001574,Office Supplies,0.0,0.0,2016
2016-09-01,191.82,3,PG-18820,East,FUR-FU-10004864,Furniture,0.0,0.0,2016
2016-11-22,6.216,6,JE-15475,Central,OFF-BI-10004040,Office Supplies,0.8,-4.9728,2016
2016-11-22,23.616,9,JE-15475,Central,OFF-AR-10003481,Office Supplies,0.2,-4.7232,2016
2016-11-22,24.032,2,JE-15475,Central,TEC-AC-10000387,Technology,0.2,-4.8064,2016
2016-11-22,2.088,1,JE-15475,Central,OFF-LA-10000262,Office Supplies,0.2,-0.4176,2016
2016-11-22,4.488,6,JE-15475,Central,OFF-BI-10003196,Office Supplies,0.8,-3.590400000000001,2016
2016-09-11,6.0,2,AS-10090,Central,OFF-LA-10001982,Office Supplies,0.2,-1.2,2016
2016-09-11,1.908,3,AS-10090,Central,OFF-BI-10004141,Office Supplies,0.8,-1.5264,2016
2016-11-12,1474.802,7,SP-20920,East,FUR-CH-10004495,Furniture,0.3,-442.4406,2016
2016-11-12,110.096,2,SP-20920,East,OFF-AP-10002311,Office Supplies,0.2,-22.0192,2016
2016-11-12,16.752,6,SP-20920,East,OFF-FA-10000585,Office Supplies,0.2,-3.3504,2016
2016-11-12,1537.074,9,SP-20920,East,FUR-CH-10000454,Furniture,0.3,-461.1222,2016
2016-11-12,449.372,2,SP-20920,East,FUR-CH-10003746,Furniture,0.3,-134.8116,2016
2016-03-14,41.904,6,SP-20650,West,OFF-BI-10003291,Office Supplies,0.2,-8.3808,2016
2016-11-13,2279.96,4,CM-12655,East,TEC-PH-10002114,Technology,0.0,0.0,2016
2016-11-13,14.94,3,CM-12655,East,OFF-LA-10001569,Office Supplies,0.0,0.0,2016
2016-03-31,327.996,6,EH-13990,East,FUR-CH-10003817,Furniture,0.1,-32.7996,2016
2016-08-16,161.28,2,AO-10810,West,FUR-TA-10004152,Furniture,0.2,-32.256,2016
2016-11-04,192.8,4,TT-21220,West,OFF-AR-10002135,Office Supplies,0.0,0.0,2016
2016-10-31,32.064,6,FO-14305,South,OFF-PA-10002986,Office Supplies,0.2,-6.412800000000001,2016
2016-06-27,201.584,2,AC-10660,West,TEC-PH-10003484,Technology,0.2,-40.3168,2016
2016-04-08,354.9,5,RM-19375,South,FUR-BO-10001608,Furniture,0.0,0.0,2016
2016-08-03,81.54,3,AG-10330,Central,OFF-EN-10002504,Office Supplies,0.0,0.0,2016
2016-08-03,167.28,12,AG-10330,Central,TEC-AC-10004803,Technology,0.0,0.0,2016
2016-12-03,772.68,4,GM-14440,West,OFF-ST-10001932,Office Supplies,0.0,0.0,2016
2016-12-19,34.248,3,MH-17440,East,OFF-BI-10000948,Office Supplies,0.2,-6.8496,2016
2016-12-19,3.52,2,MH-17440,East,OFF-AR-10001545,Office Supplies,0.0,0.0,2016
2016-12-11,403.92,5,DB-13270,West,FUR-CH-10004218,Furniture,0.2,-80.784,2016
2016-12-24,799.56,9,JM-15535,East,FUR-FU-10003192,Furniture,0.0,0.0,2016
2016-12-16,563.92,5,PK-19075,West,FUR-CH-10001708,Furniture,0.2,-112.784,2016
2016-10-21,235.152,8,SV-20935,East,TEC-PH-10001305,Technology,0.4,-94.0608,2016
2016-10-20,51.016,7,CM-12445,Central,OFF-PA-10000726,Office Supplies,0.2,-10.2032,2016
2016-10-20,25.248,4,CM-12445,Central,OFF-FA-10003112,Office Supplies,0.2,-5.049600000000001,2016
2016-10-20,56.686,1,CM-12445,Central,FUR-CH-10002372,Furniture,0.3,-17.0058,2016
2016-10-20,125.7,6,JS-16030,Central,TEC-PH-10001300,Technology,0.0,0.0,2016
2016-10-20,191.98,2,JS-16030,Central,TEC-PH-10001557,Technology,0.0,0.0,2016
2016-10-20,20.86,7,JS-16030,Central,OFF-ST-10000617,Office Supplies,0.0,0.0,2016
2016-01-22,110.376,4,BT-11530,East,TEC-PH-10004093,Technology,0.4,-44.1504,2016
2016-01-22,55.176,3,BT-11530,East,TEC-AC-10000171,Technology,0.2,-11.0352,2016
2016-02-23,57.576,3,AC-10420,East,OFF-EN-10004386,Office Supplies,0.2,-11.5152,2016
2016-01-22,26.336,4,TB-21280,East,OFF-BI-10004506,Office Supplies,0.2,-5.2672,2016
2016-10-29,11.744,1,LH-17155,West,OFF-BI-10004236,Office Supplies,0.2,-2.3488,2016
2016-11-24,25.35,3,CR-12580,West,OFF-SU-10004782,Office Supplies,0.0,0.0,2016
2016-09-24,442.372,7,MK-17905,Central,OFF-BI-10004584,Office Supplies,0.8,-353.8976,2016
2016-10-06,28.85,5,JH-15910,Central,OFF-BI-10004654,Office Supplies,0.0,0.0,2016
2016-07-17,12.42,3,DK-13375,West,FUR-FU-10001847,Furniture,0.0,0.0,2016
2016-07-17,428.4,3,DK-13375,West,TEC-AC-10004595,Technology,0.0,0.0,2016
2016-07-17,24.75,5,DK-13375,West,FUR-FU-10004164,Furniture,0.0,0.0,2016
2016-07-17,87.71,7,DK-13375,West,OFF-LA-10001074,Office Supplies,0.0,0.0,2016
2016-07-17,69.52,2,DK-13375,West,OFF-ST-10000604,Office Supplies,0.0,0.0,2016
2016-07-17,20.784,2,DK-13375,West,TEC-PH-10000148,Technology,0.2,-4.1568,2016
2016-07-17,12.816,3,DK-13375,West,OFF-BI-10000042,Office Supplies,0.2,-2.5632,2016
2016-09-24,304.9,5,EH-13765,West,OFF-EN-10001453,Office Supplies,0.0,0.0,2016
2016-09-24,563.24,5,EH-13765,West,FUR-CH-10000988,Furniture,0.2,-112.648,2016
2016-10-21,661.176,2,VW-21775,East,FUR-TA-10003238,Furniture,0.4,-264.4704,2016
2016-10-24,239.976,3,CG-12040,South,TEC-PH-10001061,Technology,0.2,-47.9952,2016
2016-11-04,17.584,7,TP-21565,West,OFF-SU-10002301,Office Supplies,0.2,-3.5168,2016
2016-11-04,104.784,1,TP-21565,West,FUR-CH-10003298,Furniture,0.2,-20.9568,2016
2016-11-04,47.952,3,TP-21565,West,OFF-PA-10004353,Office Supplies,0.2,-9.5904,2016
2016-11-04,650.352,3,TP-21565,West,FUR-CH-10000229,Furniture,0.2,-130.0704,2016
2016-11-04,629.184,8,TP-21565,West,OFF-LA-10003930,Office Supplies,0.2,-125.8368,2016
2016-11-04,15.176,1,TP-21565,West,OFF-PA-10000176,Office Supplies,0.2,-3.0352,2016
2016-08-30,47.04,4,BG-11740,West,FUR-FU-10000672,Furniture,0.0,0.0,2016
2016-08-30,339.96,5,BG-11740,West,TEC-PH-10004908,Technology,0.2,-67.992,2016
2016-12-31,156.512,4,DB-13660,East,OFF-ST-10002554,Office Supplies,0.2,-31.3024,2016
2016-10-03,38.08,5,TP-21565,Central,FUR-FU-10001756,Furniture,0.6,-22.848,2016
2016-11-21,113.568,2,JK-16120,East,FUR-BO-10002598,Furniture,0.2,-22.7136,2016
2016-10-07,4.928,2,AW-10930,East,OFF-LA-10000134,Office Supplies,0.2,-0.9856,2016
2016-12-15,14.76,2,BP-11230,West,FUR-FU-10002364,Furniture,0.0,0.0,2016
2016-03-29,299.975,5,TB-21595,East,FUR-BO-10004015,Furniture,0.5,-149.9875,2016
2016-03-29,158.376,4,TB-21595,East,TEC-PH-10000141,Technology,0.4,-63.35040000000001,2016
2016-12-14,14.62,2,PK-19075,East,OFF-PA-10001471,Office Supplies,0.0,0.0,2016
2016-12-14,5.76,2,PK-19075,East,OFF-LA-10003190,Office Supplies,0.0,0.0,2016
2016-12-14,21.48,6,PK-19075,East,OFF-FA-10000621,Office Supplies,0.0,0.0,2016
2016-12-14,396.92,4,PK-19075,East,FUR-FU-10002937,Furniture,0.0,0.0,2016
2016-12-14,17.15,1,PK-19075,East,OFF-ST-10004507,Office Supplies,0.0,0.0,2016
2016-12-14,23.12,2,PK-19075,East,OFF-BI-10000279,Office Supplies,0.2,-4.624000000000001,2016
2016-03-08,108.576,4,BD-11620,East,TEC-PH-10002890,Technology,0.4,-43.4304,2016
2016-03-08,5.984,2,BD-11620,East,OFF-FA-10004968,Office Supplies,0.2,-1.1968,2016
2016-10-31,21.96,2,HW-14935,Central,OFF-SU-10001218,Office Supplies,0.0,0.0,2016
2016-10-31,368.97,3,HW-14935,Central,FUR-CH-10002084,Furniture,0.0,0.0,2016
2016-10-31,12.39,3,HW-14935,Central,OFF-AR-10004269,Office Supplies,0.0,0.0,2016
2016-10-31,332.94,3,HW-14935,Central,OFF-ST-10001128,Office Supplies,0.0,0.0,2016
2016-05-23,8399.976,4,CC-12370,East,TEC-CO-10004722,Technology,0.4,-3359.990400000001,2016
2016-05-23,6.294,1,CC-12370,East,OFF-BI-10004308,Office Supplies,0.7,-4.405799999999999,2016
2016-05-23,10.368,2,CC-12370,East,OFF-PA-10000029,Office Supplies,0.2,-2.0736,2016
2016-05-23,122.382,3,CC-12370,East,TEC-PH-10004080,Technology,0.4,-48.9528,2016
2016-10-13,34.7,5,BW-11110,East,OFF-AR-10001860,Office Supplies,0.0,0.0,2016
2016-10-13,99.87,3,BW-11110,East,OFF-ST-10003123,Office Supplies,0.0,0.0,2016
2016-10-13,37.94,2,BW-11110,East,OFF-PA-10001295,Office Supplies,0.0,0.0,2016
2016-10-13,24.9,5,BW-11110,East,OFF-LA-10000407,Office Supplies,0.0,0.0,2016
2016-10-13,82.26,3,BW-11110,East,FUR-FU-10003535,Furniture,0.0,0.0,2016
2016-09-22,13.28,2,AS-10630,South,FUR-FU-10004586,Furniture,0.0,0.0,2016
2016-12-02,2079.4,5,DB-13270,East,OFF-ST-10000142,Office Supplies,0.0,0.0,2016
2016-12-02,629.95,5,DB-13270,East,TEC-PH-10000441,Technology,0.0,0.0,2016
2016-12-02,72.42,6,DB-13270,East,FUR-FU-10004864,Furniture,0.0,0.0,2016
2016-03-18,871.8,3,DB-13060,South,OFF-AP-10003590,Office Supplies,0.2,-174.36,2016
2016-11-20,289.568,2,FA-14230,South,FUR-BO-10004695,Furniture,0.2,-57.9136,2016
2016-11-20,39.72,5,FA-14230,South,OFF-ST-10003327,Office Supplies,0.2,-7.944,2016
2016-11-20,244.768,4,FA-14230,South,TEC-PH-10003357,Technology,0.2,-48.9536,2016
2016-06-26,5.304,3,LD-16855,Central,OFF-AR-10001547,Office Supplies,0.2,-1.0608,2016
2016-10-09,19.136,4,SP-20545,East,OFF-PA-10001593,Office Supplies,0.2,-3.8272,2016
2016-10-09,332.832,4,SP-20545,East,FUR-FU-10004071,Furniture,0.2,-66.5664,2016
2016-07-07,10.08,2,CC-12100,East,OFF-LA-10002945,Office Supplies,0.2,-2.016,2016
2016-07-07,59.994,1,CC-12100,East,TEC-PH-10002310,Technology,0.4,-23.9976,2016
2016-07-07,5.715,5,CC-12100,East,OFF-BI-10001525,Office Supplies,0.7,-4.0005,2016
2016-07-07,9.42,5,CC-12100,East,OFF-BI-10001308,Office Supplies,0.7,-6.593999999999999,2016
2016-12-23,1999.96,4,CA-11965,East,TEC-CO-10002095,Technology,0.0,0.0,2016
2016-07-21,419.9,5,DK-12835,West,OFF-EN-10003001,Office Supplies,0.0,0.0,2016
2016-07-21,3.15,1,DK-12835,West,OFF-LA-10003766,Office Supplies,0.0,0.0,2016
2016-05-10,11.96,2,RD-19720,West,OFF-PA-10003971,Office Supplies,0.0,0.0,2016
2016-11-25,563.4,4,BP-11050,East,OFF-ST-10000689,Office Supplies,0.0,0.0,2016
2016-11-25,319.92,8,BP-11050,East,TEC-MA-10004255,Technology,0.0,0.0,2016
2016-10-22,6.68,1,MS-17530,West,OFF-PA-10003001,Office Supplies,0.0,0.0,2016
2016-10-22,8.34,3,MS-17530,West,OFF-AR-10002766,Office Supplies,0.0,0.0,2016
2016-10-22,101.94,3,MS-17530,West,FUR-FU-10003095,Furniture,0.0,0.0,2016
2016-08-07,179.97,3,DW-13585,West,TEC-AC-10003610,Technology,0.0,0.0,2016
2016-06-13,33.568,2,GT-14710,East,OFF-BI-10001989,Office Supplies,0.2,-6.7136,2016
2016-05-26,5.94,3,SV-20785,West,OFF-FA-10003467,Office Supplies,0.0,0.0,2016
2016-05-26,45.36,7,SV-20785,West,OFF-PA-10001293,Office Supplies,0.0,0.0,2016
2016-05-26,211.168,4,SV-20785,West,TEC-PH-10003885,Technology,0.2,-42.2336,2016
2016-05-26,484.704,6,SV-20785,West,FUR-CH-10004860,Furniture,0.2,-96.94080000000001,2016
2016-05-26,371.976,3,SV-20785,West,TEC-MA-10002428,Technology,0.2,-74.3952,2016
2016-10-20,19.296,3,AG-10495,West,OFF-BI-10004209,Office Supplies,0.2,-3.8592,2016
2016-06-17,239.666,2,MV-18190,West,FUR-BO-10004218,Furniture,0.15,-35.9499,2016
2016-06-17,22.5,6,MV-18190,West,OFF-LA-10000081,Office Supplies,0.0,0.0,2016
2016-06-17,219.84,4,MV-18190,West,OFF-PA-10001497,Office Supplies,0.0,0.0,2016
2016-12-25,698.352,3,JE-15715,West,FUR-CH-10000847,Furniture,0.2,-139.6704,2016
2016-12-25,1747.25,5,JE-15715,West,FUR-TA-10001307,Furniture,0.0,0.0,2016
2016-05-06,54.48,1,BE-11455,Central,OFF-AP-10001205,Office Supplies,0.0,0.0,2016
2016-10-24,199.99,1,SS-20590,West,TEC-AC-10001838,Technology,0.0,0.0,2016
2016-12-15,564.195,3,MP-18175,West,FUR-TA-10003473,Furniture,0.5,-282.0975,2016
2016-12-15,87.168,2,MP-18175,West,OFF-AP-10001205,Office Supplies,0.2,-17.4336,2016
2016-07-14,219.84,5,JS-15880,Central,OFF-PA-10001497,Office Supplies,0.2,-43.968,2016
2016-08-26,47.97,3,SS-20515,Central,TEC-AC-10002006,Technology,0.0,0.0,2016
2016-12-02,415.176,3,JF-15190,East,OFF-BI-10004318,Office Supplies,0.2,-83.0352,2016
2016-12-02,35.232,3,JF-15190,East,OFF-BI-10004236,Office Supplies,0.2,-7.0464,2016
2016-12-02,54.96,1,JF-15190,East,OFF-PA-10000062,Office Supplies,0.0,0.0,2016
2016-09-10,519.68,7,SC-20695,South,TEC-PH-10003505,Technology,0.2,-103.936,2016
2016-12-09,273.92,8,SP-20650,West,OFF-BI-10002133,Office Supplies,0.2,-54.78400000000001,2016
2016-04-08,30.0,6,CK-12325,South,OFF-FA-10002280,Office Supplies,0.0,0.0,2016
2016-04-08,25.92,4,CK-12325,South,OFF-PA-10001934,Office Supplies,0.0,0.0,2016
2016-04-08,159.92,4,CK-12325,South,FUR-FU-10003268,Furniture,0.0,0.0,2016
2016-12-16,34.944,3,SF-20065,South,OFF-AP-10004859,Office Supplies,0.2,-6.988800000000001,2016
2016-09-12,10.47,3,SF-20200,West,OFF-FA-10000585,Office Supplies,0.0,0.0,2016
2016-09-12,11.07,3,SF-20200,West,OFF-LA-10003720,Office Supplies,0.0,0.0,2016
2016-09-12,20.704,4,SF-20200,West,OFF-BI-10000301,Office Supplies,0.2,-4.1408,2016
2016-11-04,50.496,6,MF-17665,South,FUR-FU-10001889,Furniture,0.2,-10.0992,2016
2016-04-10,113.76,3,BT-11680,West,OFF-AP-10004980,Office Supplies,0.0,0.0,2016
2016-04-10,579.51,3,BT-11680,West,OFF-ST-10001932,Office Supplies,0.0,0.0,2016
2016-04-10,150.66,9,BT-11680,West,OFF-ST-10000636,Office Supplies,0.0,0.0,2016
2016-04-10,48.032,4,BT-11680,West,OFF-BI-10000069,Office Supplies,0.2,-9.6064,2016
2016-06-28,121.96,2,BP-11155,East,FUR-CH-10003535,Furniture,0.0,0.0,2016
2016-06-28,8.74,2,BP-11155,East,OFF-AP-10000595,Office Supplies,0.0,0.0,2016
2016-06-28,61.96,2,BP-11155,East,OFF-PA-10003039,Office Supplies,0.0,0.0,2016
2016-06-28,7.96,2,BP-11155,East,OFF-BI-10002003,Office Supplies,0.0,0.0,2016
2016-06-28,275.24,4,BP-11155,East,OFF-AP-10002311,Office Supplies,0.0,0.0,2016
2016-07-24,253.764,2,DB-12970,East,FUR-CH-10001708,Furniture,0.1,-25.3764,2016
2016-09-02,29.24,5,RL-19615,Central,OFF-LA-10000240,Office Supplies,0.2,-5.848,2016
2016-09-02,35.168,2,RL-19615,Central,OFF-ST-10002485,Office Supplies,0.2,-7.0336,2016
2016-09-02,1362.9,3,RL-19615,Central,TEC-MA-10003230,Technology,0.3,-408.87,2016
2016-11-04,7.712,2,CW-11905,West,OFF-BI-10003314,Office Supplies,0.2,-1.5424,2016
2016-11-04,4.176,1,CW-11905,West,OFF-BI-10000494,Office Supplies,0.2,-0.8352,2016
2016-11-04,38.88,6,CW-11905,West,OFF-PA-10000295,Office Supplies,0.0,0.0,2016
2016-09-05,93.456,3,PT-19090,Central,OFF-ST-10003479,Office Supplies,0.2,-18.6912,2016
2016-09-03,344.94,3,HF-14995,East,FUR-BO-10003159,Furniture,0.0,0.0,2016
2016-09-03,14.76,2,HF-14995,East,FUR-FU-10002364,Furniture,0.0,0.0,2016
2016-09-03,12.76,2,HF-14995,East,OFF-BI-10003350,Office Supplies,0.0,0.0,2016
2016-09-03,58.48,8,HF-14995,East,OFF-LA-10004093,Office Supplies,0.0,0.0,2016
2016-11-16,8.32,5,IM-15055,West,OFF-BI-10004967,Office Supplies,0.2,-1.664,2016
2016-11-10,9.98,1,BF-11170,West,FUR-FU-10003731,Furniture,0.0,0.0,2016
2016-12-25,35.445,1,LW-16825,West,FUR-TA-10002607,Furniture,0.5,-17.7225,2016
2016-12-25,269.97,2,LW-16825,West,TEC-MA-10003356,Technology,0.7,-188.979,2016
2016-12-25,45.12,3,LW-16825,West,TEC-AC-10002217,Technology,0.2,-9.024,2016
2016-12-25,100.8,2,LW-16825,West,TEC-AC-10004353,Technology,0.2,-20.16,2016
2016-12-25,47.968,2,LW-16825,West,FUR-CH-10004754,Furniture,0.2,-9.5936,2016
2016-10-02,32.48,2,TC-20980,Central,OFF-ST-10001558,Office Supplies,0.0,0.0,2016
2016-10-02,17499.95,5,TC-20980,Central,TEC-CO-10004722,Technology,0.0,0.0,2016
2016-10-02,735.98,2,TC-20980,Central,OFF-BI-10004600,Office Supplies,0.0,0.0,2016
2016-10-02,34.37,7,TC-20980,Central,OFF-BI-10003712,Office Supplies,0.0,0.0,2016
2016-10-02,33.96,2,TC-20980,Central,OFF-AR-10001958,Office Supplies,0.0,0.0,2016
2016-12-24,197.97,3,PW-19030,East,TEC-PH-10001750,Technology,0.0,0.0,2016
2016-09-08,146.04,1,PJ-19015,West,FUR-TA-10003008,Furniture,0.2,-29.208,2016
2016-11-20,27.88,2,BM-11575,West,TEC-AC-10004803,Technology,0.0,0.0,2016
2016-09-12,20.7,3,AJ-10795,South,TEC-AC-10004877,Technology,0.0,0.0,2016
2016-09-12,11.34,3,AJ-10795,South,OFF-FA-10002975,Office Supplies,0.0,0.0,2016
2016-09-12,67.9,5,AJ-10795,South,OFF-ST-10000419,Office Supplies,0.0,0.0,2016
2016-09-12,1059.12,4,AJ-10795,South,FUR-CH-10002073,Furniture,0.0,0.0,2016
2016-05-09,32.04,4,RS-19420,West,OFF-PA-10001260,Office Supplies,0.0,0.0,2016
2016-07-18,55.992,1,NP-18670,West,TEC-PH-10001924,Technology,0.2,-11.1984,2016
2016-06-18,76.864,2,BT-11440,Central,OFF-PA-10003134,Office Supplies,0.2,-15.3728,2016
2016-01-08,1565.88,6,JO-15145,Central,FUR-BO-10002545,Furniture,0.0,0.0,2016
2016-01-08,106.05,7,JO-15145,Central,OFF-BI-10001460,Office Supplies,0.0,0.0,2016
2016-08-21,12.672,2,SC-20230,West,OFF-BI-10004465,Office Supplies,0.2,-2.5344,2016
2016-08-21,91.96,5,SC-20230,West,TEC-PH-10003555,Technology,0.2,-18.392,2016
2016-08-21,254.97,3,SC-20230,West,TEC-AC-10000844,Technology,0.0,0.0,2016
2016-08-21,31.984,2,SC-20230,West,TEC-PH-10003187,Technology,0.2,-6.396800000000001,2016
2016-08-21,2887.056,9,SC-20230,West,FUR-TA-10003569,Furniture,0.2,-577.4112,2016
2016-08-21,12.96,2,SC-20230,West,OFF-PA-10003848,Office Supplies,0.0,0.0,2016
2016-08-21,47.52,9,SC-20230,West,OFF-PA-10002606,Office Supplies,0.0,0.0,2016
2016-12-05,11.952,3,RF-19345,Central,OFF-LA-10004853,Office Supplies,0.2,-2.3904,2016
2016-09-05,25.06,2,MM-17920,South,OFF-LA-10004545,Office Supplies,0.0,0.0,2016
2016-09-05,1652.94,3,MM-17920,South,FUR-TA-10003238,Furniture,0.0,0.0,2016
2016-09-27,1001.584,2,SW-20455,West,TEC-PH-10002584,Technology,0.2,-200.3168,2016
2016-04-16,28.8,3,BM-11785,West,OFF-SU-10003567,Office Supplies,0.0,0.0,2016
2016-07-28,18.9,3,KM-16660,West,OFF-LA-10000305,Office Supplies,0.0,0.0,2016
2016-06-23,93.68,4,RD-19900,West,OFF-ST-10003638,Office Supplies,0.0,0.0,2016
2016-06-23,21.93,3,RD-19900,West,OFF-LA-10001934,Office Supplies,0.0,0.0,2016
2016-06-23,862.344,7,RD-19900,West,TEC-PH-10003012,Technology,0.2,-172.4688,2016
2016-06-23,19.98,1,RD-19900,West,OFF-PA-10001019,Office Supplies,0.0,0.0,2016
2016-09-02,84.272,2,TA-21385,Central,FUR-FU-10000277,Furniture,0.6,-50.5632,2016
2016-11-05,479.72,4,NP-18700,West,TEC-AC-10004420,Technology,0.0,0.0,2016
2016-09-30,523.92,5,GM-14680,East,FUR-BO-10003034,Furniture,0.2,-104.784,2016
2016-07-14,36.4,5,AR-10570,South,OFF-BI-10003963,Office Supplies,0.0,0.0,2016
2016-07-14,51.75,1,AR-10570,South,FUR-FU-10004848,Furniture,0.0,0.0,2016
2016-07-16,10.2,5,JD-15895,South,OFF-EN-10001509,Office Supplies,0.0,0.0,2016
2016-07-16,22.32,3,JD-15895,South,OFF-AR-10003338,Office Supplies,0.0,0.0,2016
2016-07-16,24.1,5,JD-15895,South,OFF-BI-10004728,Office Supplies,0.0,0.0,2016
2016-07-16,75.98,2,JD-15895,South,TEC-AC-10000358,Technology,0.0,0.0,2016
2016-07-16,6.46,2,JD-15895,South,OFF-BI-10002764,Office Supplies,0.0,0.0,2016
2016-07-16,60.12,9,JD-15895,South,OFF-PA-10001461,Office Supplies,0.0,0.0,2016
2016-01-10,24.85,5,JB-16000,West,FUR-FU-10000010,Furniture,0.0,0.0,2016
2016-11-25,59.98,2,EP-13915,South,TEC-PH-10002564,Technology,0.0,0.0,2016
2016-09-01,24.1,5,JA-15970,Central,OFF-BI-10004728,Office Supplies,0.0,0.0,2016
2016-09-01,8.78,1,JA-15970,Central,TEC-PH-10002365,Technology,0.0,0.0,2016
2016-09-01,376.74,4,JA-15970,Central,OFF-AP-10002457,Office Supplies,0.1,-37.674,2016
2016-09-01,29.52,4,JA-15970,Central,OFF-BI-10000320,Office Supplies,0.0,0.0,2016
2016-09-01,11.96,2,JA-15970,Central,OFF-AR-10004999,Office Supplies,0.0,0.0,2016
2016-09-01,26.4,5,JA-15970,Central,OFF-BI-10001116,Office Supplies,0.0,0.0,2016
2016-09-16,12.96,2,BC-11125,West,OFF-PA-10002195,Office Supplies,0.0,0.0,2016
2016-06-23,25.83,7,SM-20005,East,OFF-LA-10003720,Office Supplies,0.0,0.0,2016
2016-12-20,33.9,5,MC-17575,Central,OFF-PA-10003673,Office Supplies,0.0,0.0,2016
2016-11-11,28.14,3,EB-13750,East,OFF-ST-10002562,Office Supplies,0.0,0.0,2016
2016-11-11,36.0,2,EB-13750,East,TEC-AC-10002305,Technology,0.0,0.0,2016
2016-11-11,92.94,3,EB-13750,East,OFF-AR-10003373,Office Supplies,0.0,0.0,2016
2016-11-11,245.646,3,EB-13750,East,FUR-CH-10003774,Furniture,0.1,-24.5646,2016
2016-11-11,55.008,3,EB-13750,East,OFF-BI-10001510,Office Supplies,0.2,-11.0016,2016
2016-11-11,35.232,3,EB-13750,East,OFF-BI-10004236,Office Supplies,0.2,-7.0464,2016
2016-11-03,9.248,2,PJ-18835,Central,OFF-PA-10002160,Office Supplies,0.2,-1.8496,2016
2016-08-14,15.552,3,TR-21325,South,OFF-PA-10000552,Office Supplies,0.2,-3.1104,2016
2016-12-11,209.6,5,WB-21850,West,OFF-BI-10004593,Office Supplies,0.2,-41.92,2016
2016-12-11,23.32,2,WB-21850,West,OFF-AR-10000914,Office Supplies,0.0,0.0,2016
2016-12-11,30.98,1,WB-21850,West,OFF-PA-10000241,Office Supplies,0.0,0.0,2016
2016-12-11,119.96,4,WB-21850,West,TEC-AC-10000057,Technology,0.0,0.0,2016
2016-12-11,363.92,5,WB-21850,West,FUR-CH-10003774,Furniture,0.2,-72.784,2016
2016-12-11,35.808,3,WB-21850,West,OFF-BI-10002824,Office Supplies,0.2,-7.1616,2016
2016-12-11,122.688,9,WB-21850,West,OFF-BI-10004001,Office Supplies,0.2,-24.5376,2016
2016-12-11,892.136,7,WB-21850,West,FUR-TA-10004619,Furniture,0.2,-178.4272,2016
2016-12-11,50.22,3,WB-21850,West,OFF-ST-10000636,Office Supplies,0.0,0.0,2016
2016-12-11,83.42,2,WB-21850,West,OFF-AP-10001469,Office Supplies,0.0,0.0,2016
2016-12-11,5.872,2,WB-21850,West,OFF-BI-10002897,Office Supplies,0.2,-1.1744,2016
2016-12-29,27.792,3,KL-16645,West,OFF-EN-10002592,Office Supplies,0.2,-5.558400000000001,2016
2016-05-30,38.88,6,NL-18310,West,OFF-PA-10004782,Office Supplies,0.0,0.0,2016
2016-05-21,1.964,2,AS-10285,Central,OFF-BI-10000343,Office Supplies,0.8,-1.5712,2016
2016-05-21,82.656,9,AS-10285,Central,OFF-PA-10003591,Office Supplies,0.2,-16.5312,2016
2016-09-05,9.248,2,SU-20665,Central,OFF-PA-10004971,Office Supplies,0.2,-1.8496,2016
2016-07-23,4.448,2,CK-12205,Central,OFF-AR-10001216,Office Supplies,0.2,-0.8896000000000002,2016
2016-07-23,5.184,1,CK-12205,Central,OFF-PA-10004355,Office Supplies,0.2,-1.0368,2016
2016-07-23,175.92,5,CK-12205,Central,OFF-AR-10001953,Office Supplies,0.2,-35.184,2016
2016-07-23,4.752,4,CK-12205,Central,OFF-BI-10004364,Office Supplies,0.8,-3.8016,2016
2016-07-23,13.344,2,CK-12205,Central,OFF-SU-10001165,Office Supplies,0.2,-2.6688,2016
2016-05-12,54.9,5,JM-15580,West,OFF-EN-10001141,Office Supplies,0.0,0.0,2016
2016-09-02,22.911,7,JE-15715,South,OFF-BI-10000014,Office Supplies,0.7,-16.0377,2016
2016-09-02,309.456,9,JE-15715,South,OFF-AP-10000159,Office Supplies,0.2,-61.8912,2016
2016-09-02,19.456,4,JE-15715,South,OFF-AR-10003560,Office Supplies,0.2,-3.8912,2016
2016-09-02,472.518,3,JE-15715,South,FUR-TA-10001768,Furniture,0.4,-189.0072,2016
2016-09-02,1012.68,3,JE-15715,South,TEC-AC-10002049,Technology,0.2,-202.536,2016
2016-09-02,17.22,5,JE-15715,South,OFF-BI-10003166,Office Supplies,0.7,-12.054,2016
2016-08-19,146.688,6,RP-19390,East,OFF-BI-10000666,Office Supplies,0.2,-29.3376,2016
2016-08-19,276.784,2,RP-19390,East,OFF-BI-10004318,Office Supplies,0.2,-55.3568,2016
2016-08-19,25.32,5,RP-19390,East,OFF-BI-10003429,Office Supplies,0.2,-5.064,2016
2016-08-01,19.648,2,SG-20890,Central,OFF-PA-10000249,Office Supplies,0.2,-3.9296,2016
2016-04-19,25.98,2,KM-16720,East,TEC-PH-10004774,Technology,0.0,0.0,2016
2016-04-19,3.28,2,KM-16720,East,OFF-AR-10004582,Office Supplies,0.0,0.0,2016
2016-04-19,459.88,4,KM-16720,East,OFF-ST-10000991,Office Supplies,0.0,0.0,2016
2016-04-19,7.76,2,KM-16720,East,OFF-SU-10002522,Office Supplies,0.0,0.0,2016
2016-04-19,71.96,2,KM-16720,East,OFF-AR-10004022,Office Supplies,0.0,0.0,2016
2016-04-19,54.9,5,KM-16720,East,OFF-SU-10001218,Office Supplies,0.0,0.0,2016
2016-04-19,9.28,2,KM-16720,East,OFF-BI-10000174,Office Supplies,0.2,-1.856,2016
2016-05-05,1685.88,6,LW-16990,West,FUR-TA-10003392,Furniture,0.0,0.0,2016
2016-05-05,5.728,2,LW-16990,West,OFF-BI-10001890,Office Supplies,0.2,-1.1456,2016
2016-09-27,17.94,3,JG-15160,South,OFF-PA-10003971,Office Supplies,0.0,0.0,2016
2016-09-27,13.89,3,JG-15160,South,OFF-AR-10004685,Office Supplies,0.0,0.0,2016
2016-11-14,16.45,5,JM-16195,East,OFF-PA-10001609,Office Supplies,0.0,0.0,2016
2016-11-14,19.92,4,JM-16195,East,FUR-FU-10000550,Furniture,0.0,0.0,2016
2016-04-16,35.168,4,PK-19075,South,TEC-AC-10004209,Technology,0.2,-7.0336,2016
2016-04-16,123.088,7,PK-19075,South,OFF-PA-10003022,Office Supplies,0.2,-24.6176,2016
2016-06-12,92.94,3,CB-12415,East,OFF-PA-10000241,Office Supplies,0.0,0.0,2016
2016-06-12,52.56,3,CB-12415,East,OFF-AP-10004036,Office Supplies,0.0,0.0,2016
2016-03-28,87.92,4,CC-12220,West,OFF-ST-10002485,Office Supplies,0.0,0.0,2016
2016-03-28,5.98,1,CC-12220,West,OFF-PA-10001243,Office Supplies,0.0,0.0,2016
2016-09-19,69.52,2,CK-12595,East,OFF-ST-10000604,Office Supplies,0.0,0.0,2016
2016-11-14,89.97,3,RC-19960,East,TEC-PH-10001644,Technology,0.0,0.0,2016
2016-12-27,40.0,2,MW-18220,East,TEC-AC-10003063,Technology,0.2,-8.0,2016
2016-11-12,203.976,3,DW-13480,West,TEC-PH-10004908,Technology,0.2,-40.7952,2016
2016-11-12,674.352,3,DW-13480,West,FUR-TA-10003392,Furniture,0.2,-134.8704,2016
2016-10-01,5.388,4,JK-15205,South,OFF-BI-10004140,Office Supplies,0.7,-3.7716,2016
2016-10-01,30.976,8,JK-15205,South,OFF-AR-10003631,Office Supplies,0.2,-6.1952,2016
2016-02-12,1350.12,6,JS-15880,South,OFF-ST-10003716,Office Supplies,0.0,0.0,2016
2016-02-12,15.92,4,JS-15880,South,OFF-BI-10003274,Office Supplies,0.0,0.0,2016
2016-11-13,19.54,2,PO-19180,West,FUR-FU-10004848,Furniture,0.0,0.0,2016
2016-11-27,116.76,1,HF-14995,South,TEC-PH-10001944,Technology,0.2,-23.352,2016
2016-11-27,331.023,7,HF-14995,South,FUR-TA-10001039,Furniture,0.45,-148.96035,2016
2016-10-28,756.8,5,VB-21745,East,FUR-FU-10003806,Furniture,0.0,0.0,2016
2016-09-11,2.912,2,LC-16930,West,OFF-AR-10003759,Office Supplies,0.2,-0.5824,2016
2016-09-11,20.736,4,LC-16930,West,OFF-PA-10001837,Office Supplies,0.2,-4.147200000000001,2016
2016-09-11,9.568,2,LC-16930,West,OFF-PA-10001667,Office Supplies,0.2,-1.9136,2016
2016-06-02,30.18,3,EH-13765,West,OFF-PA-10000246,Office Supplies,0.0,0.0,2016
2016-06-02,51.648,12,EH-13765,West,OFF-BI-10001078,Office Supplies,0.2,-10.3296,2016
2016-06-02,11.232,3,EH-13765,West,OFF-BI-10000138,Office Supplies,0.2,-2.2464,2016
2016-07-14,110.376,3,RB-19360,West,TEC-PH-10004093,Technology,0.2,-22.0752,2016
2016-07-14,151.62,7,RB-19360,West,OFF-AP-10002998,Office Supplies,0.0,0.0,2016
2016-07-14,30.8,4,RB-19360,West,FUR-FU-10000073,Furniture,0.0,0.0,2016
2016-03-08,113.6,8,GB-14575,East,FUR-FU-10003347,Furniture,0.0,0.0,2016
2016-03-08,12.96,2,GB-14575,East,OFF-PA-10001934,Office Supplies,0.0,0.0,2016
2016-03-08,69.456,2,GB-14575,East,OFF-BI-10000632,Office Supplies,0.2,-13.8912,2016
2016-07-10,341.991,3,EA-14035,East,TEC-MA-10000904,Technology,0.7,-239.3937,2016
2016-12-24,43.96,7,SC-20305,West,FUR-FU-10000771,Furniture,0.0,0.0,2016
2016-12-24,39.76,7,SC-20305,West,OFF-EN-10001990,Office Supplies,0.0,0.0,2016
2016-08-27,9.216,4,EM-13825,South,OFF-LA-10002473,Office Supplies,0.2,-1.8432,2016
2016-09-12,68.52,3,SC-20695,Central,OFF-PA-10003790,Office Supplies,0.0,0.0,2016
2016-05-30,364.74,3,EM-14140,Central,OFF-AP-10002684,Office Supplies,0.0,0.0,2016
2016-05-30,47.4,5,EM-14140,Central,FUR-FU-10001037,Furniture,0.0,0.0,2016
2016-05-30,49.76,4,EM-14140,Central,OFF-ST-10000876,Office Supplies,0.0,0.0,2016
2016-05-30,5.56,2,EM-14140,Central,OFF-AR-10003732,Office Supplies,0.0,0.0,2016
2016-05-30,629.1,6,EM-14140,Central,OFF-PA-10000994,Office Supplies,0.0,0.0,2016
2016-05-30,14.7,5,EM-14140,Central,OFF-AR-10000940,Office Supplies,0.0,0.0,2016
2016-05-30,45.36,7,EM-14140,Central,OFF-PA-10004888,Office Supplies,0.0,0.0,2016
2016-05-30,125.99,1,EM-14140,Central,TEC-PH-10000441,Technology,0.0,0.0,2016
2016-01-14,89.568,2,AG-10675,South,OFF-PA-10004039,Office Supplies,0.2,-17.9136,2016
2016-01-14,315.776,8,AG-10675,South,FUR-FU-10003374,Furniture,0.2,-63.15520000000001,2016
2016-09-16,273.666,2,KD-16495,West,FUR-BO-10001918,Furniture,0.15,-41.0499,2016
2016-09-16,17.48,4,KD-16495,West,OFF-AP-10002287,Office Supplies,0.0,0.0,2016
2016-10-10,20.608,2,EB-13975,South,OFF-SU-10004498,Office Supplies,0.2,-4.1216,2016
2016-10-10,4.095,3,EB-13975,South,OFF-BI-10002557,Office Supplies,0.7,-2.8665,2016
2016-07-19,35.984,2,TC-21535,West,TEC-PH-10002070,Technology,0.2,-7.196800000000001,2016
2016-07-19,389.97,3,TC-21535,West,TEC-AC-10003095,Technology,0.0,0.0,2016
2016-05-14,185.528,7,TH-21235,West,TEC-AC-10003832,Technology,0.2,-37.1056,2016
2016-06-20,6.9,1,BS-11365,Central,TEC-AC-10004877,Technology,0.0,0.0,2016
2016-06-20,57.69,3,BS-11365,Central,FUR-FU-10004270,Furniture,0.0,0.0,2016
2016-01-30,305.01,9,SC-20725,West,OFF-ST-10000675,Office Supplies,0.0,0.0,2016
2016-01-30,50.784,2,SC-20725,West,OFF-BI-10004781,Office Supplies,0.2,-10.1568,2016
2016-01-30,26.01,9,SC-20725,West,OFF-LA-10004689,Office Supplies,0.0,0.0,2016
2016-01-23,59.99,7,CB-12415,West,FUR-FU-10000719,Furniture,0.0,0.0,2016
2016-11-05,72.0,4,LH-17155,West,TEC-AC-10002305,Technology,0.0,0.0,2016
2016-11-05,113.888,2,LH-17155,West,FUR-CH-10004875,Furniture,0.2,-22.7776,2016
2016-11-05,158.13,3,LH-17155,West,OFF-EN-10001434,Office Supplies,0.0,0.0,2016
2016-05-28,286.4,1,TN-21040,Central,TEC-PH-10001817,Technology,0.2,-57.28,2016
2016-10-16,142.182,1,NB-18655,East,FUR-TA-10001539,Furniture,0.4,-56.8728,2016
2016-11-12,22.752,6,SP-20650,Central,FUR-FU-10001037,Furniture,0.6,-13.6512,2016
2016-09-22,16.52,5,RD-19660,East,OFF-LA-10004484,Office Supplies,0.2,-3.304,2016
2016-10-09,1.408,1,MZ-17335,West,OFF-AR-10001315,Office Supplies,0.2,-0.2816,2016
2016-10-09,169.568,2,MZ-17335,West,FUR-FU-10001488,Furniture,0.2,-33.9136,2016
2016-04-12,19.44,3,JF-15295,West,OFF-PA-10000809,Office Supplies,0.0,0.0,2016
2016-04-12,194.352,3,JF-15295,West,FUR-CH-10000225,Furniture,0.2,-38.8704,2016
2016-04-12,36.624,3,JF-15295,West,OFF-BI-10003707,Office Supplies,0.2,-7.324800000000001,2016
2016-11-28,340.182,3,DS-13180,East,TEC-PH-10004539,Technology,0.4,-136.0728,2016
2016-11-28,12.672,8,DS-13180,East,OFF-FA-10004076,Office Supplies,0.2,-2.5344,2016
2016-11-28,6.888,2,DS-13180,East,OFF-BI-10003166,Office Supplies,0.7,-4.821599999999999,2016
2016-11-28,32.544,2,DS-13180,East,OFF-ST-10002301,Office Supplies,0.2,-6.5088,2016
2016-11-28,347.802,7,DS-13180,East,FUR-CH-10002647,Furniture,0.3,-104.3406,2016
2016-09-13,40.74,3,AG-10270,Central,OFF-ST-10000419,Office Supplies,0.0,0.0,2016
2016-09-13,14.4,5,AG-10270,Central,OFF-LA-10004559,Office Supplies,0.0,0.0,2016
2016-09-13,149.95,5,AG-10270,Central,TEC-PH-10001644,Technology,0.0,0.0,2016
2016-09-13,16.9,2,AG-10270,Central,OFF-SU-10004782,Office Supplies,0.0,0.0,2016
2016-09-13,17.61,3,AG-10270,Central,OFF-PA-10002250,Office Supplies,0.0,0.0,2016
2016-09-13,378.0,2,AG-10270,Central,OFF-AP-10001394,Office Supplies,0.0,0.0,2016
2016-09-13,17.64,3,AG-10270,Central,OFF-PA-10001838,Office Supplies,0.0,0.0,2016
2016-09-13,373.08,6,AG-10270,Central,OFF-ST-10004340,Office Supplies,0.0,0.0,2016
2016-09-13,1336.44,14,AG-10270,Central,FUR-FU-10003664,Furniture,0.0,0.0,2016
2016-09-13,29.97,3,AG-10270,Central,TEC-PH-10004897,Technology,0.0,0.0,2016
2016-12-25,313.176,2,DB-12970,East,FUR-TA-10002958,Furniture,0.4,-125.2704,2016
2016-12-25,866.646,3,DB-12970,East,FUR-CH-10003746,Furniture,0.1,-86.66460000000001,2016
2016-09-08,43.13,1,TR-21325,West,FUR-FU-10003039,Furniture,0.0,0.0,2016
2016-09-08,30.87,7,TR-21325,West,OFF-PA-10002615,Office Supplies,0.0,0.0,2016
2016-05-30,167.84,8,JG-15310,West,FUR-FU-10003247,Furniture,0.0,0.0,2016
2016-03-13,386.68,2,SC-20770,East,FUR-CH-10004287,Furniture,0.3,-116.004,2016
2016-03-13,379.96,5,SC-20770,East,TEC-AC-10000474,Technology,0.2,-75.992,2016
2016-03-13,539.91,3,SC-20770,East,TEC-PH-10001494,Technology,0.4,-215.964,2016
2016-03-13,41.24,5,SC-20770,East,OFF-PA-10004996,Office Supplies,0.2,-8.248000000000001,2016
2016-03-13,51.897,1,SC-20770,East,OFF-BI-10004318,Office Supplies,0.7,-36.3279,2016
2016-03-13,552.56,5,SC-20770,East,OFF-ST-10002574,Office Supplies,0.2,-110.512,2016
2016-03-13,23.16,5,SC-20770,East,OFF-BI-10002353,Office Supplies,0.7,-16.212,2016
2016-03-13,126.08,2,SC-20770,East,OFF-ST-10003641,Office Supplies,0.2,-25.216,2016
2016-03-13,449.1,3,SC-20770,East,TEC-MA-10001148,Technology,0.7,-314.37,2016
2016-06-25,85.246,2,LC-17140,Central,FUR-CH-10001146,Furniture,0.3,-25.5738,2016
2016-06-25,32.712,2,LC-17140,Central,FUR-FU-10003919,Furniture,0.6,-19.6272,2016
2016-07-30,9.248,4,KH-16360,Central,OFF-LA-10003663,Office Supplies,0.2,-1.8496,2016
2016-07-30,1036.624,2,KH-16360,Central,OFF-ST-10001780,Office Supplies,0.2,-207.3248,2016
2016-09-08,14.88,2,LP-17095,West,OFF-AR-10003338,Office Supplies,0.0,0.0,2016
2016-09-08,34.24,8,LP-17095,West,OFF-PA-10004610,Office Supplies,0.0,0.0,2016
2016-09-08,261.74,2,LP-17095,West,OFF-ST-10001272,Office Supplies,0.0,0.0,2016
2016-05-19,87.84,8,AH-10690,West,OFF-AP-10001366,Office Supplies,0.0,0.0,2016
2016-07-01,1499.95,5,EM-14140,West,TEC-CO-10000971,Technology,0.0,0.0,2016
2016-04-10,13.568,4,QJ-19255,Central,OFF-AR-10000034,Office Supplies,0.2,-2.7136,2016
2016-09-01,12.78,1,LB-16795,West,OFF-EN-10002500,Office Supplies,0.0,0.0,2016
2016-01-31,23.36,2,JK-15325,East,OFF-EN-10003134,Office Supplies,0.0,0.0,2016
2016-09-05,8.952,2,MD-17350,East,OFF-BI-10002824,Office Supplies,0.7,-6.2664,2016
2016-09-05,8.856,6,MD-17350,East,OFF-BI-10001757,Office Supplies,0.7,-6.199199999999999,2016
2016-09-05,85.246,2,MD-17350,East,FUR-CH-10004477,Furniture,0.3,-25.5738,2016
2016-06-17,266.352,3,LC-16885,West,FUR-FU-10002298,Furniture,0.2,-53.2704,2016
2016-06-17,483.136,4,LC-16885,West,FUR-CH-10004853,Furniture,0.2,-96.62720000000002,2016
2016-02-19,70.88,2,GT-14710,West,OFF-PA-10001736,Office Supplies,0.0,0.0,2016
2016-09-05,21.204,3,EM-13825,Central,FUR-FU-10004671,Furniture,0.6,-12.7224,2016
2016-12-30,170.786,1,BD-11605,East,FUR-CH-10000454,Furniture,0.3,-51.2358,2016
2016-09-03,198.744,4,RB-19570,Central,FUR-BO-10003894,Furniture,0.3,-59.6232,2016
2016-01-30,435.168,4,TB-21250,West,FUR-CH-10001190,Furniture,0.2,-87.0336,2016
2016-01-30,48.58,1,TB-21250,West,FUR-BO-10000468,Furniture,0.0,0.0,2016
2016-12-18,563.94,3,PN-18775,Central,FUR-CH-10004997,Furniture,0.0,0.0,2016
2016-09-05,58.248,9,DB-13210,East,FUR-FU-10000260,Furniture,0.2,-11.6496,2016
2016-09-05,71.246,2,DB-13210,East,FUR-CH-10001146,Furniture,0.3,-21.3738,2016
2016-09-05,7.872,3,DB-13210,East,OFF-AR-10000896,Office Supplies,0.2,-1.5744,2016
2016-09-05,887.271,3,DB-13210,East,FUR-CH-10000309,Furniture,0.3,-266.1813,2016
2016-07-08,12.96,2,TH-21115,East,OFF-PA-10000289,Office Supplies,0.0,0.0,2016
2016-05-27,25.176,3,BS-11665,Central,FUR-FU-10003247,Furniture,0.6,-15.1056,2016
2016-05-27,5.584,2,BS-11665,Central,FUR-FU-10002191,Furniture,0.6,-3.3504,2016
2016-05-27,1297.368,9,BS-11665,Central,OFF-ST-10001496,Office Supplies,0.2,-259.4736,2016
2016-12-10,18.54,2,CM-12235,East,OFF-PA-10001776,Office Supplies,0.0,0.0,2016
2016-12-10,679.96,5,CM-12235,East,OFF-BI-10003656,Office Supplies,0.2,-135.992,2016
2016-10-06,703.71,6,LB-16795,West,TEC-MA-10001695,Technology,0.7,-492.597,2016
2016-10-06,17.904,4,LB-16795,West,OFF-BI-10002824,Office Supplies,0.7,-12.5328,2016
2016-10-06,11.976,4,LB-16795,West,OFF-BI-10002571,Office Supplies,0.7,-8.3832,2016
2016-10-06,67.96,5,LB-16795,West,TEC-AC-10001553,Technology,0.2,-13.592,2016
2016-03-15,4.544,2,FC-14335,West,OFF-BI-10003529,Office Supplies,0.2,-0.9087999999999999,2016
2016-03-15,1352.032,4,FC-14335,West,FUR-CH-10000309,Furniture,0.2,-270.4064,2016
2016-10-04,30.4,1,DR-12940,East,OFF-BI-10000977,Office Supplies,0.0,0.0,2016
2016-10-04,5399.91,9,DR-12940,East,TEC-CO-10001449,Technology,0.0,0.0,2016
2016-10-04,119.1,3,DR-12940,East,OFF-ST-10000136,Office Supplies,0.0,0.0,2016
2016-11-25,1568.61,9,BB-11545,Central,FUR-TA-10001095,Furniture,0.0,0.0,2016
2016-11-25,17.3,1,BB-11545,Central,OFF-BI-10004002,Office Supplies,0.0,0.0,2016
2016-11-25,160.0,8,BB-11545,Central,TEC-AC-10004518,Technology,0.0,0.0,2016
2016-03-22,167.888,7,MC-17275,West,FUR-CH-10004754,Furniture,0.2,-33.5776,2016
2016-08-26,11.56,2,AA-10480,Central,OFF-PA-10000605,Office Supplies,0.0,0.0,2016
2016-08-26,209.97,3,AA-10480,Central,TEC-PH-10002170,Technology,0.0,0.0,2016
2016-08-26,447.84,4,AA-10480,Central,FUR-TA-10004147,Furniture,0.0,0.0,2016
2016-08-26,479.97,3,AA-10480,Central,TEC-AC-10003911,Technology,0.0,0.0,2016
2016-08-26,8.64,3,AA-10480,Central,OFF-AR-10002578,Office Supplies,0.0,0.0,2016
2016-09-25,286.256,1,TS-21505,East,OFF-AP-10003849,Office Supplies,0.2,-57.2512,2016
2016-09-25,24.224,2,TS-21505,East,OFF-ST-10004963,Office Supplies,0.2,-4.8448,2016
2016-09-25,331.536,3,TS-21505,East,OFF-ST-10002574,Office Supplies,0.2,-66.30720000000001,2016
2016-11-26,17.856,4,GA-14515,Central,OFF-AR-10000716,Office Supplies,0.2,-3.571200000000001,2016
2016-09-26,431.976,3,TN-21040,South,TEC-AC-10002637,Technology,0.2,-86.3952,2016
2016-05-15,15.232,4,MN-17935,East,OFF-PA-10000697,Office Supplies,0.2,-3.0464,2016
2016-08-22,19.44,3,DG-13300,West,OFF-PA-10001870,Office Supplies,0.0,0.0,2016
2016-06-17,7.96,2,CP-12340,East,OFF-BI-10002003,Office Supplies,0.0,0.0,2016
2016-06-17,566.97,3,CP-12340,East,TEC-PH-10004539,Technology,0.0,0.0,2016
2016-06-17,9.84,3,CP-12340,East,OFF-AR-10003829,Office Supplies,0.0,0.0,2016
2016-10-24,15.552,3,JP-15460,Central,OFF-PA-10003072,Office Supplies,0.2,-3.1104,2016
2016-08-01,1039.728,2,TS-21205,West,TEC-PH-10002885,Technology,0.2,-207.9456,2016
2016-08-01,45.96,2,TS-21205,West,OFF-AP-10002892,Office Supplies,0.0,0.0,2016
2016-11-25,456.588,2,CS-12505,East,OFF-BI-10000545,Office Supplies,0.7,-319.6116,2016
2016-11-25,4499.985,5,CS-12505,East,TEC-MA-10000418,Technology,0.7,-3149.9895,2016
2016-11-25,59.976,3,CS-12505,East,TEC-AC-10000926,Technology,0.2,-11.9952,2016
2016-04-13,6.12,3,SP-20920,West,OFF-EN-10001509,Office Supplies,0.0,0.0,2016
2016-04-18,203.92,4,RF-19840,South,OFF-AP-10001271,Office Supplies,0.0,0.0,2016
2016-04-18,29.56,4,RF-19840,South,TEC-PH-10004924,Technology,0.0,0.0,2016
2016-11-04,45.248,2,ER-13855,South,OFF-ST-10003442,Office Supplies,0.2,-9.0496,2016
2016-11-04,876.3,10,ER-13855,South,FUR-TA-10002533,Furniture,0.4,-350.52,2016
2016-11-04,185.376,2,ER-13855,South,OFF-SU-10003505,Office Supplies,0.2,-37.0752,2016
2016-05-17,2.89,1,LW-17215,Central,OFF-BI-10000279,Office Supplies,0.8,-2.312,2016
2016-05-17,7.896,3,LW-17215,Central,OFF-FA-10000936,Office Supplies,0.2,-1.5792,2016
2016-05-17,22.608,3,LW-17215,Central,FUR-FU-10004973,Furniture,0.6,-13.5648,2016
2016-05-17,30.528,8,LW-17215,Central,OFF-PA-10000791,Office Supplies,0.2,-6.1056,2016
2016-12-19,1.8,5,BP-11050,Central,OFF-BI-10002012,Office Supplies,0.8,-1.44,2016
2016-01-08,30.828,7,VS-21820,South,OFF-BI-10004236,Office Supplies,0.7,-21.5796,2016
2016-01-08,47.616,3,VS-21820,South,OFF-AR-10001955,Office Supplies,0.2,-9.523200000000001,2016
2016-01-08,108.784,2,VS-21820,South,TEC-PH-10004080,Technology,0.2,-21.7568,2016
2016-02-14,4.77,1,DK-13090,East,OFF-PA-10000791,Office Supplies,0.0,0.0,2016
2016-02-14,7.98,3,DK-13090,East,OFF-AR-10001770,Office Supplies,0.0,0.0,2016
2016-02-14,550.431,3,DK-13090,East,FUR-TA-10002356,Furniture,0.3,-165.1293,2016
2016-02-14,10.56,6,DK-13090,East,FUR-FU-10003274,Furniture,0.0,0.0,2016
2016-10-21,113.22,3,DP-13390,West,OFF-AR-10002240,Office Supplies,0.0,0.0,2016
2016-10-21,35.88,6,DP-13390,West,OFF-PA-10001801,Office Supplies,0.0,0.0,2016
2016-10-21,4535.976,3,DP-13390,West,OFF-BI-10001120,Office Supplies,0.2,-907.1952,2016
2016-10-21,111.672,9,GW-14605,South,OFF-ST-10004950,Office Supplies,0.2,-22.3344,2016
2016-05-09,19.136,2,MB-18085,Central,TEC-PH-10001552,Technology,0.2,-3.8272,2016
2016-07-17,45.96,2,AT-10735,East,OFF-AP-10002892,Office Supplies,0.0,0.0,2016
2016-02-27,16.192,2,DW-13540,Central,FUR-FU-10004053,Furniture,0.6,-9.7152,2016
2016-05-02,18.936,3,AS-10090,Central,OFF-ST-10000321,Office Supplies,0.2,-3.7872,2016
2016-05-02,12.672,3,AS-10090,Central,OFF-ST-10002957,Office Supplies,0.2,-2.5344,2016
2016-05-02,5.04,2,AS-10090,Central,OFF-LA-10000973,Office Supplies,0.2,-1.008,2016
2016-05-27,13.38,2,LS-17245,West,OFF-PA-10000575,Office Supplies,0.0,0.0,2016
2016-10-03,6.16,2,DB-12910,West,OFF-LA-10002271,Office Supplies,0.0,0.0,2016
2016-10-03,915.136,4,DB-12910,West,FUR-CH-10004063,Furniture,0.2,-183.0272,2016
2016-10-03,8.56,2,DB-12910,West,OFF-PA-10004610,Office Supplies,0.0,0.0,2016
2016-10-03,97.82,2,DB-12910,West,OFF-PA-10001878,Office Supplies,0.0,0.0,2016
2016-11-29,242.176,4,DR-12940,Central,FUR-FU-10003806,Furniture,0.6,-145.3056,2016
2016-06-14,337.176,2,JS-15685,East,FUR-TA-10003392,Furniture,0.4,-134.8704,2016
2016-08-16,32.4,5,JP-15520,West,OFF-PA-10000019,Office Supplies,0.0,0.0,2016
2016-12-25,19.89,9,TS-21655,South,OFF-AR-10003811,Office Supplies,0.0,0.0,2016
2016-12-25,399.98,2,TS-21655,South,TEC-AC-10001838,Technology,0.0,0.0,2016
2016-12-25,343.85,5,TS-21655,South,FUR-FU-10003553,Furniture,0.0,0.0,2016
2016-12-25,106.32,3,TS-21655,South,OFF-PA-10003302,Office Supplies,0.0,0.0,2016
2016-07-30,715.64,2,RW-19630,West,OFF-AP-10003849,Office Supplies,0.0,0.0,2016
2016-12-03,268.704,3,RD-19720,West,FUR-TA-10004147,Furniture,0.2,-53.74080000000001,2016
2016-12-03,21.92,8,RD-19720,West,OFF-AR-10001662,Office Supplies,0.0,0.0,2016
2016-12-03,48.72,3,RD-19720,West,OFF-ST-10001558,Office Supplies,0.0,0.0,2016
2016-12-03,205.666,2,RD-19720,West,FUR-BO-10001337,Furniture,0.15,-30.8499,2016
2016-04-28,30.344,2,RB-19570,Central,FUR-FU-10001602,Furniture,0.6,-18.2064,2016
2016-08-13,22.32,4,RF-19840,South,OFF-BI-10002309,Office Supplies,0.0,0.0,2016
2016-08-13,103.6,7,RF-19840,South,OFF-LA-10003923,Office Supplies,0.0,0.0,2016
2016-03-25,59.52,3,DK-12835,East,OFF-AR-10001955,Office Supplies,0.0,0.0,2016
2016-07-15,230.28,3,MC-17425,West,FUR-CH-10004886,Furniture,0.2,-46.056,2016
2016-07-15,105.52,5,MC-17425,West,OFF-PA-10003641,Office Supplies,0.2,-21.104,2016
2016-12-14,81.424,2,DS-13180,West,FUR-CH-10001146,Furniture,0.2,-16.2848,2016
2016-12-14,134.8,10,DS-13180,West,OFF-ST-10001590,Office Supplies,0.0,0.0,2016
2016-10-10,90.882,3,CC-12610,West,FUR-BO-10001567,Furniture,0.7,-63.6174,2016
2016-10-10,15.992,1,CC-12610,West,TEC-PH-10002583,Technology,0.2,-3.1984,2016
2016-10-10,120.784,1,CC-12610,West,FUR-CH-10004853,Furniture,0.2,-24.1568,2016
2016-04-21,8.32,5,DN-13690,West,OFF-BI-10004967,Office Supplies,0.2,-1.664,2016
2016-07-20,89.95,5,PJ-19015,East,TEC-PH-10003589,Technology,0.0,0.0,2016
2016-08-23,25.2,4,MA-17560,Central,OFF-LA-10002945,Office Supplies,0.0,0.0,2016
2016-08-23,37.59,3,MA-17560,Central,OFF-LA-10003537,Office Supplies,0.0,0.0,2016
2016-08-23,14.97,1,MA-17560,Central,OFF-ST-10002406,Office Supplies,0.0,0.0,2016
2016-08-23,1.98,2,MA-17560,Central,TEC-AC-10003433,Technology,0.0,0.0,2016
2016-06-14,39.936,4,VM-21835,South,OFF-BI-10002082,Office Supplies,0.7,-27.9552,2016
2016-06-14,18.464,2,VM-21835,South,TEC-AC-10000521,Technology,0.2,-3.6928,2016
2016-10-07,93.36,12,MC-18100,West,OFF-FA-10001883,Office Supplies,0.0,0.0,2016
2016-10-21,106.08,6,JF-15565,Central,TEC-AC-10002323,Technology,0.2,-21.216,2016
2016-01-07,23.076,3,NM-18520,Central,FUR-FU-10004270,Furniture,0.6,-13.8456,2016
2016-01-07,25.92,5,NM-18520,Central,OFF-PA-10004621,Office Supplies,0.2,-5.184000000000001,2016
2016-09-20,393.25,5,HA-14905,East,OFF-AP-10001005,Office Supplies,0.0,0.0,2016
2016-12-15,2.214,3,SH-20395,East,OFF-BI-10000201,Office Supplies,0.7,-1.5498,2016
2016-07-03,706.86,7,DK-13225,East,OFF-AP-10000938,Office Supplies,0.0,0.0,2016
2016-11-07,263.96,4,LW-17215,East,TEC-PH-10000586,Technology,0.0,0.0,2016
2016-11-07,359.97,3,LW-17215,East,TEC-PH-10003811,Technology,0.0,0.0,2016
2016-11-07,12.96,2,LW-17215,East,OFF-PA-10004983,Office Supplies,0.0,0.0,2016
2016-11-07,116.82,3,LW-17215,East,OFF-ST-10003479,Office Supplies,0.0,0.0,2016
2016-11-07,276.784,2,LW-17215,East,OFF-BI-10004318,Office Supplies,0.2,-55.3568,2016
2016-11-22,134.272,8,CA-12055,East,OFF-BI-10001524,Office Supplies,0.2,-26.8544,2016
2016-10-20,61.1,5,LC-16960,South,FUR-FU-10000246,Furniture,0.0,0.0,2016
2016-09-29,10.496,4,DM-12955,West,OFF-AR-10002375,Office Supplies,0.2,-2.0992,2016
2016-03-10,26.85,3,RH-19510,West,TEC-AC-10003038,Technology,0.0,0.0,2016
2016-03-10,3357.6,3,RH-19510,West,TEC-MA-10000984,Technology,0.2,-671.52,2016
2016-12-01,248.43,5,JM-15865,Central,FUR-CH-10002647,Furniture,0.3,-74.529,2016
2016-12-01,11.648,4,JM-15865,Central,OFF-AP-10004859,Office Supplies,0.8,-9.3184,2016
2016-12-01,85.246,2,JM-15865,Central,FUR-CH-10004477,Furniture,0.3,-25.5738,2016
2016-11-11,41.96,2,LP-17080,West,FUR-FU-10001934,Furniture,0.0,0.0,2016
2016-11-11,451.152,3,LP-17080,West,FUR-CH-10004997,Furniture,0.2,-90.2304,2016
2016-11-11,31.504,11,LP-17080,West,OFF-BI-10001890,Office Supplies,0.2,-6.300800000000001,2016
2016-08-12,562.2925,7,CS-12490,South,FUR-TA-10002533,Furniture,0.45,-253.031625,2016
2016-07-18,11.264,8,NK-18490,East,OFF-AR-10001545,Office Supplies,0.2,-2.2528,2016
2016-07-18,284.08,10,NK-18490,East,OFF-ST-10001476,Office Supplies,0.2,-56.816,2016
2016-07-18,18.496,4,NK-18490,East,OFF-PA-10004971,Office Supplies,0.2,-3.6992,2016
2016-02-05,14.73,3,AZ-10750,West,OFF-LA-10003223,Office Supplies,0.0,0.0,2016
2016-02-05,186.54,3,AZ-10750,West,OFF-ST-10004340,Office Supplies,0.0,0.0,2016
2016-02-05,557.728,4,AZ-10750,West,FUR-TA-10001095,Furniture,0.2,-111.5456,2016
2016-02-05,159.968,4,AZ-10750,West,TEC-PH-10001448,Technology,0.2,-31.9936,2016
2016-12-27,20.16,7,EM-14140,West,OFF-LA-10001613,Office Supplies,0.0,0.0,2016
2016-10-04,239.372,2,MS-17830,East,FUR-TA-10002622,Furniture,0.3,-71.8116,2016
2016-11-18,595.0,5,PG-18820,West,TEC-AC-10002842,Technology,0.0,0.0,2016
2016-03-09,199.75,5,RB-19465,East,TEC-AC-10004469,Technology,0.0,0.0,2016
2016-02-16,227.96,2,JD-15790,East,FUR-CH-10001545,Furniture,0.0,0.0,2016
2016-07-31,863.128,7,AH-10690,West,FUR-TA-10002774,Furniture,0.2,-172.6256,2016
2016-02-14,264.18,7,FM-14380,South,OFF-AR-10002240,Office Supplies,0.0,0.0,2016
2016-01-30,156.512,4,HE-14800,Central,OFF-PA-10003892,Office Supplies,0.2,-31.3024,2016
2016-09-22,128.34,6,SZ-20035,East,OFF-ST-10002370,Office Supplies,0.0,0.0,2016
2016-09-02,999.98,2,TG-21310,West,TEC-CO-10002095,Technology,0.0,0.0,2016
2016-12-10,62.82,9,BW-11110,East,OFF-PA-10000659,Office Supplies,0.0,0.0,2016
2016-11-07,44.46,5,MC-17845,Central,FUR-FU-10002030,Furniture,0.6,-26.676,2016
2016-11-07,314.088,3,MC-17845,Central,OFF-ST-10001272,Office Supplies,0.2,-62.81760000000001,2016
2016-06-12,185.88,6,EA-14035,West,OFF-PA-10000241,Office Supplies,0.0,0.0,2016
2016-06-12,12.96,2,EA-14035,West,OFF-PA-10004782,Office Supplies,0.0,0.0,2016
2016-04-04,82.64,2,BC-11125,East,FUR-FU-10000723,Furniture,0.0,0.0,2016
2016-04-04,31.02,2,BC-11125,East,OFF-ST-10003455,Office Supplies,0.0,0.0,2016
2016-04-04,89.97,3,BC-11125,East,TEC-AC-10001109,Technology,0.0,0.0,2016
2016-06-30,35.97,3,PF-19165,South,OFF-AR-10004344,Office Supplies,0.0,0.0,2016
2016-06-30,1266.86,7,PF-19165,South,FUR-BO-10004695,Furniture,0.0,0.0,2016
2016-05-10,743.988,2,CS-12400,East,TEC-PH-10001795,Technology,0.4,-297.5952,2016
2016-06-26,368.91,9,SN-20560,Central,OFF-PA-10000357,Office Supplies,0.0,0.0,2016
2016-06-26,8.02,1,SN-20560,Central,OFF-BI-10000773,Office Supplies,0.0,0.0,2016
2016-06-26,171.04,4,SN-20560,Central,OFF-ST-10001837,Office Supplies,0.0,0.0,2016
2016-12-15,19.44,3,TC-21475,South,OFF-PA-10002552,Office Supplies,0.0,0.0,2016
2016-12-25,2563.056,8,JE-15715,East,FUR-CH-10002331,Furniture,0.1,-256.3056,2016
2016-10-20,387.136,4,MY-18295,West,FUR-CH-10001802,Furniture,0.2,-77.42720000000001,2016
2016-02-21,3.762,3,LC-16960,South,OFF-BI-10003727,Office Supplies,0.7,-2.6334,2016
2016-02-21,34.86,2,LC-16960,South,OFF-BI-10002026,Office Supplies,0.7,-24.402,2016
2016-02-21,432.456,3,LC-16960,South,OFF-ST-10001496,Office Supplies,0.2,-86.4912,2016
2016-05-30,26.55,9,EB-13750,South,OFF-EN-10002600,Office Supplies,0.0,0.0,2016
2016-05-30,111.98,2,EB-13750,South,TEC-AC-10000109,Technology,0.0,0.0,2016
2016-08-11,32.4,5,MT-18070,Central,OFF-PA-10001870,Office Supplies,0.0,0.0,2016
2016-08-11,41.86,7,MT-18070,Central,OFF-BI-10003305,Office Supplies,0.0,0.0,2016
2016-08-11,77.56,2,MT-18070,Central,OFF-BI-10003007,Office Supplies,0.0,0.0,2016
2016-07-25,37.17,9,BC-11125,West,OFF-AR-10001419,Office Supplies,0.0,0.0,2016
2016-09-26,15.624,2,SC-20380,Central,OFF-BI-10002026,Office Supplies,0.8,-12.4992,2016
2016-11-19,8.74,2,ND-18370,East,OFF-AP-10000595,Office Supplies,0.0,0.0,2016
2016-11-19,44.75,5,ND-18370,East,OFF-PA-10001509,Office Supplies,0.0,0.0,2016
2016-03-09,11.21,1,PS-18760,East,OFF-ST-10004634,Office Supplies,0.0,0.0,2016
2016-03-09,354.9,5,PS-18760,East,FUR-CH-10002647,Furniture,0.0,0.0,2016
2016-03-09,17.94,3,PS-18760,East,OFF-PA-10001801,Office Supplies,0.0,0.0,2016
2016-03-09,51.8,4,PS-18760,East,OFF-BI-10004632,Office Supplies,0.0,0.0,2016
2016-07-02,7.7,2,KH-16360,South,OFF-AR-10003986,Office Supplies,0.0,0.0,2016
2016-11-25,73.36,7,JK-15370,South,OFF-ST-10001325,Office Supplies,0.0,0.0,2016
2016-08-26,186.54,3,XP-21865,South,FUR-FU-10000308,Furniture,0.0,0.0,2016
2016-06-11,902.712,3,SV-20365,West,FUR-TA-10003473,Furniture,0.2,-180.5424,2016
2016-10-17,120.666,2,MG-17890,West,FUR-BO-10003894,Furniture,0.15,-18.0999,2016
2016-11-24,82.26,3,SC-20680,West,FUR-FU-10003535,Furniture,0.0,0.0,2016
2016-11-10,29.74,1,RO-19780,West,OFF-ST-10000352,Office Supplies,0.0,0.0,2016
2016-03-17,84.784,2,AC-10660,West,TEC-PH-10003800,Technology,0.2,-16.9568,2016
2016-02-08,241.5,4,MH-17440,Central,FUR-CH-10001270,Furniture,0.3,-72.45,2016
2016-11-26,59.97,3,CD-12790,East,TEC-AC-10003447,Technology,0.0,0.0,2016
2016-11-26,13.36,2,CD-12790,East,OFF-PA-10004285,Office Supplies,0.0,0.0,2016
2016-12-27,17.184,6,RD-19810,East,OFF-FA-10000621,Office Supplies,0.2,-3.4368,2016
2016-12-01,137.94,3,EJ-14155,East,TEC-PH-10000193,Technology,0.0,0.0,2016
2016-12-01,111.15,5,EJ-14155,East,FUR-FU-10002045,Furniture,0.0,0.0,2016
2016-12-01,901.95,3,EJ-14155,East,OFF-AP-10002945,Office Supplies,0.0,0.0,2016
2016-12-01,366.009,3,EJ-14155,East,FUR-TA-10001095,Furniture,0.3,-109.8027,2016
2016-02-01,105.52,4,SM-20950,West,OFF-PA-10002254,Office Supplies,0.0,0.0,2016
2016-11-15,630.024,4,ON-18715,South,FUR-TA-10001768,Furniture,0.4,-252.0096,2016
2016-05-09,27.86,7,TH-21100,South,OFF-AR-10003514,Office Supplies,0.0,0.0,2016
2016-12-17,51.84,10,AH-10075,Central,OFF-PA-10001972,Office Supplies,0.2,-10.368,2016
2016-12-17,165.6,3,AH-10075,Central,TEC-AC-10002942,Technology,0.2,-33.12,2016
2016-08-28,18.432,8,EB-13750,East,OFF-BI-10004099,Office Supplies,0.7,-12.9024,2016
2016-12-19,303.92,5,CL-12565,East,FUR-FU-10004904,Furniture,0.2,-60.78400000000001,2016
2016-12-08,10.584,3,JB-16045,East,OFF-PA-10002615,Office Supplies,0.2,-2.1168,2016
2016-03-06,431.94,2,JB-16045,East,TEC-PH-10004586,Technology,0.4,-172.776,2016
2016-03-06,2.043,1,JB-16045,East,OFF-BI-10002982,Office Supplies,0.7,-1.4301,2016
2016-03-06,68.238,3,JB-16045,East,TEC-PH-10002538,Technology,0.4,-27.2952,2016
2016-04-18,344.372,4,TH-21115,Central,FUR-CH-10002880,Furniture,0.3,-103.3116,2016
2016-04-18,1554.936,3,TH-21115,Central,OFF-ST-10001780,Office Supplies,0.2,-310.9872,2016
2016-04-18,127.88,5,TH-21115,Central,FUR-FU-10004748,Furniture,0.6,-76.728,2016
2016-05-22,222.384,2,JE-15610,West,TEC-PH-10001918,Technology,0.2,-44.4768,2016
2016-09-19,8.928,2,FH-14275,West,OFF-BI-10002309,Office Supplies,0.2,-1.7856,2016
2016-11-11,2678.94,6,AS-10285,Central,FUR-TA-10001950,Furniture,0.0,0.0,2016
2016-03-12,19.98,2,SW-20245,West,OFF-PA-10004022,Office Supplies,0.0,0.0,2016
2016-05-24,16.656,3,DP-13390,East,OFF-AR-10001860,Office Supplies,0.2,-3.3312,2016
2016-09-20,83.7,5,EN-13780,Central,OFF-BI-10004828,Office Supplies,0.0,0.0,2016
2016-02-02,8749.95,5,SE-20110,South,TEC-MA-10001127,Technology,0.0,0.0,2016
2016-02-02,36.4,8,SE-20110,South,OFF-BI-10002557,Office Supplies,0.0,0.0,2016
2016-02-02,18.69,7,SE-20110,South,FUR-FU-10001731,Furniture,0.0,0.0,2016
2016-12-02,165.6,3,AS-10225,West,TEC-AC-10002942,Technology,0.2,-33.12,2016
2016-05-02,366.744,4,NR-18550,Central,FUR-CH-10003298,Furniture,0.3,-110.0232,2016
2016-03-08,8.856,9,SJ-20125,Central,OFF-BI-10001757,Office Supplies,0.8,-7.0848,2016
2016-03-08,27.96,5,SJ-20125,Central,TEC-AC-10004633,Technology,0.2,-5.592000000000001,2016
2016-03-08,146.352,3,SJ-20125,Central,OFF-EN-10001453,Office Supplies,0.2,-29.2704,2016
2016-12-22,25.584,2,LC-16885,East,OFF-BI-10004233,Office Supplies,0.2,-5.1168,2016
2016-02-02,73.784,2,NS-18640,Central,FUR-FU-10003601,Furniture,0.6,-44.2704,2016
2016-04-07,3.64,2,SF-20200,East,OFF-AR-10002833,Office Supplies,0.0,0.0,2016
2016-01-11,54.992,14,MP-17470,East,FUR-FU-10002268,Furniture,0.2,-10.9984,2016
2016-04-01,12.99,1,MY-18295,Central,TEC-PH-10000148,Technology,0.0,0.0,2016
2016-11-30,33.36,4,BS-11755,Central,OFF-PA-10000380,Office Supplies,0.0,0.0,2016
2016-11-30,13.76,2,BS-11755,Central,OFF-PA-10002713,Office Supplies,0.0,0.0,2016
2016-11-30,496.86,7,BS-11755,Central,OFF-ST-10001370,Office Supplies,0.0,0.0,2016
2016-11-30,389.97,3,BS-11755,Central,FUR-CH-10000513,Furniture,0.0,0.0,2016
2016-03-27,20.24,1,DS-13180,South,FUR-FU-10004053,Furniture,0.0,0.0,2016
2016-03-27,39.92,4,DS-13180,South,FUR-FU-10003731,Furniture,0.0,0.0,2016
2016-03-27,32.54,2,DS-13180,South,OFF-BI-10000962,Office Supplies,0.0,0.0,2016
2016-12-09,1056.86,7,PM-18940,South,FUR-TA-10002530,Furniture,0.0,0.0,2016
2016-12-23,453.576,3,LA-16780,Central,TEC-PH-10004539,Technology,0.2,-90.71520000000001,2016
2016-12-23,45.36,9,LA-16780,Central,OFF-LA-10002945,Office Supplies,0.2,-9.072000000000001,2016
2016-12-23,287.88,3,LA-16780,Central,TEC-PH-10004345,Technology,0.2,-57.576,2016
2016-12-23,131.88,3,LA-16780,Central,TEC-PH-10004912,Technology,0.2,-26.376,2016
2016-12-23,2.328,2,LA-16780,Central,FUR-FU-10000206,Furniture,0.6,-1.3968,2016
2016-04-02,1454.9,5,DJ-13420,Central,FUR-CH-10000847,Furniture,0.0,0.0,2016
2016-11-17,67.176,3,BG-11035,Central,TEC-PH-10002350,Technology,0.2,-13.4352,2016
2016-11-17,15.232,4,BG-11035,Central,OFF-PA-10000697,Office Supplies,0.2,-3.0464,2016
2016-11-10,31.104,6,SV-20365,East,OFF-PA-10002787,Office Supplies,0.2,-6.220800000000001,2016
2016-12-06,968.744,7,DP-13105,East,OFF-BI-10004318,Office Supplies,0.2,-193.7488,2016
2016-12-06,222.352,13,DP-13105,East,OFF-BI-10001721,Office Supplies,0.2,-44.47040000000001,2016
2016-12-06,479.984,2,DP-13105,East,TEC-CO-10004202,Technology,0.2,-95.99680000000001,2016
2016-04-03,10.272,3,SR-20740,Central,OFF-PA-10003893,Office Supplies,0.2,-2.0544,2016
2016-12-27,2.61,1,JW-15955,South,OFF-LA-10002368,Office Supplies,0.0,0.0,2016
2016-10-27,67.136,4,PA-19060,West,OFF-BI-10004308,Office Supplies,0.2,-13.4272,2016
2016-01-03,30.08,2,CA-12310,Central,TEC-AC-10002217,Technology,0.2,-6.016,2016
2016-01-03,165.6,3,CA-12310,Central,TEC-AC-10002942,Technology,0.2,-33.12,2016
2016-01-03,180.96,5,CA-12310,Central,TEC-PH-10002890,Technology,0.2,-36.192,2016
2016-01-28,39.68,2,HG-14965,West,OFF-AR-10000588,Office Supplies,0.0,0.0,2016
2016-11-09,479.97,3,PF-19165,West,TEC-AC-10002001,Technology,0.0,0.0,2016
2016-09-10,7.38,2,BD-11770,West,OFF-LA-10003720,Office Supplies,0.0,0.0,2016
2016-09-10,14.256,3,BD-11770,West,OFF-BI-10004364,Office Supplies,0.2,-2.8512,2016
2016-09-10,81.98,2,BD-11770,West,OFF-PA-10000100,Office Supplies,0.0,0.0,2016
2016-09-10,39.624,3,BD-11770,West,OFF-BI-10004826,Office Supplies,0.2,-7.924800000000001,2016
2016-11-27,39.808,4,CM-12235,West,OFF-ST-10000876,Office Supplies,0.2,-7.961600000000001,2016
2016-07-28,177.45,5,OT-18730,East,FUR-BO-10004409,Furniture,0.5,-88.725,2016
2016-07-28,1369.764,6,OT-18730,East,OFF-BI-10000545,Office Supplies,0.7,-958.8347999999999,2016
2016-07-28,9.48,3,OT-18730,East,OFF-AP-10004052,Office Supplies,0.2,-1.896,2016
2016-11-25,194.352,3,MH-17455,West,FUR-CH-10004698,Furniture,0.2,-38.8704,2016
2016-07-29,704.76,5,RH-19555,South,OFF-ST-10003816,Office Supplies,0.2,-140.952,2016
2016-07-29,27.396,3,RH-19555,South,OFF-BI-10002429,Office Supplies,0.7,-19.1772,2016
2016-06-21,0.836,1,KB-16600,Central,OFF-BI-10003727,Office Supplies,0.8,-0.6688000000000001,2016
2016-09-03,30.96,6,MH-17620,East,OFF-PA-10002246,Office Supplies,0.2,-6.192,2016
2016-11-17,49.5,5,HJ-14875,West,OFF-SU-10004231,Office Supplies,0.0,0.0,2016
2016-12-30,16.52,5,CJ-11875,East,OFF-AR-10004269,Office Supplies,0.2,-3.304,2016
2016-12-22,55.36,4,ED-13885,West,OFF-BI-10004002,Office Supplies,0.2,-11.072,2016
2016-12-22,11.56,1,ED-13885,West,TEC-MA-10000752,Technology,0.2,-2.312,2016
2016-09-02,8.608,8,RD-19810,Central,OFF-BI-10001132,Office Supplies,0.8,-6.886400000000001,2016
2016-09-02,159.56,5,RD-19810,Central,TEC-AC-10001714,Technology,0.2,-31.912,2016
2016-12-01,2104.55,7,JD-15895,South,OFF-AP-10002945,Office Supplies,0.0,0.0,2016
2016-12-01,40.7,5,JD-15895,South,OFF-SU-10004664,Office Supplies,0.0,0.0,2016
2016-12-16,21.21,7,TN-21040,West,TEC-AC-10001445,Technology,0.0,0.0,2016
2016-06-26,231.72,2,AH-10075,West,OFF-SU-10003505,Office Supplies,0.0,0.0,2016
2016-06-26,17.9,5,AH-10075,West,OFF-FA-10000624,Office Supplies,0.0,0.0,2016
2016-06-26,12.48,2,AH-10075,West,OFF-PA-10002870,Office Supplies,0.0,0.0,2016
2016-08-14,259.896,2,SP-20650,East,TEC-PH-10003580,Technology,0.4,-103.9584,2016
2016-08-14,247.188,2,SP-20650,East,TEC-PH-10001530,Technology,0.4,-98.8752,2016
2016-08-14,279.96,5,SP-20650,East,TEC-AC-10000420,Technology,0.2,-55.992,2016
2016-10-24,450.0,5,ED-13885,West,TEC-AC-10000892,Technology,0.0,0.0,2016
2016-07-23,115.136,8,IL-15100,Central,TEC-PH-10004100,Technology,0.2,-23.0272,2016
2016-06-12,64.384,4,AW-10930,Central,OFF-AP-10001242,Office Supplies,0.8,-51.5072,2016
2016-06-12,6.984,2,AW-10930,Central,FUR-FU-10001424,Furniture,0.6,-4.190399999999999,2016
2016-06-12,11.264,8,AW-10930,Central,OFF-AR-10003469,Office Supplies,0.2,-2.2528,2016
2016-06-12,15.552,3,AW-10930,Central,OFF-PA-10000232,Office Supplies,0.2,-3.1104,2016
2016-06-12,379.372,2,AW-10930,Central,FUR-CH-10000229,Furniture,0.3,-113.8116,2016
2016-06-12,67.536,9,AW-10930,Central,OFF-ST-10002562,Office Supplies,0.2,-13.5072,2016
2016-06-12,1.524,2,AW-10930,Central,OFF-BI-10001525,Office Supplies,0.8,-1.2192,2016
2016-12-29,37.408,7,MH-17290,South,OFF-PA-10002986,Office Supplies,0.2,-7.4816,2016
2016-12-29,25.344,6,MH-17290,South,OFF-PA-10000143,Office Supplies,0.2,-5.0688,2016
2016-09-04,535.41,3,RP-19855,Central,OFF-ST-10001490,Office Supplies,0.0,0.0,2016
2016-07-24,73.2,5,JG-15160,South,OFF-AR-10004456,Office Supplies,0.0,0.0,2016
2016-05-05,93.248,4,RB-19465,South,OFF-PA-10001001,Office Supplies,0.2,-18.6496,2016
2016-05-05,177.48,3,RB-19465,South,TEC-PH-10001198,Technology,0.2,-35.496,2016
2016-07-22,37.68,2,MF-17665,East,OFF-AP-10002350,Office Supplies,0.0,0.0,2016
2016-07-22,51.84,8,MF-17665,East,OFF-PA-10004100,Office Supplies,0.0,0.0,2016
2016-07-22,27.42,3,MF-17665,East,FUR-FU-10000794,Furniture,0.0,0.0,2016
2016-07-22,5.4,3,MF-17665,East,OFF-BI-10002012,Office Supplies,0.0,0.0,2016
2016-01-31,1270.99,1,BF-11170,South,OFF-BI-10003527,Office Supplies,0.0,0.0,2016
2016-01-31,125.36,8,BF-11170,South,OFF-EN-10004483,Office Supplies,0.0,0.0,2016
2016-12-29,14.03,1,FO-14305,West,OFF-ST-10003722,Office Supplies,0.0,0.0,2016
2016-12-29,27.96,2,FO-14305,West,OFF-SU-10002557,Office Supplies,0.0,0.0,2016
2016-09-12,146.952,3,PO-19180,West,TEC-PH-10001870,Technology,0.2,-29.3904,2016
2016-09-12,83.136,4,PO-19180,West,FUR-CH-10002304,Furniture,0.2,-16.6272,2016
2016-12-05,3.536,2,MP-18175,Central,OFF-AR-10001547,Office Supplies,0.2,-0.7072,2016
2016-07-02,528.43,5,EA-14035,Central,FUR-CH-10000665,Furniture,0.3,-158.529,2016
2016-07-02,41.472,8,EA-14035,Central,OFF-PA-10000520,Office Supplies,0.2,-8.294400000000001,2016
2016-09-15,20.416,4,JD-16150,West,OFF-BI-10001249,Office Supplies,0.2,-4.083200000000001,2016
2016-09-15,1128.39,3,JD-16150,West,FUR-TA-10003473,Furniture,0.0,0.0,2016
2016-07-07,12.96,2,MJ-17740,West,OFF-PA-10003441,Office Supplies,0.0,0.0,2016
2016-07-07,45.98,2,MJ-17740,West,OFF-AR-10004602,Office Supplies,0.0,0.0,2016
2016-04-06,1294.75,5,VM-21685,East,TEC-PH-10002555,Technology,0.0,0.0,2016
2016-11-10,221.98,2,AB-10015,Central,TEC-PH-10000562,Technology,0.0,0.0,2016
2016-11-10,341.96,2,AB-10015,Central,FUR-BO-10003966,Furniture,0.0,0.0,2016
2016-09-12,40.48,2,MC-17590,East,FUR-FU-10002813,Furniture,0.0,0.0,2016
2016-03-08,207.144,3,SP-20650,Central,OFF-AP-10004233,Office Supplies,0.1,-20.7144,2016
2016-03-08,13.9,5,SP-20650,Central,OFF-AR-10002766,Office Supplies,0.0,0.0,2016
2016-08-21,33.44,10,RP-19270,West,OFF-BI-10003727,Office Supplies,0.2,-6.688,2016
2016-02-09,89.97,3,JR-16210,West,TEC-AC-10003628,Technology,0.0,0.0,2016
2016-02-09,31.86,2,JR-16210,West,TEC-AC-10004761,Technology,0.0,0.0,2016
2016-11-04,686.4,2,CC-12475,West,TEC-MA-10003176,Technology,0.2,-137.28,2016
2016-08-13,185.376,2,CT-11995,Central,OFF-SU-10003505,Office Supplies,0.2,-37.0752,2016
2016-08-13,58.924,1,CT-11995,Central,OFF-AP-10002534,Office Supplies,0.8,-47.1392,2016
2016-06-30,50.12,7,AH-10120,Central,TEC-AC-10003038,Technology,0.2,-10.024,2016
2016-10-17,449.97,3,FC-14245,Central,TEC-PH-10003072,Technology,0.0,0.0,2016
2016-10-17,1927.59,7,FC-14245,Central,OFF-AP-10003057,Office Supplies,0.0,0.0,2016
2016-09-16,121.78,2,CR-12625,South,FUR-CH-10001146,Furniture,0.0,0.0,2016
2016-08-15,312.03,3,BD-11320,West,FUR-FU-10004071,Furniture,0.0,0.0,2016
2016-08-15,17.94,3,BD-11320,West,OFF-ST-10001505,Office Supplies,0.0,0.0,2016
2016-08-15,165.6,3,BD-11320,West,TEC-PH-10004614,Technology,0.2,-33.12,2016
2016-08-15,37.52,4,BD-11320,West,OFF-PA-10004911,Office Supplies,0.0,0.0,2016
2016-05-31,32.064,3,BP-11290,Central,FUR-FU-10001379,Furniture,0.6,-19.2384,2016
2016-05-31,18.496,4,BP-11290,Central,OFF-PA-10001846,Office Supplies,0.2,-3.6992,2016
2016-05-31,191.079,3,BP-11290,Central,FUR-CH-10000422,Furniture,0.3,-57.3237,2016
2016-05-31,10.368,2,BP-11290,Central,OFF-PA-10004621,Office Supplies,0.2,-2.0736,2016
2016-07-01,30.53,1,SU-20665,East,OFF-LA-10001474,Office Supplies,0.0,0.0,2016
2016-07-01,30.84,3,SU-20665,East,TEC-AC-10001635,Technology,0.0,0.0,2016
2016-07-01,75.06,9,SU-20665,East,OFF-PA-10001950,Office Supplies,0.0,0.0,2016
2016-12-18,66.976,7,AY-10555,West,TEC-PH-10001552,Technology,0.2,-13.3952,2016
2016-05-09,856.656,6,CV-12805,Central,OFF-ST-10001490,Office Supplies,0.2,-171.3312,2016
2016-05-09,13.184,4,CV-12805,Central,OFF-BI-10002852,Office Supplies,0.8,-10.5472,2016
2016-05-09,48.784,4,CV-12805,Central,OFF-AP-10000390,Office Supplies,0.8,-39.0272,2016
2016-05-09,76.64,2,CV-12805,Central,OFF-PA-10004327,Office Supplies,0.2,-15.328,2016
2016-05-09,18.528,6,CV-12805,Central,OFF-BI-10002353,Office Supplies,0.8,-14.8224,2016
2016-10-04,52.68,3,AH-10690,South,TEC-PH-10003095,Technology,0.2,-10.536,2016
2016-10-04,11.568,3,AH-10690,South,FUR-FU-10002885,Furniture,0.2,-2.3136,2016
2016-01-30,1439.968,4,DF-13135,Central,TEC-PH-10004241,Technology,0.2,-287.9936,2016
2016-01-30,1.728,3,DF-13135,Central,OFF-BI-10000546,Office Supplies,0.8,-1.3824,2016
2016-01-30,626.1,3,DF-13135,Central,FUR-TA-10004256,Furniture,0.5,-313.05,2016
2016-03-14,16.74,2,SP-20545,Central,FUR-FU-10003724,Furniture,0.0,0.0,2016
2016-11-03,4.158,7,NW-18400,West,OFF-BI-10002813,Office Supplies,0.7,-2.9106,2016
2016-11-03,179.991,3,NW-18400,West,TEC-MA-10003337,Technology,0.7,-125.9937,2016
2016-11-05,273.96,2,LW-17125,South,FUR-FU-10004665,Furniture,0.0,0.0,2016
2016-11-05,89.97,3,LW-17125,South,TEC-AC-10000057,Technology,0.0,0.0,2016
2016-11-05,756.8,5,LW-17125,South,FUR-FU-10003806,Furniture,0.0,0.0,2016
2016-11-03,72.0,1,JP-16135,East,TEC-AC-10000892,Technology,0.2,-14.4,2016
2016-11-03,470.155,7,JP-16135,East,FUR-CH-10004886,Furniture,0.3,-141.0465,2016
2016-03-06,2.334,3,LC-16870,Central,OFF-AP-10001626,Office Supplies,0.8,-1.8672,2016
2016-03-06,1.728,4,LC-16870,Central,OFF-BI-10004656,Office Supplies,0.8,-1.3824,2016
2016-03-06,159.04,5,LC-16870,Central,FUR-FU-10003773,Furniture,0.6,-95.42399999999999,2016
2016-03-06,145.98,2,LC-16870,Central,FUR-TA-10000849,Furniture,0.5,-72.99,2016
2016-02-21,135.8,7,EA-14035,East,FUR-FU-10001861,Furniture,0.0,0.0,2016
2016-12-17,13.488,2,NS-18640,West,OFF-BI-10001636,Office Supplies,0.2,-2.6976,2016
2016-12-17,11.416,1,NS-18640,West,OFF-BI-10000948,Office Supplies,0.2,-2.2832,2016
2016-03-26,17.64,3,MV-17485,West,OFF-PA-10001838,Office Supplies,0.0,0.0,2016
2016-03-26,17.04,3,MV-17485,West,OFF-BI-10002215,Office Supplies,0.2,-3.408,2016
2016-08-22,98.328,3,TC-21475,West,FUR-FU-10001979,Furniture,0.2,-19.6656,2016
2016-06-26,20.97,3,VP-21760,East,TEC-AC-10002018,Technology,0.0,0.0,2016
2016-06-26,139.96,4,VP-21760,East,TEC-AC-10000397,Technology,0.0,0.0,2016
2016-06-26,37.74,3,VP-21760,East,FUR-FU-10003976,Furniture,0.0,0.0,2016
2016-09-17,14.82,3,PO-18865,East,FUR-FU-10002597,Furniture,0.0,0.0,2016
2016-09-17,191.82,3,PO-18865,East,FUR-FU-10004864,Furniture,0.0,0.0,2016
2016-12-17,9892.74,13,AB-10105,Central,OFF-BI-10000545,Office Supplies,0.0,0.0,2016
2016-11-07,479.97,3,ML-17395,West,TEC-AC-10003911,Technology,0.0,0.0,2016
2016-06-14,1115.17,7,AR-10825,West,FUR-TA-10004619,Furniture,0.0,0.0,2016
2016-02-28,36.48,6,RR-19525,East,OFF-FA-10003495,Office Supplies,0.0,0.0,2016
2016-02-04,90.48,2,MS-17365,East,TEC-PH-10002890,Technology,0.0,0.0,2016
2016-09-02,215.976,3,BM-11140,West,FUR-CH-10003061,Furniture,0.2,-43.1952,2016
2016-09-02,65.94,3,BM-11140,West,OFF-EN-10003567,Office Supplies,0.0,0.0,2016
2016-09-04,16.56,2,MB-18085,Central,OFF-EN-10003286,Office Supplies,0.0,0.0,2016
2016-09-04,279.95,5,MB-18085,Central,TEC-AC-10000109,Technology,0.0,0.0,2016
2016-02-16,318.08,4,GW-14605,South,FUR-FU-10003773,Furniture,0.0,0.0,2016
2016-02-16,5.8,1,GW-14605,South,OFF-BI-10002412,Office Supplies,0.0,0.0,2016
2016-09-10,276.784,2,DV-13465,West,OFF-BI-10004318,Office Supplies,0.2,-55.3568,2016
2016-09-26,93.032,2,LR-17035,Central,OFF-AP-10001564,Office Supplies,0.8,-74.4256,2016
2016-09-26,454.965,5,LR-17035,Central,FUR-CH-10000513,Furniture,0.3,-136.4895,2016
2016-09-17,295.4,5,TS-21610,East,OFF-ST-10002790,Office Supplies,0.2,-59.08,2016
2016-02-07,623.96,5,EB-13975,West,TEC-PH-10004094,Technology,0.2,-124.792,2016
2016-06-06,22.05,7,RB-19795,West,OFF-LA-10000452,Office Supplies,0.0,0.0,2016
2016-06-06,99.9,5,RB-19795,West,OFF-PA-10000210,Office Supplies,0.0,0.0,2016
2016-11-26,78.759,9,EH-13945,East,OFF-BI-10003364,Office Supplies,0.7,-55.1313,2016
2016-08-18,9.552,3,MA-17560,Central,FUR-FU-10001940,Furniture,0.6,-5.731199999999999,2016
2016-08-18,5.344,4,MA-17560,Central,FUR-FU-10000320,Furniture,0.6,-3.2064,2016
2016-03-24,301.47,3,DC-12850,East,FUR-BO-10004357,Furniture,0.5,-150.735,2016
2016-03-24,18.656,2,DC-12850,East,OFF-AR-10000475,Office Supplies,0.2,-3.7312,2016
2016-04-12,129.552,3,TB-21175,South,OFF-ST-10001469,Office Supplies,0.2,-25.9104,2016
2016-04-12,51.984,1,TB-21175,South,OFF-ST-10000060,Office Supplies,0.2,-10.3968,2016
2016-04-12,10.272,3,TB-21175,South,OFF-PA-10000807,Office Supplies,0.2,-2.0544,2016
2016-09-05,43.6,4,FW-14395,East,TEC-PH-10003988,Technology,0.0,0.0,2016
2016-01-23,99.98,2,CB-12535,East,TEC-AC-10002926,Technology,0.0,0.0,2016
2016-01-23,8.04,6,CB-12535,East,OFF-AR-10003477,Office Supplies,0.0,0.0,2016
2016-01-23,1564.29,13,CB-12535,East,OFF-ST-10001526,Office Supplies,0.0,0.0,2016
2016-08-01,19.312,2,KM-16660,East,FUR-FU-10004864,Furniture,0.2,-3.8624,2016
2016-08-09,4.338,3,GH-14410,South,OFF-BI-10003314,Office Supplies,0.7,-3.0366,2016
2016-08-09,11.88,5,GH-14410,South,OFF-BI-10004465,Office Supplies,0.7,-8.316,2016
2016-12-08,405.86,7,AG-10900,Central,FUR-BO-10003450,Furniture,0.0,0.0,2016
2016-12-08,680.01,3,AG-10900,Central,FUR-CH-10002335,Furniture,0.0,0.0,2016
2016-06-24,4476.8,4,MJ-17740,West,TEC-MA-10000984,Technology,0.2,-895.3600000000001,2016
2016-06-24,104.85,1,MJ-17740,West,OFF-PA-10000418,Office Supplies,0.0,0.0,2016
2016-06-24,241.44,3,MJ-17740,West,OFF-AP-10001242,Office Supplies,0.0,0.0,2016
2016-03-15,319.76,14,SJ-20125,South,OFF-PA-10001954,Office Supplies,0.0,0.0,2016
2016-03-15,45.68,2,SJ-20125,South,OFF-PA-10001954,Office Supplies,0.0,0.0,2016
2016-12-01,31.96,2,LB-16795,West,FUR-FU-10000448,Furniture,0.0,0.0,2016
2016-12-01,47.9,1,LB-16795,West,OFF-PA-10001357,Office Supplies,0.0,0.0,2016
2016-12-01,1112.94,3,LB-16795,West,OFF-ST-10002292,Office Supplies,0.0,0.0,2016
2016-12-01,22.92,3,LB-16795,West,OFF-EN-10001219,Office Supplies,0.0,0.0,2016
2016-03-19,31.086,3,CC-12610,South,OFF-BI-10001153,Office Supplies,0.7,-21.7602,2016
2016-11-14,13.98,2,DP-13000,East,TEC-PH-10003356,Technology,0.0,0.0,2016
2016-11-14,23.65,1,DP-13000,East,OFF-AR-10001725,Office Supplies,0.0,0.0,2016
2016-10-17,120.98,1,NR-18550,East,FUR-BO-10001337,Furniture,0.0,0.0,2016
2016-10-17,315.98,1,NR-18550,East,OFF-BI-10004584,Office Supplies,0.0,0.0,2016
2016-10-30,28.752,3,EH-13765,East,OFF-BI-10004817,Office Supplies,0.2,-5.7504,2016
2016-10-30,114.95,5,EH-13765,East,OFF-AR-10004602,Office Supplies,0.0,0.0,2016
2016-12-01,23.04,8,FH-14365,West,OFF-AR-10001149,Office Supplies,0.0,0.0,2016
2016-04-21,15.48,3,BT-11680,East,OFF-AR-10004817,Office Supplies,0.0,0.0,2016
2016-04-21,51.84,8,BT-11680,East,OFF-PA-10003797,Office Supplies,0.0,0.0,2016
2016-11-21,32.4,5,TH-21235,West,OFF-PA-10004451,Office Supplies,0.0,0.0,2016
2016-09-02,94.68,9,LR-16915,West,FUR-FU-10001889,Furniture,0.0,0.0,2016
2016-09-02,23.67,3,LR-16915,West,OFF-ST-10000321,Office Supplies,0.0,0.0,2016
2016-09-02,1091.168,4,LR-16915,West,TEC-PH-10001530,Technology,0.2,-218.2336,2016
2016-09-02,18.69,7,LR-16915,West,OFF-AR-10004752,Office Supplies,0.0,0.0,2016
2016-09-02,568.728,3,LR-16915,West,FUR-TA-10001539,Furniture,0.2,-113.7456,2016
2016-09-02,7.312,1,LR-16915,West,OFF-BI-10001553,Office Supplies,0.2,-1.4624,2016
2016-11-10,3.64,1,SW-20275,East,OFF-BI-10002557,Office Supplies,0.2,-0.7280000000000001,2016
2016-11-10,881.93,7,SW-20275,East,TEC-PH-10003691,Technology,0.0,0.0,2016
2016-12-02,115.84,8,PW-19030,Central,OFF-BI-10001107,Office Supplies,0.0,0.0,2016
2016-05-12,10.02,3,HM-14860,East,FUR-FU-10000320,Furniture,0.0,0.0,2016
2016-05-12,631.96,4,HM-14860,East,TEC-PH-10001835,Technology,0.0,0.0,2016
2016-05-26,184.704,6,CP-12085,South,OFF-ST-10000532,Office Supplies,0.2,-36.9408,2016
2016-05-26,47.92,2,CP-12085,South,TEC-AC-10001267,Technology,0.2,-9.584000000000001,2016
2016-09-20,163.88,2,HJ-14875,West,FUR-BO-10002853,Furniture,0.0,0.0,2016
2016-12-30,72.224,4,EH-14185,South,OFF-PA-10002421,Office Supplies,0.2,-14.4448,2016
2016-08-26,146.688,8,KD-16615,East,OFF-BI-10001510,Office Supplies,0.2,-29.3376,2016
2016-04-05,118.782,3,JH-16180,East,TEC-PH-10000141,Technology,0.4,-47.5128,2016
2016-04-05,769.184,4,JH-16180,East,OFF-SU-10000646,Office Supplies,0.2,-153.8368,2016
2016-11-04,11.376,3,SM-20005,Central,FUR-FU-10002445,Furniture,0.6,-6.8256,2016
2016-11-04,66.112,4,SM-20005,Central,FUR-FU-10000723,Furniture,0.6,-39.66719999999999,2016
2016-09-29,859.2,3,ES-14080,West,TEC-PH-10001817,Technology,0.2,-171.84,2016
2016-03-13,51.184,7,DB-13360,West,OFF-BI-10001036,Office Supplies,0.2,-10.2368,2016
2016-12-22,842.72,8,DN-13690,West,FUR-FU-10000277,Furniture,0.0,0.0,2016
2016-12-22,41.96,2,DN-13690,West,FUR-FU-10001934,Furniture,0.0,0.0,2016
2016-09-23,13.216,4,DP-13105,West,OFF-BI-10004970,Office Supplies,0.2,-2.6432,2016
2016-09-23,184.752,3,DP-13105,West,FUR-CH-10003396,Furniture,0.2,-36.9504,2016
2016-01-25,43.12,5,JD-15895,East,OFF-BI-10003676,Office Supplies,0.2,-8.624,2016
2016-01-25,313.722,3,JD-15895,East,FUR-TA-10001095,Furniture,0.4,-125.4888,2016
2016-01-25,45.98,1,JD-15895,East,FUR-FU-10000747,Furniture,0.0,0.0,2016
2016-01-25,428.68,7,JD-15895,East,OFF-ST-10004337,Office Supplies,0.0,0.0,2016
2016-04-07,37.94,2,ES-14080,East,OFF-PA-10004243,Office Supplies,0.0,0.0,2016
2016-06-05,61.38,6,KB-16600,West,OFF-SU-10002537,Office Supplies,0.0,0.0,2016
2016-05-10,7.072,2,GM-14500,Central,OFF-EN-10001535,Office Supplies,0.2,-1.4144,2016
2016-11-11,14.112,6,SC-20845,Central,OFF-AR-10003394,Office Supplies,0.2,-2.8224,2016
2016-08-12,209.148,2,NP-18700,East,FUR-TA-10001095,Furniture,0.4,-83.6592,2016
2016-08-12,1591.02,6,NP-18700,East,OFF-ST-10000078,Office Supplies,0.0,0.0,2016
2016-03-10,104.696,1,MH-17785,West,OFF-ST-10001272,Office Supplies,0.2,-20.9392,2016
2016-09-26,6.816,2,MH-17620,Central,OFF-BI-10004001,Office Supplies,0.8,-5.4528,2016
2016-09-15,35.4,5,AH-10585,West,OFF-AR-10002445,Office Supplies,0.0,0.0,2016
2016-09-22,35.88,6,AC-10660,Central,OFF-PA-10002245,Office Supplies,0.0,0.0,2016
2016-09-17,12.32,4,CC-12430,West,OFF-LA-10002195,Office Supplies,0.0,0.0,2016
2016-06-16,91.475,1,JL-15175,South,TEC-MA-10003493,Technology,0.5,-45.7375,2016
2016-11-19,31.96,2,JM-15265,West,FUR-FU-10000448,Furniture,0.0,0.0,2016
2016-12-02,781.864,10,MY-18295,Central,FUR-BO-10003893,Furniture,0.32,-250.19648,2016
2016-12-02,30.816,9,MY-18295,Central,OFF-PA-10003893,Office Supplies,0.2,-6.1632,2016
2016-08-05,197.05,7,MF-17665,South,OFF-AR-10000538,Office Supplies,0.0,0.0,2016
2016-01-03,1592.85,7,BO-11350,Central,FUR-TA-10000617,Furniture,0.0,0.0,2016
2016-01-03,11.88,2,BO-11350,Central,OFF-BI-10004364,Office Supplies,0.0,0.0,2016
2016-05-12,120.0,6,VM-21835,West,TEC-AC-10004518,Technology,0.0,0.0,2016
2016-05-12,8.67,1,VM-21835,West,OFF-AP-10002222,Office Supplies,0.0,0.0,2016
2016-05-26,26.94,3,CM-12235,Central,FUR-FU-10002088,Furniture,0.0,0.0,2016
2016-04-22,32.13,9,MM-17920,East,OFF-AR-10000614,Office Supplies,0.0,0.0,2016
2016-04-22,2.88,1,MM-17920,East,OFF-AR-10003190,Office Supplies,0.0,0.0,2016
2016-10-14,1091.93,7,PW-19030,East,TEC-PH-10004094,Technology,0.0,0.0,2016
2016-10-14,111.96,2,PW-19030,East,OFF-PA-10001970,Office Supplies,0.0,0.0,2016
2016-08-06,38.34,9,LM-17065,East,OFF-AR-10002399,Office Supplies,0.0,0.0,2016
2016-10-14,1649.75,5,BE-11410,Central,TEC-AC-10003033,Technology,0.0,0.0,2016
2016-02-04,93.02,2,JB-15400,West,OFF-ST-10004180,Office Supplies,0.0,0.0,2016
2016-10-27,427.644,14,BW-11200,East,FUR-CH-10000553,Furniture,0.1,-42.7644,2016
2016-10-27,40.67,7,BW-11200,East,OFF-FA-10000134,Office Supplies,0.0,0.0,2016
2016-10-27,33.48,2,BW-11200,East,OFF-ST-10000636,Office Supplies,0.0,0.0,2016
2016-10-27,9.728,2,BW-11200,East,OFF-BI-10002949,Office Supplies,0.2,-1.9456,2016
2016-09-25,477.666,2,AS-10045,West,FUR-BO-10002613,Furniture,0.15,-71.6499,2016
2016-06-18,6.848,2,SC-20770,East,OFF-PA-10004610,Office Supplies,0.2,-1.3696,2016
2016-06-18,4.626,2,SC-20770,East,OFF-BI-10003910,Office Supplies,0.7,-3.2382,2016
2016-06-18,453.6,3,SC-20770,East,OFF-AP-10001394,Office Supplies,0.2,-90.72000000000001,2016
2016-09-22,68.432,7,SM-20950,West,FUR-FU-10000246,Furniture,0.2,-13.6864,2016
2016-05-03,132.52,5,SM-20905,East,TEC-AC-10003832,Technology,0.2,-26.504,2016
2016-05-03,195.64,5,SM-20905,East,OFF-ST-10002554,Office Supplies,0.2,-39.128,2016
2016-05-03,51.968,2,SM-20905,East,FUR-FU-10001876,Furniture,0.2,-10.3936,2016
2016-05-03,431.976,3,SM-20905,East,TEC-AC-10002637,Technology,0.2,-86.3952,2016
2016-05-03,224.937,3,SM-20905,East,TEC-MA-10003589,Technology,0.7,-157.4559,2016
2016-05-03,6.0,2,SM-20905,East,OFF-LA-10000081,Office Supplies,0.2,-1.2,2016
2016-06-07,9.648,6,RS-19870,East,OFF-FA-10002988,Office Supplies,0.2,-1.9296,2016
2016-08-26,31.008,1,SV-20815,South,OFF-PA-10002319,Office Supplies,0.2,-6.2016,2016
2016-11-18,61.12,5,BE-11410,West,OFF-BI-10002437,Office Supplies,0.2,-12.224,2016
2016-07-28,24.7,5,BF-11005,Central,FUR-FU-10003691,Furniture,0.6,-14.82,2016
2016-07-28,302.72,5,BF-11005,Central,FUR-FU-10003806,Furniture,0.6,-181.632,2016
2016-09-04,239.5,5,JP-15520,South,OFF-PA-10001357,Office Supplies,0.0,0.0,2016
2016-06-17,376.866,3,DM-13345,East,FUR-TA-10003715,Furniture,0.4,-150.7464,2016
2016-05-16,282.84,4,SC-20095,West,FUR-FU-10002116,Furniture,0.0,0.0,2016
2016-05-16,27.72,9,SC-20095,West,OFF-LA-10002195,Office Supplies,0.0,0.0,2016
2016-09-18,239.984,2,BD-11320,West,TEC-PH-10001299,Technology,0.2,-47.99680000000001,2016
2016-08-22,5.76,2,PW-19030,West,OFF-AR-10002255,Office Supplies,0.0,0.0,2016
2016-05-31,7.152,3,NM-18520,East,OFF-BI-10002609,Office Supplies,0.2,-1.4304,2016
2016-05-31,179.7,6,NM-18520,East,TEC-PH-10003215,Technology,0.0,0.0,2016
2016-11-26,3406.664,8,MS-17365,West,FUR-BO-10002213,Furniture,0.15,-510.9996,2016
2016-11-26,37.17,9,MS-17365,West,OFF-AR-10004269,Office Supplies,0.0,0.0,2016
2016-11-26,64.96,2,MS-17365,West,OFF-AP-10000055,Office Supplies,0.0,0.0,2016
2016-11-26,595.38,6,MS-17365,West,FUR-FU-10002937,Furniture,0.0,0.0,2016
2016-06-06,3023.928,9,ME-17320,West,TEC-PH-10001459,Technology,0.2,-604.7856,2016
2016-06-06,26.96,2,ME-17320,West,TEC-AC-10002134,Technology,0.0,0.0,2016
2016-06-06,477.6,3,ME-17320,West,TEC-PH-10001760,Technology,0.2,-95.52000000000001,2016
2016-04-23,18.088,7,AF-10870,West,OFF-BI-10002764,Office Supplies,0.2,-3.6176,2016
2016-04-23,71.97,3,AF-10870,West,OFF-EN-10004386,Office Supplies,0.0,0.0,2016
2016-12-23,7.968,2,FM-14290,East,OFF-PA-10000477,Office Supplies,0.2,-1.5936,2016
2016-12-23,1499.97,5,FM-14290,East,TEC-PH-10002645,Technology,0.4,-599.988,2016
2016-05-06,41.6,4,GM-14500,West,FUR-FU-10001617,Furniture,0.0,0.0,2016
2016-04-18,6.99,3,CS-12490,East,OFF-AR-10001573,Office Supplies,0.0,0.0,2016
2016-04-18,6.84,1,CS-12490,East,OFF-SU-10004290,Office Supplies,0.0,0.0,2016
2016-12-11,73.536,4,SC-20695,East,OFF-AP-10002892,Office Supplies,0.2,-14.7072,2016
2016-03-11,30.336,4,BT-11485,East,FUR-FU-10001037,Furniture,0.2,-6.0672,2016
2016-10-30,3.62,2,SP-20920,West,OFF-FA-10003059,Office Supplies,0.0,0.0,2016
2016-10-21,242.136,3,CS-11950,West,FUR-CH-10004626,Furniture,0.2,-48.4272,2016
2016-10-21,12.39,3,CS-11950,West,OFF-AR-10000390,Office Supplies,0.0,0.0,2016
2016-10-21,19.96,2,CS-11950,West,FUR-FU-10003731,Furniture,0.0,0.0,2016
2016-10-21,340.92,3,CS-11950,West,OFF-ST-10002743,Office Supplies,0.0,0.0,2016
2016-11-07,57.584,2,LD-17005,West,OFF-BI-10001543,Office Supplies,0.2,-11.5168,2016
2016-08-12,37.312,4,DB-13270,East,OFF-AR-10000914,Office Supplies,0.2,-7.4624,2016
2016-05-30,79.96,5,AT-10735,Central,TEC-PH-10002293,Technology,0.2,-15.992,2016
2016-05-30,223.96,5,AT-10735,Central,TEC-AC-10000109,Technology,0.2,-44.792,2016
2016-09-22,18.96,2,CS-12250,Central,FUR-FU-10002445,Furniture,0.0,0.0,2016
2016-02-16,326.646,3,JF-15565,East,FUR-CH-10001802,Furniture,0.1,-32.6646,2016
2016-02-16,89.97,3,JF-15565,East,TEC-AC-10003628,Technology,0.0,0.0,2016
2016-06-16,9.45,3,JJ-15445,East,OFF-LA-10001641,Office Supplies,0.0,0.0,2016
2016-03-04,159.98,2,EM-13810,East,TEC-AC-10002567,Technology,0.0,0.0,2016
2016-10-11,5.344,2,EP-13915,Central,OFF-AR-10003183,Office Supplies,0.2,-1.0688,2016
2016-10-11,27.72,3,EP-13915,Central,OFF-AR-10001446,Office Supplies,0.2,-5.544,2016
2016-07-01,2.496,1,NZ-18565,West,OFF-BI-10000145,Office Supplies,0.2,-0.4992,2016
2016-10-31,1403.92,5,SF-20965,West,FUR-CH-10001854,Furniture,0.2,-280.784,2016
2016-11-24,339.92,5,SC-20050,South,FUR-BO-10001619,Furniture,0.2,-67.98400000000001,2016
2016-11-24,10.528,4,SC-20050,South,OFF-PA-10001609,Office Supplies,0.2,-2.1056,2016
2016-11-24,42.384,2,SC-20050,South,OFF-AP-10002765,Office Supplies,0.2,-8.4768,2016
2016-07-03,123.92,5,FM-14215,East,OFF-PA-10000167,Office Supplies,0.2,-24.784,2016
2016-06-26,135.95,1,PF-19225,South,TEC-PH-10004434,Technology,0.0,0.0,2016
2016-09-14,437.85,3,CL-12565,East,TEC-PH-10001944,Technology,0.0,0.0,2016
2016-09-14,673.568,2,CL-12565,East,OFF-BI-10004390,Office Supplies,0.2,-134.7136,2016
2016-05-21,3.798,3,SH-19975,Central,OFF-BI-10003429,Office Supplies,0.8,-3.0384,2016
2016-10-21,45.568,2,AP-10720,South,FUR-FU-10002878,Furniture,0.2,-9.1136,2016
2016-10-21,28.752,8,AP-10720,South,OFF-BI-10004817,Office Supplies,0.7,-20.1264,2016
2016-11-27,25.92,4,CB-12025,East,OFF-PA-10001246,Office Supplies,0.0,0.0,2016
2016-11-27,34.65,3,CB-12025,East,OFF-AR-10000658,Office Supplies,0.0,0.0,2016
2016-11-27,204.95,5,CB-12025,East,OFF-PA-10000100,Office Supplies,0.0,0.0,2016
2016-11-27,79.95,5,CB-12025,East,OFF-BI-10004233,Office Supplies,0.0,0.0,2016
2016-10-10,14.0,4,WB-21850,Central,FUR-FU-10004963,Furniture,0.6,-8.4,2016
2016-10-10,16.392,2,WB-21850,Central,OFF-BI-10001597,Office Supplies,0.8,-13.1136,2016
2016-09-25,10.9,5,DL-12865,West,OFF-PA-10000141,Office Supplies,0.0,0.0,2016
2016-09-25,29.6,2,DL-12865,West,OFF-LA-10003923,Office Supplies,0.0,0.0,2016
2016-09-25,4.98,1,DL-12865,West,OFF-LA-10001771,Office Supplies,0.0,0.0,2016
2016-09-25,479.976,3,DL-12865,West,TEC-CO-10001943,Technology,0.2,-95.99520000000001,2016
2016-09-25,44.736,8,DL-12865,West,TEC-PH-10003356,Technology,0.2,-8.9472,2016
2016-09-25,5.76,2,DL-12865,West,OFF-AR-10002255,Office Supplies,0.0,0.0,2016
2016-09-25,483.136,4,DL-12865,West,FUR-CH-10000665,Furniture,0.2,-96.62720000000002,2016
2016-05-02,12.56,2,EH-13765,East,FUR-FU-10000732,Furniture,0.0,0.0,2016
2016-05-02,90.48,3,EH-13765,East,OFF-BI-10001670,Office Supplies,0.2,-18.096,2016
2016-05-02,13.08,2,EH-13765,East,OFF-PA-10000533,Office Supplies,0.0,0.0,2016
2016-05-02,214.7,5,EH-13765,East,FUR-FU-10002253,Furniture,0.0,0.0,2016
2016-12-10,6.48,1,SL-20155,East,OFF-PA-10004609,Office Supplies,0.0,0.0,2016
2016-09-22,63.968,2,NP-18685,East,OFF-EN-10003055,Office Supplies,0.2,-12.7936,2016
2016-08-21,573.174,7,JK-15370,East,FUR-CH-10002961,Furniture,0.1,-57.3174,2016
2016-07-25,20.62,2,SH-19975,Central,OFF-PA-10004996,Office Supplies,0.0,0.0,2016
2016-07-25,124.25,7,SH-19975,Central,TEC-AC-10003116,Technology,0.0,0.0,2016
2016-07-25,297.55,5,SH-19975,Central,TEC-PH-10002262,Technology,0.0,0.0,2016
2016-07-25,403.56,4,SH-19975,Central,FUR-CH-10004626,Furniture,0.0,0.0,2016
2016-07-25,95.2,5,SH-19975,Central,FUR-FU-10001756,Furniture,0.0,0.0,2016
2016-06-06,466.32,3,LP-17095,East,FUR-FU-10004306,Furniture,0.2,-93.26400000000001,2016
2016-06-06,82.64,2,LP-17095,East,FUR-FU-10004845,Furniture,0.2,-16.528,2016
2016-03-15,528.43,5,MY-18295,Central,FUR-CH-10000863,Furniture,0.3,-158.529,2016
2016-03-15,22.386,7,MY-18295,Central,OFF-BI-10004233,Office Supplies,0.8,-17.9088,2016
2016-09-04,24.27,3,IM-15055,West,FUR-FU-10000260,Furniture,0.0,0.0,2016
2016-09-04,2799.96,5,IM-15055,West,TEC-CO-10003763,Technology,0.2,-559.9920000000001,2016
2016-04-07,33.528,3,AS-10240,East,OFF-AP-10003278,Office Supplies,0.2,-6.7056,2016
2016-04-07,36.744,3,AS-10240,East,OFF-ST-10001627,Office Supplies,0.2,-7.348800000000001,2016
2016-06-03,71.088,2,CP-12340,West,FUR-TA-10001676,Furniture,0.2,-14.2176,2016
2016-12-12,60.35,5,NS-18640,East,FUR-FU-10004864,Furniture,0.0,0.0,2016
2016-12-12,35.52,4,NS-18640,East,OFF-SU-10000952,Office Supplies,0.0,0.0,2016
2016-12-12,11.2,7,NS-18640,East,OFF-AR-10000462,Office Supplies,0.0,0.0,2016
2016-12-05,13.4,1,HE-14800,East,FUR-FU-10002671,Furniture,0.0,0.0,2016
2016-12-05,4.98,1,HE-14800,East,OFF-PA-10000349,Office Supplies,0.0,0.0,2016
2016-12-05,109.69,7,HE-14800,East,OFF-EN-10004483,Office Supplies,0.0,0.0,2016
2016-09-11,99.568,2,RC-19960,Central,OFF-EN-10000056,Office Supplies,0.2,-19.9136,2016
2016-12-06,271.96,5,AP-10720,West,TEC-PH-10004080,Technology,0.2,-54.392,2016
2016-12-06,18.69,7,AP-10720,West,OFF-AR-10004752,Office Supplies,0.0,0.0,2016
2016-12-06,13.36,2,AP-10720,West,OFF-PA-10000743,Office Supplies,0.0,0.0,2016
2016-12-06,249.584,2,AP-10720,West,TEC-PH-10002496,Technology,0.2,-49.9168,2016
2016-12-06,13.86,7,AP-10720,West,OFF-FA-10003467,Office Supplies,0.0,0.0,2016
2016-12-06,13.376,4,AP-10720,West,OFF-BI-10003727,Office Supplies,0.2,-2.6752,2016
2016-12-06,437.472,14,AP-10720,West,OFF-BI-10002026,Office Supplies,0.2,-87.4944,2016
2016-09-22,35.56,7,RC-19960,Central,OFF-PA-10002195,Office Supplies,0.0,0.0,2016
2016-09-22,97.98,2,RC-19960,Central,TEC-PH-10001305,Technology,0.0,0.0,2016
2016-09-29,36.24,1,ML-17410,West,TEC-AC-10003399,Technology,0.0,0.0,2016
2017-04-15,15.552,3,AA-10480,South,OFF-PA-10002365,Office Supplies,0.2,-3.1104,2017
2017-07-16,71.372,2,SF-20065,East,FUR-CH-10002774,Furniture,0.3,-21.4116,2017
2017-10-19,29.472,3,MA-17560,Central,OFF-PA-10000249,Office Supplies,0.2,-5.894400000000001,2017
2017-09-10,147.168,4,LC-16930,Central,TEC-PH-10004093,Technology,0.2,-29.4336,2017
2017-09-19,95.616,2,ES-14080,South,OFF-ST-10003282,Office Supplies,0.2,-19.1232,2017
2017-09-14,19.05,3,TB-21520,Central,OFF-PA-10004675,Office Supplies,0.0,0.0,2017
2017-12-09,1.248,3,KB-16600,Central,OFF-BI-10004182,Office Supplies,0.8,-0.9984000000000001,2017
2017-12-09,9.708,3,KB-16600,Central,FUR-FU-10000260,Furniture,0.6,-5.8248,2017
2017-12-09,27.24,3,KB-16600,Central,OFF-ST-10000615,Office Supplies,0.2,-5.448,2017
2017-11-13,230.376,3,CS-12400,Central,OFF-ST-10003656,Office Supplies,0.2,-46.0752,2017
2017-05-28,301.96,2,PO-18865,South,FUR-CH-10000863,Furniture,0.0,0.0,2017
2017-10-26,19.99,1,PG-18895,Central,TEC-AC-10001998,Technology,0.0,0.0,2017
2017-10-26,6.16,2,PG-18895,Central,OFF-LA-10000134,Office Supplies,0.0,0.0,2017
2017-11-06,5.682,1,RB-19705,West,OFF-BI-10004738,Office Supplies,0.7,-3.9774,2017
2017-11-09,96.53,7,PN-18775,East,FUR-FU-10000629,Furniture,0.0,0.0,2017
2017-06-17,51.312,3,KD-16345,West,OFF-BI-10001721,Office Supplies,0.2,-10.2624,2017
2017-11-23,74.112,8,JM-15250,South,TEC-AC-10003499,Technology,0.2,-14.8224,2017
2017-11-23,27.992,1,JM-15250,South,TEC-PH-10002844,Technology,0.2,-5.598400000000001,2017
2017-11-23,3.304,1,JM-15250,South,OFF-AR-10000390,Office Supplies,0.2,-0.6608,2017
2017-12-25,41.96,2,CV-12805,East,FUR-FU-10001934,Furniture,0.0,0.0,2017
2017-11-05,2.388,2,TS-21610,West,OFF-BI-10003274,Office Supplies,0.7,-1.6716,2017
2017-11-05,243.992,7,TS-21610,West,OFF-ST-10002974,Office Supplies,0.2,-48.7984,2017
2017-02-02,59.97,5,DW-13585,East,TEC-PH-10002293,Technology,0.4,-23.988,2017
2017-02-02,78.304,2,DW-13585,East,OFF-PA-10002377,Office Supplies,0.2,-15.6608,2017
2017-02-02,21.456,9,DW-13585,East,OFF-FA-10002780,Office Supplies,0.2,-4.2912,2017
2017-09-18,8.82,3,SH-19975,West,OFF-AR-10000940,Office Supplies,0.0,0.0,2017
2017-09-18,10.86,3,SH-19975,West,OFF-EN-10004030,Office Supplies,0.0,0.0,2017
2017-09-18,143.7,3,SH-19975,West,OFF-PA-10004327,Office Supplies,0.0,0.0,2017
2017-12-22,839.43,3,SG-20080,Central,OFF-AP-10001058,Office Supplies,0.0,0.0,2017
2017-04-21,97.264,4,SJ-20500,Central,OFF-AP-10002684,Office Supplies,0.8,-77.8112,2017
2017-11-06,46.26,3,VM-21685,East,OFF-ST-10001414,Office Supplies,0.0,0.0,2017
2017-07-06,2.946,2,FH-14365,East,OFF-BI-10000343,Office Supplies,0.7,-2.0622,2017
2017-07-06,16.056,3,FH-14365,East,OFF-PA-10002749,Office Supplies,0.2,-3.2112,2017
2017-06-24,21.744,3,MB-17305,East,OFF-PA-10002666,Office Supplies,0.2,-4.3488,2017
2017-12-17,66.284,2,LC-17140,Central,OFF-AP-10003217,Office Supplies,0.8,-53.02720000000001,2017
2017-06-03,35.168,7,HK-14890,South,FUR-FU-10002960,Furniture,0.2,-7.0336,2017
2017-12-09,444.768,4,LE-16810,West,TEC-PH-10001918,Technology,0.2,-88.9536,2017
2017-12-01,83.92,4,JH-15985,Central,OFF-ST-10000642,Office Supplies,0.0,0.0,2017
2017-12-01,131.98,2,JH-15985,Central,TEC-PH-10001700,Technology,0.0,0.0,2017
2017-12-01,15.92,4,JH-15985,Central,OFF-BI-10003274,Office Supplies,0.0,0.0,2017
2017-12-01,52.29,9,JH-15985,Central,OFF-FA-10000134,Office Supplies,0.0,0.0,2017
2017-12-01,91.99,1,JH-15985,Central,OFF-ST-10001522,Office Supplies,0.0,0.0,2017
2017-04-07,233.86,2,CS-12400,South,FUR-TA-10001705,Furniture,0.45,-105.237,2017
2017-04-07,620.6145,3,CS-12400,South,FUR-TA-10003473,Furniture,0.45,-279.276525,2017
2017-04-07,5.328,2,CS-12400,South,OFF-BI-10001679,Office Supplies,0.7,-3.7296,2017
2017-04-07,258.072,3,CS-12400,South,FUR-FU-10004017,Furniture,0.2,-51.6144,2017
2017-04-07,617.976,3,CS-12400,South,TEC-AC-10003832,Technology,0.2,-123.5952,2017
2017-11-12,10.56,2,DB-13120,West,OFF-PA-10002479,Office Supplies,0.0,0.0,2017
2017-12-01,20.37,3,CC-12670,East,TEC-AC-10000290,Technology,0.0,0.0,2017
2017-12-01,221.55,3,CC-12670,East,OFF-ST-10002790,Office Supplies,0.0,0.0,2017
2017-12-01,17.52,5,CC-12670,East,OFF-BI-10003460,Office Supplies,0.2,-3.504,2017
2017-06-08,1.624,2,Dl-13600,Central,OFF-AP-10002203,Office Supplies,0.8,-1.2992,2017
2017-06-16,14.016,3,CB-12535,South,OFF-AR-10003602,Office Supplies,0.2,-2.8032,2017
2017-12-09,37.208,1,CA-12310,East,OFF-ST-10004180,Office Supplies,0.2,-7.4416,2017
2017-12-09,57.576,3,CA-12310,East,OFF-EN-10004386,Office Supplies,0.2,-11.5152,2017
2017-12-28,725.84,4,KH-16690,West,OFF-ST-10003208,Office Supplies,0.0,0.0,2017
2017-09-16,8.82,2,BB-10990,West,OFF-PA-10002615,Office Supplies,0.0,0.0,2017
2017-09-16,5.98,1,BB-10990,West,OFF-AR-10001427,Office Supplies,0.0,0.0,2017
2017-10-13,11.648,2,AG-10495,East,OFF-PA-10000673,Office Supplies,0.2,-2.3296,2017
2017-10-13,18.176,4,AG-10495,East,OFF-PA-10004470,Office Supplies,0.2,-3.6352,2017
2017-10-13,59.712,6,AG-10495,East,OFF-ST-10000876,Office Supplies,0.2,-11.9424,2017
2017-10-13,24.84,3,AG-10495,East,OFF-LA-10002043,Office Supplies,0.2,-4.968,2017
2017-11-19,219.075,3,JH-15910,Central,FUR-TA-10002533,Furniture,0.5,-109.5375,2017
2017-04-15,4.89,1,SH-20395,South,OFF-AR-10002804,Office Supplies,0.0,0.0,2017
2017-11-03,15.992,1,DJ-13510,South,FUR-FU-10001967,Furniture,0.2,-3.1984,2017
2017-06-15,47.976,3,CC-12550,West,TEC-PH-10002293,Technology,0.2,-9.5952,2017
2017-07-08,7.56,3,TD-20995,East,OFF-AR-10004027,Office Supplies,0.0,0.0,2017
2017-07-08,24.56,2,TD-20995,East,OFF-PA-10000249,Office Supplies,0.0,0.0,2017
2017-07-08,12.96,2,TD-20995,East,OFF-AR-10001374,Office Supplies,0.0,0.0,2017
2017-03-08,647.84,8,VB-21745,South,OFF-AP-10001124,Office Supplies,0.0,0.0,2017
2017-03-08,20.7,2,VB-21745,South,OFF-LA-10001158,Office Supplies,0.0,0.0,2017
2017-09-25,20.7,2,KW-16435,East,OFF-LA-10001158,Office Supplies,0.0,0.0,2017
2017-09-25,488.646,3,KW-16435,East,FUR-CH-10000785,Furniture,0.1,-48.8646,2017
2017-09-25,5.56,2,KW-16435,East,OFF-AR-10003732,Office Supplies,0.0,0.0,2017
2017-09-25,47.12,8,KW-16435,East,FUR-FU-10000023,Furniture,0.0,0.0,2017
2017-05-29,25.92,5,GT-14755,Central,OFF-PA-10002036,Office Supplies,0.2,-5.184000000000001,2017
2017-05-29,53.424,3,GT-14755,Central,OFF-ST-10002205,Office Supplies,0.2,-10.6848,2017
2017-08-27,1488.424,7,AR-10405,East,FUR-TA-10004915,Furniture,0.3,-446.5272,2017
2017-12-11,23.36,4,MV-18190,East,OFF-BI-10000050,Office Supplies,0.2,-4.672,2017
2017-12-11,39.98,2,MV-18190,East,TEC-AC-10001998,Technology,0.0,0.0,2017
2017-06-30,75.792,3,VP-21730,West,OFF-BI-10004492,Office Supplies,0.2,-15.1584,2017
2017-10-17,49.96,2,SS-20140,East,OFF-ST-10000798,Office Supplies,0.0,0.0,2017
2017-10-17,12.96,2,SS-20140,East,OFF-PA-10002552,Office Supplies,0.0,0.0,2017
2017-12-24,35.91,3,RF-19840,East,OFF-AP-10004249,Office Supplies,0.0,0.0,2017
2017-12-08,179.95,5,KH-16510,West,TEC-AC-10000158,Technology,0.0,0.0,2017
2017-12-08,1199.976,3,KH-16510,West,TEC-CO-10004115,Technology,0.2,-239.9952,2017
2017-12-08,27.15,5,KH-16510,West,OFF-PA-10003724,Office Supplies,0.0,0.0,2017
2017-12-08,1004.024,7,KH-16510,West,FUR-TA-10002041,Furniture,0.2,-200.8048,2017
2017-12-08,9.68,1,KH-16510,West,OFF-PA-10002893,Office Supplies,0.0,0.0,2017
2017-12-08,28.35,9,KH-16510,West,OFF-LA-10003766,Office Supplies,0.0,0.0,2017
2017-12-08,55.98,1,KH-16510,West,OFF-PA-10001970,Office Supplies,0.0,0.0,2017
2017-12-08,1336.829,13,KH-16510,West,FUR-BO-10001972,Furniture,0.15,-200.52435,2017
2017-12-08,113.568,2,KH-16510,West,FUR-CH-10003956,Furniture,0.2,-22.7136,2017
2017-11-03,139.86,7,KC-16675,West,OFF-PA-10000157,Office Supplies,0.0,0.0,2017
2017-11-03,307.136,4,KC-16675,West,FUR-CH-10001891,Furniture,0.2,-61.42720000000001,2017
2017-06-24,95.92,8,CJ-12010,West,OFF-AR-10004344,Office Supplies,0.0,0.0,2017
2017-11-06,5.78,1,VB-21745,South,OFF-PA-10003845,Office Supplies,0.0,0.0,2017
2017-03-04,9.32,4,SP-20860,West,OFF-AR-10001573,Office Supplies,0.0,0.0,2017
2017-03-04,15.25,1,SP-20860,West,OFF-EN-10000483,Office Supplies,0.0,0.0,2017
2017-10-19,56.56,4,MP-17965,East,FUR-FU-10004712,Furniture,0.0,0.0,2017
2017-10-19,32.7,3,MP-17965,East,OFF-ST-10000918,Office Supplies,0.0,0.0,2017
2017-08-21,866.4,4,NF-18385,South,FUR-CH-10000015,Furniture,0.0,0.0,2017
2017-11-23,28.4,2,JM-15265,Central,FUR-FU-10003347,Furniture,0.0,0.0,2017
2017-11-23,287.92,8,JM-15265,Central,OFF-BI-10001543,Office Supplies,0.0,0.0,2017
2017-10-01,6.672,6,KH-16630,Central,OFF-AR-10000369,Office Supplies,0.2,-1.3344,2017
2017-09-15,31.872,8,BB-11545,Central,OFF-PA-10002230,Office Supplies,0.2,-6.374400000000001,2017
2017-01-20,207.846,3,CV-12805,East,FUR-CH-10003396,Furniture,0.1,-20.7846,2017
2017-03-20,2.91,1,TB-21595,Central,FUR-FU-10000206,Furniture,0.0,0.0,2017
2017-10-20,284.364,2,EB-13705,East,FUR-TA-10001539,Furniture,0.4,-113.7456,2017
2017-10-20,665.408,2,EB-13705,East,OFF-ST-10000142,Office Supplies,0.2,-133.0816,2017
2017-03-31,205.3328,2,DS-13180,Central,FUR-BO-10002824,Furniture,0.32,-65.706496,2017
2017-06-10,29.6,2,MT-18070,West,OFF-LA-10003923,Office Supplies,0.0,0.0,2017
2017-06-10,514.165,5,MT-18070,West,FUR-BO-10001337,Furniture,0.15,-77.12474999999999,2017
2017-06-10,279.96,5,MT-18070,West,TEC-PH-10001924,Technology,0.2,-55.992,2017
2017-11-12,15.92,5,EB-13705,East,OFF-BI-10003274,Office Supplies,0.2,-3.184,2017
2017-11-26,126.3,3,LS-17245,Central,FUR-FU-10001290,Furniture,0.0,0.0,2017
2017-11-26,38.04,2,LS-17245,Central,TEC-AC-10002399,Technology,0.0,0.0,2017
2017-12-21,6.63,3,BN-11515,West,OFF-AR-10003811,Office Supplies,0.0,0.0,2017
2017-12-21,5.88,2,BN-11515,West,OFF-AR-10001246,Office Supplies,0.0,0.0,2017
2017-01-22,2999.95,5,AD-10180,West,TEC-CO-10003236,Technology,0.0,0.0,2017
2017-01-22,51.45,3,AD-10180,West,OFF-ST-10004507,Office Supplies,0.0,0.0,2017
2017-01-22,11.96,2,AD-10180,West,OFF-PA-10001667,Office Supplies,0.0,0.0,2017
2017-01-22,1126.02,3,AD-10180,West,OFF-ST-10004459,Office Supplies,0.0,0.0,2017
2017-01-23,210.98,2,MC-17605,Central,FUR-TA-10001857,Furniture,0.0,0.0,2017
2017-10-21,683.952,3,PH-18790,South,FUR-CH-10003379,Furniture,0.2,-136.7904,2017
2017-10-21,45.696,3,PH-18790,South,FUR-FU-10001756,Furniture,0.2,-9.1392,2017
2017-09-07,47.94,3,JC-15340,West,FUR-FU-10000448,Furniture,0.0,0.0,2017
2017-09-03,42.616,7,EP-13915,Central,OFF-BI-10002429,Office Supplies,0.8,-34.0928,2017
2017-11-19,41.28,6,AS-10135,East,OFF-BI-10000404,Office Supplies,0.2,-8.256,2017
2017-11-19,13.36,2,AS-10135,East,OFF-PA-10002986,Office Supplies,0.0,0.0,2017
2017-09-11,34.504,1,RC-19960,South,FUR-FU-10003039,Furniture,0.2,-6.9008,2017
2017-11-24,10.824,3,GT-14710,Central,OFF-FA-10004248,Office Supplies,0.2,-2.1648,2017
2017-06-29,1295.78,2,DK-13225,West,OFF-ST-10001780,Office Supplies,0.0,0.0,2017
2017-11-20,42.6,3,LP-17080,West,FUR-FU-10003347,Furniture,0.0,0.0,2017
2017-11-20,84.056,7,LP-17080,West,OFF-BI-10000069,Office Supplies,0.2,-16.8112,2017
2017-12-07,374.376,3,FP-14320,West,TEC-PH-10002496,Technology,0.2,-74.87519999999999,2017
2017-10-01,91.84,8,EB-13840,West,OFF-PA-10004530,Office Supplies,0.0,0.0,2017
2017-10-01,81.088,7,EB-13840,West,OFF-BI-10001107,Office Supplies,0.2,-16.2176,2017
2017-10-01,19.44,3,EB-13840,West,OFF-PA-10004451,Office Supplies,0.0,0.0,2017
2017-10-01,451.152,3,EB-13840,West,FUR-CH-10004997,Furniture,0.2,-90.2304,2017
2017-12-28,72.45,7,JF-15415,East,OFF-LA-10001297,Office Supplies,0.0,0.0,2017
2017-12-28,13.96,4,JF-15415,East,OFF-FA-10000585,Office Supplies,0.0,0.0,2017
2017-12-28,33.264,7,JF-15415,East,OFF-BI-10001922,Office Supplies,0.2,-6.652800000000001,2017
2017-12-28,14.85,3,JF-15415,East,TEC-PH-10000347,Technology,0.0,0.0,2017
2017-07-20,69.712,2,CS-11950,Central,OFF-ST-10002974,Office Supplies,0.2,-13.9424,2017
2017-07-20,8.792,1,CS-11950,Central,FUR-FU-10001475,Furniture,0.6,-5.2752,2017
2017-12-01,470.376,3,DV-13465,West,TEC-PH-10004977,Technology,0.2,-94.0752,2017
2017-12-01,105.584,2,DV-13465,West,TEC-PH-10000586,Technology,0.2,-21.1168,2017
2017-12-01,31.152,3,DV-13465,West,OFF-AP-10000358,Office Supplies,0.2,-6.2304,2017
2017-12-01,6.783,7,DV-13465,West,OFF-BI-10002764,Office Supplies,0.7,-4.7481,2017
2017-12-01,406.368,4,DV-13465,West,TEC-PH-10001254,Technology,0.2,-81.2736,2017
2017-11-14,119.94,10,CK-12595,East,TEC-PH-10000011,Technology,0.4,-47.976,2017
2017-11-14,3.648,2,CK-12595,East,OFF-BI-10002949,Office Supplies,0.7,-2.5536,2017
2017-08-18,40.48,2,NG-18355,East,FUR-FU-10003849,Furniture,0.0,0.0,2017
2017-08-18,9.94,2,NG-18355,East,FUR-FU-10000010,Furniture,0.0,0.0,2017
2017-08-18,107.424,9,NG-18355,East,OFF-BI-10002824,Office Supplies,0.2,-21.4848,2017
2017-08-18,37.91,1,NG-18355,East,TEC-PH-10002538,Technology,0.0,0.0,2017
2017-08-18,88.02,3,NG-18355,East,FUR-FU-10000521,Furniture,0.0,0.0,2017
2017-09-15,35.56,7,MO-17800,East,FUR-FU-10000221,Furniture,0.0,0.0,2017
2017-05-19,97.16,2,AT-10735,West,OFF-AP-10001563,Office Supplies,0.0,0.0,2017
2017-12-17,15.24,5,LC-17140,West,OFF-BI-10000605,Office Supplies,0.2,-3.048,2017
2017-12-17,13.23,3,LC-17140,West,OFF-PA-10002615,Office Supplies,0.0,0.0,2017
2017-09-24,17.88,3,BD-11605,South,TEC-AC-10002857,Technology,0.2,-3.576,2017
2017-09-24,235.944,3,BD-11605,South,OFF-LA-10003930,Office Supplies,0.2,-47.1888,2017
2017-07-30,330.4,2,JL-15835,West,OFF-ST-10000585,Office Supplies,0.0,0.0,2017
2017-07-30,26.25,7,JL-15835,West,OFF-LA-10002787,Office Supplies,0.0,0.0,2017
2017-06-10,132.52,4,SC-20305,Central,TEC-AC-10003832,Technology,0.0,0.0,2017
2017-07-21,6.48,1,TW-21025,East,OFF-PA-10001934,Office Supplies,0.0,0.0,2017
2017-12-30,209.3,2,CC-12430,Central,OFF-AP-10002457,Office Supplies,0.0,0.0,2017
2017-06-19,97.82,2,AR-10405,East,OFF-PA-10003892,Office Supplies,0.0,0.0,2017
2017-06-19,103.12,8,AR-10405,East,TEC-AC-10001101,Technology,0.0,0.0,2017
2017-06-08,23.76,3,TH-21235,Central,OFF-SU-10004231,Office Supplies,0.2,-4.752000000000001,2017
2017-06-08,85.056,3,TH-21235,Central,OFF-PA-10000474,Office Supplies,0.2,-17.0112,2017
2017-06-08,381.576,3,TH-21235,Central,TEC-PH-10004042,Technology,0.2,-76.3152,2017
2017-06-09,23.976,3,MO-17800,Central,FUR-FU-10002759,Furniture,0.6,-14.3856,2017
2017-06-09,108.925,1,MO-17800,Central,FUR-TA-10000688,Furniture,0.5,-54.4625,2017
2017-06-09,36.352,8,MO-17800,Central,OFF-PA-10002377,Office Supplies,0.2,-7.2704,2017
2017-06-15,19.56,5,TD-20995,Central,OFF-AR-10001954,Office Supplies,0.2,-3.912,2017
2017-12-05,61.44,3,RB-19570,Central,OFF-AP-10004532,Office Supplies,0.0,0.0,2017
2017-12-05,38.9,5,RB-19570,Central,OFF-PA-10002137,Office Supplies,0.0,0.0,2017
2017-12-05,99.39,3,RB-19570,Central,TEC-AC-10003832,Technology,0.0,0.0,2017
2017-03-18,2.688,3,CD-11980,Central,OFF-AP-10000804,Office Supplies,0.8,-2.1504,2017
2017-03-18,27.816,3,CD-11980,Central,TEC-AC-10003614,Technology,0.2,-5.5632,2017
2017-03-18,82.524,3,CD-11980,Central,FUR-FU-10003553,Furniture,0.6,-49.5144,2017
2017-03-18,182.994,3,CD-11980,Central,OFF-BI-10004632,Office Supplies,0.8,-146.3952,2017
2017-11-04,7999.98,4,GT-14635,South,TEC-MA-10004125,Technology,0.5,-3999.99,2017
2017-11-04,167.44,2,GT-14635,South,OFF-AP-10002457,Office Supplies,0.2,-33.488,2017
2017-12-25,191.984,2,RA-19285,East,FUR-BO-10004015,Furniture,0.2,-38.39680000000001,2017
2017-09-02,15.072,3,Dl-13600,East,FUR-FU-10002960,Furniture,0.2,-3.0144,2017
2017-09-03,24.448,4,AP-10915,South,OFF-EN-10001219,Office Supplies,0.2,-4.889600000000001,2017
2017-05-19,281.34,6,RS-19765,East,OFF-AP-10001154,Office Supplies,0.0,0.0,2017
2017-05-19,307.98,2,RS-19765,East,TEC-PH-10003012,Technology,0.0,0.0,2017
2017-05-19,299.97,3,RS-19765,East,TEC-AC-10001606,Technology,0.0,0.0,2017
2017-09-24,103.056,3,KC-16540,East,FUR-FU-10002253,Furniture,0.2,-20.6112,2017
2017-09-16,17.568,2,JF-15355,Central,OFF-EN-10001141,Office Supplies,0.2,-3.5136,2017
2017-09-16,55.992,1,JF-15355,Central,TEC-PH-10002170,Technology,0.2,-11.1984,2017
2017-01-21,242.94,3,DS-13030,West,OFF-ST-10000736,Office Supplies,0.0,0.0,2017
2017-01-21,179.97,3,DS-13030,West,TEC-AC-10003610,Technology,0.0,0.0,2017
2017-01-21,99.696,6,DS-13030,West,OFF-BI-10003982,Office Supplies,0.2,-19.9392,2017
2017-01-21,27.936,4,DS-13030,West,OFF-BI-10003291,Office Supplies,0.2,-5.5872,2017
2017-01-21,84.98,1,DS-13030,West,FUR-BO-10001619,Furniture,0.0,0.0,2017
2017-01-21,18.72,5,DS-13030,West,OFF-BI-10000138,Office Supplies,0.2,-3.744,2017
2017-10-02,58.05,3,RF-19735,Central,OFF-BI-10003638,Office Supplies,0.0,0.0,2017
2017-10-02,157.74,11,RF-19735,Central,FUR-FU-10003577,Furniture,0.0,0.0,2017
2017-10-02,56.98,7,RF-19735,Central,OFF-AR-10003478,Office Supplies,0.0,0.0,2017
2017-10-02,2.88,1,RF-19735,Central,OFF-BI-10000546,Office Supplies,0.0,0.0,2017
2017-07-23,13.128,3,CP-12340,East,OFF-BI-10000848,Office Supplies,0.2,-2.6256,2017
2017-09-18,22.72,4,BF-11020,Central,OFF-PA-10002377,Office Supplies,0.0,0.0,2017
2017-11-03,12.39,3,JC-16105,South,OFF-LA-10004484,Office Supplies,0.0,0.0,2017
2017-01-30,18.28,2,BV-11245,Central,OFF-BI-10001036,Office Supplies,0.0,0.0,2017
2017-01-30,207.0,3,BV-11245,Central,TEC-PH-10004614,Technology,0.0,0.0,2017
2017-01-30,32.35,5,BV-11245,Central,OFF-BI-10000301,Office Supplies,0.0,0.0,2017
2017-01-30,7.71,1,BV-11245,Central,OFF-BI-10003910,Office Supplies,0.0,0.0,2017
2017-01-30,40.3,2,BV-11245,Central,OFF-AR-10004648,Office Supplies,0.0,0.0,2017
2017-01-30,34.58,7,BV-11245,Central,FUR-FU-10002597,Furniture,0.0,0.0,2017
2017-03-17,17.456,2,CL-12565,West,OFF-BI-10000014,Office Supplies,0.2,-3.4912,2017
2017-09-21,20.16,7,RH-19495,Central,OFF-BI-10000546,Office Supplies,0.0,0.0,2017
2017-02-20,22.23,1,HW-14935,West,FUR-FU-10004090,Furniture,0.0,0.0,2017
2017-02-20,215.968,2,HW-14935,West,TEC-PH-10001580,Technology,0.2,-43.1936,2017
2017-04-22,18.28,2,GM-14440,West,FUR-FU-10000794,Furniture,0.0,0.0,2017
2017-05-14,18.28,2,PJ-19015,West,FUR-FU-10000794,Furniture,0.0,0.0,2017
2017-05-14,1399.93,7,PJ-19015,West,TEC-AC-10001838,Technology,0.0,0.0,2017
2017-06-20,239.97,3,TR-21325,East,TEC-AC-10002402,Technology,0.0,0.0,2017
2017-06-20,9.82,2,TR-21325,East,OFF-LA-10003223,Office Supplies,0.0,0.0,2017
2017-08-21,35.0,7,GT-14710,Central,OFF-FA-10002280,Office Supplies,0.0,0.0,2017
2017-08-21,37.24,4,GT-14710,Central,OFF-SU-10000381,Office Supplies,0.0,0.0,2017
2017-08-21,15.28,2,GT-14710,Central,OFF-EN-10004459,Office Supplies,0.0,0.0,2017
2017-06-16,301.96,2,JE-15745,South,FUR-CH-10000665,Furniture,0.0,0.0,2017
2017-06-16,180.66,3,JE-15745,South,OFF-AP-10003884,Office Supplies,0.0,0.0,2017
2017-06-16,191.98,2,JE-15745,South,TEC-PH-10001557,Technology,0.0,0.0,2017
2017-06-16,65.99,1,JE-15745,South,TEC-PH-10002085,Technology,0.0,0.0,2017
2017-11-04,9.664,2,JL-15175,South,OFF-PA-10001560,Office Supplies,0.2,-1.9328,2017
2017-01-01,48.896,4,GA-14725,East,FUR-FU-10003878,Furniture,0.2,-9.779200000000001,2017
2017-04-10,7.61,1,SJ-20125,East,OFF-PA-10004569,Office Supplies,0.0,0.0,2017
2017-04-10,7.16,2,SJ-20125,East,OFF-FA-10000624,Office Supplies,0.0,0.0,2017
2017-08-25,192.16,5,GA-14725,South,OFF-PA-10001790,Office Supplies,0.2,-38.432,2017
2017-11-30,68.472,3,HP-14815,East,OFF-BI-10003984,Office Supplies,0.2,-13.6944,2017
2017-11-30,1242.9,5,HP-14815,East,FUR-CH-10004287,Furniture,0.1,-124.29,2017
2017-12-23,13.48,4,GZ-14470,West,OFF-AR-10001118,Office Supplies,0.0,0.0,2017
2017-06-26,83.76,12,OT-18730,West,OFF-ST-10002486,Office Supplies,0.0,0.0,2017
2017-10-14,37.66,7,EL-13735,East,OFF-BI-10001078,Office Supplies,0.0,0.0,2017
2017-06-20,149.95,5,JE-15475,East,TEC-AC-10000927,Technology,0.0,0.0,2017
2017-06-20,51.312,3,JE-15475,East,OFF-BI-10001098,Office Supplies,0.2,-10.2624,2017
2017-06-26,4.54,1,TH-21550,Central,OFF-PA-10001622,Office Supplies,0.0,0.0,2017
2017-06-26,15.92,4,TH-21550,Central,OFF-AR-10003158,Office Supplies,0.0,0.0,2017
2017-06-26,543.92,8,TH-21550,Central,TEC-PH-10002660,Technology,0.0,0.0,2017
2017-10-29,46.96,8,GB-14530,East,OFF-PA-10002250,Office Supplies,0.0,0.0,2017
2017-11-11,10.44,5,TD-20995,Central,OFF-LA-10001045,Office Supplies,0.2,-2.088,2017
2017-11-11,18.336,4,TD-20995,Central,OFF-BI-10001510,Office Supplies,0.8,-14.6688,2017
2017-09-15,323.976,3,DB-13060,Central,TEC-PH-10004536,Technology,0.2,-64.79520000000001,2017
2017-12-30,323.136,4,PO-18865,East,FUR-BO-10003441,Furniture,0.2,-64.6272,2017
2017-12-30,90.93,7,PO-18865,East,TEC-PH-10004774,Technology,0.0,0.0,2017
2017-12-30,52.776,3,PO-18865,East,OFF-BI-10003684,Office Supplies,0.2,-10.5552,2017
2017-09-02,1199.8,4,BE-11335,Central,TEC-PH-10001494,Technology,0.0,0.0,2017
2017-09-02,1928.78,7,BE-11335,Central,TEC-AC-10004666,Technology,0.0,0.0,2017
2017-09-02,352.38,2,BE-11335,Central,OFF-ST-10003816,Office Supplies,0.0,0.0,2017
2017-11-27,46.94,1,BM-11650,Central,FUR-FU-10004091,Furniture,0.0,0.0,2017
2017-11-27,143.73,9,BM-11650,Central,TEC-AC-10001772,Technology,0.0,0.0,2017
2017-04-14,14.592,3,AB-10165,East,OFF-AR-10003560,Office Supplies,0.2,-2.9184,2017
2017-04-14,89.856,3,AB-10165,East,OFF-AR-10001468,Office Supplies,0.2,-17.9712,2017
2017-04-14,13.872,3,AB-10165,East,OFF-PA-10004971,Office Supplies,0.2,-2.7744,2017
2017-09-02,12.192,3,RK-19300,East,OFF-PA-10002195,Office Supplies,0.2,-2.4384,2017
2017-11-05,159.99,1,RA-19885,West,TEC-AC-10003911,Technology,0.0,0.0,2017
2017-11-28,516.488,7,RB-19795,East,FUR-FU-10003601,Furniture,0.2,-103.2976,2017
2017-11-28,1007.232,6,RB-19795,East,FUR-FU-10000576,Furniture,0.2,-201.4464,2017
2017-11-28,2065.32,12,RB-19795,East,FUR-TA-10004154,Furniture,0.4,-826.1280000000002,2017
2017-11-28,15.552,3,RB-19795,East,OFF-PA-10000788,Office Supplies,0.2,-3.1104,2017
2017-11-28,25.344,6,RB-19795,East,OFF-PA-10002479,Office Supplies,0.2,-5.0688,2017
2017-04-03,25.472,4,KH-16360,East,FUR-FU-10001940,Furniture,0.2,-5.0944,2017
2017-12-28,27.168,2,GH-14665,Central,OFF-AR-10001958,Office Supplies,0.2,-5.4336,2017
2017-12-28,78.8528,2,GH-14665,Central,FUR-BO-10004709,Furniture,0.32,-25.232896,2017
2017-11-30,173.8,5,SW-20275,South,OFF-ST-10000604,Office Supplies,0.0,0.0,2017
2017-05-15,29.592,1,JA-15970,West,TEC-PH-10002923,Technology,0.2,-5.9184,2017
2017-05-15,4.752,2,JA-15970,West,OFF-BI-10004465,Office Supplies,0.7,-3.3264,2017
2017-05-15,15.552,3,JA-15970,West,OFF-PA-10002333,Office Supplies,0.2,-3.1104,2017
2017-11-14,321.568,2,LW-16990,West,FUR-CH-10002965,Furniture,0.2,-64.3136,2017
2017-04-09,9.82,2,BS-11800,East,OFF-LA-10004055,Office Supplies,0.0,0.0,2017
2017-04-09,35.97,3,BS-11800,East,OFF-AR-10004344,Office Supplies,0.0,0.0,2017
2017-04-09,12.96,2,BS-11800,East,OFF-PA-10004621,Office Supplies,0.0,0.0,2017
2017-04-09,191.6,4,BS-11800,East,OFF-PA-10001281,Office Supplies,0.0,0.0,2017
2017-04-09,8.64,3,BS-11800,East,OFF-LA-10001613,Office Supplies,0.0,0.0,2017
2017-04-09,501.81,3,BS-11800,East,OFF-ST-10001097,Office Supplies,0.0,0.0,2017
2017-10-05,160.93,7,PO-19195,East,TEC-PH-10003555,Technology,0.0,0.0,2017
2017-10-05,75.792,3,PO-19195,East,OFF-BI-10004492,Office Supplies,0.2,-15.1584,2017
2017-07-09,1.08,2,TD-20995,West,OFF-BI-10002012,Office Supplies,0.7,-0.756,2017
2017-01-07,3059.982,2,BW-11110,Central,TEC-MA-10000822,Technology,0.1,-305.9982,2017
2017-09-29,7.968,2,AS-10630,Central,OFF-LA-10001569,Office Supplies,0.2,-1.5936,2017
2017-09-29,27.968,4,AS-10630,Central,OFF-EN-10000461,Office Supplies,0.2,-5.5936,2017
2017-09-29,336.51,3,AS-10630,Central,TEC-MA-10003066,Technology,0.4,-134.604,2017
2017-05-21,520.05,5,JG-15805,East,FUR-FU-10004071,Furniture,0.0,0.0,2017
2017-05-21,17.97,3,JG-15805,East,OFF-AR-10001988,Office Supplies,0.0,0.0,2017
2017-12-26,44.75,5,PO-18850,Central,OFF-PA-10001509,Office Supplies,0.0,0.0,2017
2017-08-01,95.984,2,AT-10735,Central,TEC-PH-10003931,Technology,0.2,-19.1968,2017
2017-06-17,155.25,3,PF-19165,West,FUR-FU-10004848,Furniture,0.0,0.0,2017
2017-06-17,14.03,1,PF-19165,West,OFF-ST-10003722,Office Supplies,0.0,0.0,2017
2017-12-17,11.808,2,HR-14770,West,OFF-BI-10000320,Office Supplies,0.2,-2.3616,2017
2017-11-20,23.968,7,JH-15430,South,OFF-AR-10000203,Office Supplies,0.2,-4.793600000000001,2017
2017-11-20,28.728,3,JH-15430,South,OFF-AR-10004790,Office Supplies,0.2,-5.7456,2017
2017-07-09,8.84,5,NS-18640,Central,OFF-AR-10001130,Office Supplies,0.2,-1.768,2017
2017-07-09,58.464,9,NS-18640,Central,OFF-AP-10000055,Office Supplies,0.8,-46.7712,2017
2017-10-12,254.604,14,SN-20710,Central,FUR-CH-10002304,Furniture,0.3,-76.3812,2017
2017-12-10,19.936,4,BP-11185,West,OFF-BI-10001097,Office Supplies,0.2,-3.9872,2017
2017-12-10,65.568,2,BP-11185,West,OFF-BI-10001597,Office Supplies,0.2,-13.1136,2017
2017-09-28,1.744,1,CM-12160,Central,OFF-SU-10001935,Office Supplies,0.2,-0.3488,2017
2017-11-14,8.64,2,FO-14305,East,OFF-BI-10003669,Office Supplies,0.2,-1.728,2017
2017-09-23,119.96,2,DW-13540,West,OFF-AP-10002191,Office Supplies,0.0,0.0,2017
2017-09-23,31.44,3,DW-13540,West,OFF-ST-10001325,Office Supplies,0.0,0.0,2017
2017-09-23,6.88,1,DW-13540,West,OFF-BI-10000404,Office Supplies,0.2,-1.376,2017
2017-06-04,31.984,2,LW-16990,South,FUR-FU-10001967,Furniture,0.2,-6.396800000000001,2017
2017-06-04,71.984,2,LW-16990,South,TEC-PH-10001819,Technology,0.2,-14.3968,2017
2017-01-21,348.208,7,PS-19045,South,OFF-ST-10004340,Office Supplies,0.2,-69.64160000000001,2017
2017-01-21,35.784,7,PS-19045,South,OFF-BI-10004001,Office Supplies,0.7,-25.0488,2017
2017-04-21,2.694,3,RP-19390,Central,OFF-BI-10004140,Office Supplies,0.8,-2.1552,2017
2017-04-21,2.934,3,RP-19390,Central,OFF-BI-10002049,Office Supplies,0.8,-2.3472,2017
2017-12-18,46.672,2,RA-19915,West,OFF-BI-10003364,Office Supplies,0.2,-9.3344,2017
2017-12-18,119.833,1,RA-19915,West,FUR-BO-10002206,Furniture,0.15,-17.97495,2017
2017-12-18,119.98,2,RA-19915,West,TEC-AC-10003610,Technology,0.0,0.0,2017
2017-06-29,362.94,3,AA-10315,Central,OFF-AP-10000576,Office Supplies,0.0,0.0,2017
2017-06-29,11.54,2,AA-10315,Central,OFF-BI-10004654,Office Supplies,0.0,0.0,2017
2017-12-08,109.48,2,DL-13315,East,FUR-FU-10004952,Furniture,0.0,0.0,2017
2017-12-08,272.94,3,DL-13315,East,OFF-ST-10004123,Office Supplies,0.0,0.0,2017
2017-12-08,19.44,3,DL-13315,East,OFF-PA-10003172,Office Supplies,0.0,0.0,2017
2017-12-08,31.92,4,DL-13315,East,OFF-ST-10002352,Office Supplies,0.0,0.0,2017
2017-01-14,21.744,1,RB-19570,South,OFF-EN-10002504,Office Supplies,0.2,-4.3488,2017
2017-01-14,7.92,5,RB-19570,South,TEC-PH-10003655,Technology,0.2,-1.584,2017
2017-02-26,81.92,4,BT-11530,West,OFF-AP-10004532,Office Supplies,0.0,0.0,2017
2017-02-26,889.536,8,BT-11530,West,TEC-PH-10004447,Technology,0.2,-177.9072,2017
2017-02-26,892.224,3,BT-11530,West,FUR-CH-10003973,Furniture,0.2,-178.4448,2017
2017-02-26,223.92,4,BT-11530,West,OFF-PA-10001970,Office Supplies,0.0,0.0,2017
2017-02-26,23.12,4,BT-11530,West,OFF-PA-10000682,Office Supplies,0.0,0.0,2017
2017-08-01,271.96,5,LH-16750,South,TEC-PH-10002660,Technology,0.2,-54.392,2017
2017-09-09,141.372,2,SP-20620,East,FUR-CH-10004860,Furniture,0.3,-42.4116,2017
2017-09-09,3.036,2,SP-20620,East,OFF-BI-10002432,Office Supplies,0.7,-2.1252,2017
2017-09-09,4.503,1,SP-20620,East,OFF-BI-10000069,Office Supplies,0.7,-3.1521,2017
2017-09-09,4.672,1,SP-20620,East,OFF-AR-10003602,Office Supplies,0.2,-0.9344,2017
2017-09-09,95.88,3,SP-20620,East,TEC-AC-10004469,Technology,0.2,-19.176,2017
2017-09-09,17.024,2,SP-20620,East,FUR-FU-10001867,Furniture,0.2,-3.4048,2017
2017-09-09,258.696,3,SP-20620,East,TEC-AC-10003174,Technology,0.2,-51.73920000000001,2017
2017-09-09,1931.958,7,SP-20620,East,TEC-PH-10002200,Technology,0.4,-772.7832000000001,2017
2017-11-06,15.28,2,ZC-21910,West,OFF-EN-10001219,Office Supplies,0.0,0.0,2017
2017-11-06,8.73,1,ZC-21910,West,FUR-FU-10001424,Furniture,0.0,0.0,2017
2017-11-06,5.68,2,ZC-21910,West,OFF-AR-10001022,Office Supplies,0.0,0.0,2017
2017-05-14,48.69,9,EJ-14155,South,OFF-EN-10004955,Office Supplies,0.0,0.0,2017
2017-12-18,38.82,6,DJ-13630,East,OFF-AR-10002280,Office Supplies,0.0,0.0,2017
2017-12-18,1141.938,9,DJ-13630,East,FUR-CH-10001708,Furniture,0.1,-114.1938,2017
2017-12-18,1704.56,13,DJ-13630,East,OFF-AP-10000891,Office Supplies,0.0,0.0,2017
2017-12-18,3.2,2,DJ-13630,East,OFF-AR-10000462,Office Supplies,0.0,0.0,2017
2017-03-10,5.248,2,MH-18115,East,OFF-AR-10003958,Office Supplies,0.2,-1.0496,2017
2017-03-10,35.91,3,MH-18115,East,TEC-PH-10000149,Technology,0.4,-14.364,2017
2017-03-10,6.696,1,MH-18115,East,FUR-FU-10003724,Furniture,0.2,-1.3392,2017
2017-03-10,43.872,2,MH-18115,East,FUR-FU-10003535,Furniture,0.2,-8.7744,2017
2017-10-23,863.88,3,JR-15700,South,TEC-PH-10004586,Technology,0.2,-172.776,2017
2017-07-07,17.472,3,CS-12355,East,OFF-BI-10001634,Office Supplies,0.2,-3.494400000000001,2017
2017-09-02,6.57,3,PF-19225,West,OFF-AR-10000422,Office Supplies,0.0,0.0,2017
2017-09-23,29.328,3,BG-11695,West,FUR-FU-10000246,Furniture,0.2,-5.865600000000001,2017
2017-06-04,12.48,2,DC-12850,South,OFF-PA-10002870,Office Supplies,0.0,0.0,2017
2017-04-09,15.12,3,SA-20830,South,OFF-LA-10000121,Office Supplies,0.2,-3.024,2017
2017-04-09,17.43,1,SA-20830,South,OFF-BI-10002026,Office Supplies,0.7,-12.201,2017
2017-04-09,251.64,3,SA-20830,South,OFF-PA-10000994,Office Supplies,0.2,-50.328,2017
2017-12-30,13.904,2,EB-13975,West,OFF-BI-10002103,Office Supplies,0.2,-2.7808,2017
2017-12-30,20.72,2,EB-13975,West,OFF-BI-10004632,Office Supplies,0.2,-4.144,2017
2017-07-03,23.99,1,CS-12460,South,FUR-FU-10002554,Furniture,0.0,0.0,2017
2017-07-03,287.97,3,CS-12460,South,TEC-PH-10001557,Technology,0.0,0.0,2017
2017-12-10,14.2,1,HA-14920,East,TEC-AC-10003116,Technology,0.2,-2.84,2017
2017-02-03,5.229,3,MC-17575,East,OFF-BI-10002071,Office Supplies,0.7,-3.6603,2017
2017-02-03,285.552,2,MC-17575,East,OFF-ST-10001490,Office Supplies,0.2,-57.11040000000001,2017
2017-03-03,72.8,5,LP-17095,South,OFF-AP-10004859,Office Supplies,0.0,0.0,2017
2017-10-09,10.816,4,EB-14170,South,OFF-PA-10002659,Office Supplies,0.2,-2.1632,2017
2017-10-15,87.92,4,FG-14260,West,OFF-AR-10002818,Office Supplies,0.0,0.0,2017
2017-06-02,2.97,1,AB-10255,East,TEC-PH-10000347,Technology,0.4,-1.188,2017
2017-06-02,27.44,2,AB-10255,East,OFF-ST-10004507,Office Supplies,0.2,-5.488,2017
2017-04-02,25.11,3,JF-15190,West,FUR-FU-10003724,Furniture,0.0,0.0,2017
2017-03-31,29.78,2,CM-12115,East,FUR-FU-10004018,Furniture,0.0,0.0,2017
2017-03-31,677.58,3,CM-12115,East,TEC-PH-10002549,Technology,0.0,0.0,2017
2017-03-31,75.04,8,CM-12115,East,OFF-PA-10004911,Office Supplies,0.0,0.0,2017
2017-01-02,695.7,2,AS-10045,South,TEC-MA-10002178,Technology,0.5,-347.85,2017
2017-01-02,15.66,5,AS-10045,South,OFF-BI-10003694,Office Supplies,0.7,-10.962,2017
2017-01-02,28.854,6,AS-10045,South,OFF-BI-10000474,Office Supplies,0.7,-20.1978,2017
2017-05-04,183.96,5,LW-16990,West,TEC-PH-10003092,Technology,0.2,-36.792,2017
2017-05-04,17.61,3,LW-16990,West,OFF-PA-10002250,Office Supplies,0.0,0.0,2017
2017-05-04,300.904,1,LW-16990,West,FUR-TA-10003473,Furniture,0.2,-60.1808,2017
2017-04-26,1.988,1,LB-16735,Central,FUR-FU-10000010,Furniture,0.6,-1.1928,2017
2017-10-19,123.256,7,HM-14860,East,OFF-AR-10002956,Office Supplies,0.2,-24.6512,2017
2017-10-19,23.68,4,HM-14860,East,OFF-PA-10004041,Office Supplies,0.2,-4.736,2017
2017-10-19,309.576,4,HM-14860,East,TEC-PH-10001336,Technology,0.4,-123.8304,2017
2017-11-10,38.388,14,AB-10600,West,OFF-BI-10001036,Office Supplies,0.7,-26.8716,2017
2017-11-10,95.994,2,AB-10600,West,TEC-MA-10003183,Technology,0.7,-67.19579999999999,2017
2017-11-10,239.952,6,AB-10600,West,TEC-AC-10001314,Technology,0.2,-47.9904,2017
2017-11-10,201.584,2,AB-10600,West,TEC-PH-10002563,Technology,0.2,-40.3168,2017
2017-11-10,899.136,4,AB-10600,West,FUR-CH-10003312,Furniture,0.2,-179.8272,2017
2017-07-08,145.9,5,SZ-20035,West,FUR-FU-10001588,Furniture,0.0,0.0,2017
2017-03-07,49.08,3,MG-17890,East,TEC-AC-10004510,Technology,0.0,0.0,2017
2017-07-03,9.552,3,YS-21880,South,OFF-AR-10003514,Office Supplies,0.2,-1.9104,2017
2017-10-09,652.45,5,CK-12760,Central,FUR-TA-10002958,Furniture,0.5,-326.225,2017
2017-10-09,66.645,3,CK-12760,Central,FUR-TA-10001676,Furniture,0.5,-33.3225,2017
2017-11-04,23.68,2,SZ-20035,Central,OFF-LA-10003923,Office Supplies,0.2,-4.736,2017
2017-01-28,239.97,3,BT-11305,West,TEC-AC-10000580,Technology,0.0,0.0,2017
2017-01-28,37.74,3,BT-11305,West,FUR-FU-10003976,Furniture,0.0,0.0,2017
2017-11-26,220.752,8,LT-17110,East,TEC-PH-10003092,Technology,0.4,-88.30080000000001,2017
2017-06-20,31.104,6,ST-20530,East,OFF-PA-10001639,Office Supplies,0.2,-6.220800000000001,2017
2017-06-20,5.248,2,ST-20530,East,OFF-AR-10003829,Office Supplies,0.2,-1.0496,2017
2017-04-12,29.7,5,BD-11320,East,OFF-BI-10004364,Office Supplies,0.0,0.0,2017
2017-04-12,39.96,4,BD-11320,East,OFF-PA-10001712,Office Supplies,0.0,0.0,2017
2017-12-19,36.672,2,MM-17920,West,OFF-BI-10001510,Office Supplies,0.2,-7.3344,2017
2017-08-05,13.76,2,PW-19030,South,OFF-PA-10002713,Office Supplies,0.0,0.0,2017
2017-06-13,164.736,4,SD-20485,Central,OFF-ST-10004804,Office Supplies,0.2,-32.9472,2017
2017-06-13,470.302,7,SD-20485,Central,FUR-CH-10004289,Furniture,0.3,-141.0906,2017
2017-06-13,47.984,2,SD-20485,Central,TEC-PH-10002564,Technology,0.2,-9.5968,2017
2017-06-12,91.2,3,ME-17320,South,OFF-BI-10000977,Office Supplies,0.0,0.0,2017
2017-06-12,452.94,3,ME-17320,South,FUR-TA-10002530,Furniture,0.0,0.0,2017
2017-12-09,872.94,3,DK-12835,Central,FUR-CH-10000847,Furniture,0.0,0.0,2017
2017-12-09,41.54,2,DK-12835,Central,OFF-BI-10003982,Office Supplies,0.0,0.0,2017
2017-12-09,12.96,2,DK-12835,Central,OFF-PA-10001293,Office Supplies,0.0,0.0,2017
2017-07-11,8.67,3,KN-16390,West,OFF-LA-10004272,Office Supplies,0.0,0.0,2017
2017-03-19,28.91,7,CG-12040,East,OFF-LA-10003121,Office Supplies,0.0,0.0,2017
2017-11-19,31.968,4,KD-16345,West,TEC-PH-10000376,Technology,0.2,-6.3936,2017
2017-08-25,9.728,2,DW-13540,South,OFF-AR-10003560,Office Supplies,0.2,-1.9456,2017
2017-08-25,3.424,1,DW-13540,South,OFF-PA-10000130,Office Supplies,0.2,-0.6848000000000001,2017
2017-04-30,62.96,4,DL-13495,East,OFF-EN-10002986,Office Supplies,0.0,0.0,2017
2017-11-24,5.88,1,TS-21370,East,OFF-PA-10001838,Office Supplies,0.0,0.0,2017
2017-11-24,977.292,6,TS-21370,East,FUR-CH-10000785,Furniture,0.1,-97.7292,2017
2017-10-30,9.64,2,JW-15220,West,FUR-FU-10002885,Furniture,0.0,0.0,2017
2017-09-04,10.192,7,JD-15790,Central,OFF-AR-10003759,Office Supplies,0.2,-2.0384,2017
2017-09-04,16.784,1,JD-15790,Central,OFF-ST-10004950,Office Supplies,0.2,-3.3568,2017
2017-09-04,13.12,5,JD-15790,Central,OFF-AR-10001940,Office Supplies,0.2,-2.624,2017
2017-11-12,16.056,3,NG-18430,Central,OFF-PA-10002749,Office Supplies,0.2,-3.2112,2017
2017-11-12,223.056,9,NG-18430,Central,OFF-PA-10003823,Office Supplies,0.2,-44.6112,2017
2017-11-12,540.048,3,NG-18430,Central,OFF-ST-10003716,Office Supplies,0.2,-108.0096,2017
2017-12-24,17.88,3,AR-10540,East,OFF-BI-10003708,Office Supplies,0.2,-3.576,2017
2017-12-10,34.5,3,LS-16975,Central,OFF-BI-10004965,Office Supplies,0.0,0.0,2017
2017-09-12,8.36,2,JM-15535,West,FUR-FU-10004270,Furniture,0.0,0.0,2017
2017-06-24,385.6,8,NH-18610,West,OFF-AR-10002135,Office Supplies,0.0,0.0,2017
2017-06-24,35.82,9,NH-18610,West,OFF-AR-10003514,Office Supplies,0.0,0.0,2017
2017-08-18,200.064,3,RA-19915,Central,OFF-ST-10002276,Office Supplies,0.2,-40.0128,2017
2017-08-18,21.38,5,RA-19915,Central,OFF-BI-10001098,Office Supplies,0.8,-17.104,2017
2017-08-18,6.744,4,RA-19915,Central,OFF-BI-10001636,Office Supplies,0.8,-5.3952,2017
2017-12-11,63.686,1,AI-10855,East,FUR-CH-10002961,Furniture,0.3,-19.1058,2017
2017-12-10,1669.6,4,MC-17845,West,FUR-TA-10004256,Furniture,0.0,0.0,2017
2017-02-11,21.336,7,VW-21775,West,OFF-BI-10001759,Office Supplies,0.2,-4.2672,2017
2017-04-16,16.52,5,PL-18925,Central,OFF-AR-10001419,Office Supplies,0.2,-3.304,2017
2017-08-31,10.744,1,JF-15490,West,OFF-ST-10000344,Office Supplies,0.2,-2.1488,2017
2017-08-31,8.376,3,JF-15490,West,OFF-FA-10000585,Office Supplies,0.2,-1.6752,2017
2017-02-10,203.983,2,MP-18175,West,FUR-BO-10004015,Furniture,0.15,-30.59745,2017
2017-09-15,39.99,1,CL-11890,East,TEC-PH-10000439,Technology,0.0,0.0,2017
2017-09-15,16.28,2,CL-11890,East,OFF-AR-10003478,Office Supplies,0.0,0.0,2017
2017-09-15,782.94,3,CL-11890,East,FUR-BO-10002545,Furniture,0.0,0.0,2017
2017-09-15,242.48,7,CL-11890,East,OFF-BI-10001765,Office Supplies,0.0,0.0,2017
2017-11-13,9.324,6,ME-17320,Central,OFF-AP-10004868,Office Supplies,0.8,-7.4592,2017
2017-10-16,124.75,5,BO-11425,South,OFF-BI-10003719,Office Supplies,0.0,0.0,2017
2017-09-04,91.96,4,AB-10150,East,TEC-AC-10000171,Technology,0.0,0.0,2017
2017-09-05,2.78,1,CS-12400,West,OFF-AR-10003732,Office Supplies,0.0,0.0,2017
2017-06-30,1044.63,5,SG-20470,East,FUR-TA-10000577,Furniture,0.4,-417.8520000000001,2017
2017-06-11,122.97,3,DV-13465,West,OFF-PA-10000357,Office Supplies,0.0,0.0,2017
2017-11-26,12.84,3,AH-10075,South,OFF-AR-10003504,Office Supplies,0.0,0.0,2017
2017-05-08,47.992,2,MD-17350,East,FUR-CH-10004540,Furniture,0.3,-14.3976,2017
2017-10-16,547.3,13,MY-17380,East,FUR-FU-10001290,Furniture,0.0,0.0,2017
2017-11-19,16.896,4,AB-10150,Central,OFF-PA-10000308,Office Supplies,0.2,-3.3792,2017
2017-11-19,6.672,1,AB-10150,Central,OFF-SU-10001165,Office Supplies,0.2,-1.3344,2017
2017-11-19,99.136,4,AB-10150,Central,OFF-AR-10003373,Office Supplies,0.2,-19.8272,2017
2017-11-19,15.992,2,AB-10150,Central,FUR-FU-10001967,Furniture,0.6,-9.5952,2017
2017-11-30,155.94,6,ME-17725,East,OFF-AR-10001044,Office Supplies,0.0,0.0,2017
2017-12-21,1000.02,7,YS-21880,West,OFF-ST-10003306,Office Supplies,0.0,0.0,2017
2017-07-08,198.46,2,JC-15385,West,FUR-FU-10002937,Furniture,0.0,0.0,2017
2017-07-08,786.48,8,JC-15385,West,OFF-LA-10003930,Office Supplies,0.0,0.0,2017
2017-07-08,23.168,2,JC-15385,West,OFF-BI-10001107,Office Supplies,0.2,-4.6336,2017
2017-07-08,50.0,2,JC-15385,West,TEC-AC-10003063,Technology,0.0,0.0,2017
2017-06-21,17.92,5,AS-10240,East,FUR-FU-10004415,Furniture,0.2,-3.584000000000001,2017
2017-06-21,41.256,6,AS-10240,East,OFF-BI-10001510,Office Supplies,0.7,-28.8792,2017
2017-11-18,169.68,6,CD-12280,West,OFF-ST-10003442,Office Supplies,0.0,0.0,2017
2017-11-18,132.52,4,CD-12280,West,TEC-AC-10003832,Technology,0.0,0.0,2017
2017-11-18,2.96,2,CD-12280,West,OFF-FA-10000611,Office Supplies,0.0,0.0,2017
2017-11-18,8.448,2,CD-12280,West,OFF-BI-10001116,Office Supplies,0.2,-1.6896,2017
2017-11-18,95.94,3,CD-12280,West,OFF-ST-10000563,Office Supplies,0.0,0.0,2017
2017-01-20,160.776,3,TH-21100,West,TEC-PH-10004922,Technology,0.2,-32.1552,2017
2017-10-30,88.752,3,MM-18055,West,OFF-BI-10004330,Office Supplies,0.2,-17.7504,2017
2017-10-30,13.904,2,MM-18055,West,OFF-BI-10002072,Office Supplies,0.2,-2.7808,2017
2017-04-30,677.58,5,QJ-19255,East,TEC-PH-10002549,Technology,0.4,-271.032,2017
2017-04-30,13.896,3,QJ-19255,East,OFF-BI-10002353,Office Supplies,0.7,-9.7272,2017
2017-10-19,16.68,3,RD-19480,Central,TEC-PH-10002185,Technology,0.2,-3.336,2017
2017-07-03,167.968,4,RD-19585,Central,TEC-PH-10002726,Technology,0.2,-33.5936,2017
2017-04-24,99.28,2,DK-12835,East,OFF-AP-10002495,Office Supplies,0.2,-19.856,2017
2017-04-24,1.188,2,DK-12835,East,OFF-BI-10002813,Office Supplies,0.7,-0.8315999999999999,2017
2017-04-24,7.518,2,DK-12835,East,OFF-BI-10002414,Office Supplies,0.7,-5.2626,2017
2017-12-10,10.368,2,AW-10840,East,OFF-PA-10000788,Office Supplies,0.2,-2.0736,2017
2017-12-10,310.88,2,AW-10840,East,FUR-FU-10004306,Furniture,0.2,-62.176,2017
2017-12-09,33.45,5,HF-14995,Central,OFF-PA-10000575,Office Supplies,0.0,0.0,2017
2017-12-09,10.4,5,HF-14995,Central,OFF-BI-10004182,Office Supplies,0.0,0.0,2017
2017-10-30,43.86,6,JK-15205,West,OFF-LA-10003077,Office Supplies,0.0,0.0,2017
2017-10-30,148.48,2,JK-15205,West,TEC-PH-10003505,Technology,0.2,-29.696,2017
2017-10-30,7.42,2,JK-15205,West,OFF-PA-10003424,Office Supplies,0.0,0.0,2017
2017-10-30,71.992,1,JK-15205,West,FUR-CH-10003061,Furniture,0.2,-14.3984,2017
2017-10-30,19.9,5,JK-15205,West,OFF-AR-10003514,Office Supplies,0.0,0.0,2017
2017-10-30,1702.12,14,JK-15205,West,OFF-AP-10002684,Office Supplies,0.0,0.0,2017
2017-09-08,765.625,7,MM-18055,Central,FUR-TA-10004289,Furniture,0.5,-382.8125,2017
2017-10-07,307.666,2,DC-13285,West,FUR-BO-10003965,Furniture,0.15,-46.1499,2017
2017-04-29,1048.35,5,FM-14215,East,FUR-TA-10001307,Furniture,0.4,-419.34,2017
2017-07-29,34.848,2,AG-10675,South,OFF-AP-10002082,Office Supplies,0.2,-6.9696,2017
2017-07-29,22.0,5,AG-10675,South,TEC-PH-10003442,Technology,0.2,-4.4,2017
2017-07-29,4.368,3,AG-10675,South,OFF-AR-10002833,Office Supplies,0.2,-0.8736000000000002,2017
2017-10-30,20.736,4,MC-18100,East,OFF-PA-10004355,Office Supplies,0.2,-4.147200000000001,2017
2017-10-30,7.168,2,MC-18100,East,FUR-FU-10004415,Furniture,0.2,-1.4336,2017
2017-10-30,11.168,2,MC-18100,East,OFF-ST-10002486,Office Supplies,0.2,-2.2336,2017
2017-10-30,442.4,7,MC-18100,East,TEC-AC-10001142,Technology,0.2,-88.48,2017
2017-10-14,9.46,2,JW-15955,West,FUR-FU-10001918,Furniture,0.0,0.0,2017
2017-12-02,559.62,9,VW-21775,West,OFF-ST-10004340,Office Supplies,0.0,0.0,2017
2017-12-02,109.92,2,VW-21775,West,OFF-PA-10004475,Office Supplies,0.0,0.0,2017
2017-12-02,8.56,2,VW-21775,West,OFF-PA-10003893,Office Supplies,0.0,0.0,2017
2017-03-02,6.976,4,SC-20770,Central,OFF-SU-10001935,Office Supplies,0.2,-1.3952,2017
2017-03-02,12.222,7,SC-20770,Central,OFF-BI-10003291,Office Supplies,0.8,-9.7776,2017
2017-09-22,219.84,4,JE-15610,Central,OFF-PA-10004475,Office Supplies,0.0,0.0,2017
2017-09-22,98.16,6,JE-15610,Central,TEC-AC-10004510,Technology,0.0,0.0,2017
2017-09-22,33.04,8,JE-15610,Central,OFF-BI-10002976,Office Supplies,0.0,0.0,2017
2017-09-22,86.97,3,JE-15610,Central,TEC-PH-10001615,Technology,0.0,0.0,2017
2017-08-27,63.84,8,MR-17545,East,OFF-ST-10002352,Office Supplies,0.0,0.0,2017
2017-08-27,347.97,3,MR-17545,East,TEC-PH-10000455,Technology,0.0,0.0,2017
2017-08-27,37.008,6,MR-17545,East,OFF-BI-10003910,Office Supplies,0.2,-7.401600000000001,2017
2017-09-22,5.607,1,JA-15970,East,OFF-BI-10002498,Office Supplies,0.7,-3.9249,2017
2017-09-22,4663.736,7,JA-15970,East,OFF-SU-10002881,Office Supplies,0.2,-932.7472,2017
2017-09-22,79.984,2,JA-15970,East,TEC-AC-10002926,Technology,0.2,-15.9968,2017
2017-11-20,77.6,5,BT-11680,East,FUR-FU-10001861,Furniture,0.2,-15.52,2017
2017-11-20,4.656,2,BT-11680,East,FUR-FU-10000206,Furniture,0.2,-0.9312,2017
2017-10-21,1439.92,8,SL-20155,Central,TEC-PH-10000895,Technology,0.0,0.0,2017
2017-10-21,262.11,1,SL-20155,Central,FUR-TA-10002356,Furniture,0.0,0.0,2017
2017-08-01,1439.982,3,AS-10045,Central,TEC-MA-10000488,Technology,0.4,-575.9928,2017
2017-08-01,36.288,7,AS-10045,Central,OFF-PA-10003729,Office Supplies,0.2,-7.2576,2017
2017-02-19,1245.86,7,NH-18610,South,OFF-AP-10002518,Office Supplies,0.0,0.0,2017
2017-07-29,90.57,3,GW-14605,West,TEC-AC-10003027,Technology,0.0,0.0,2017
2017-01-12,40.08,6,DA-13450,East,OFF-PA-10001804,Office Supplies,0.0,0.0,2017
2017-01-12,37.68,2,DA-13450,East,FUR-FU-10004973,Furniture,0.0,0.0,2017
2017-09-10,362.352,3,FH-14275,West,FUR-CH-10002602,Furniture,0.2,-72.4704,2017
2017-09-10,7.184,2,FH-14275,West,OFF-BI-10004140,Office Supplies,0.2,-1.4368,2017
2017-05-12,127.92,5,AC-10420,Central,OFF-ST-10000563,Office Supplies,0.2,-25.584,2017
2017-05-12,34.24,4,AC-10420,Central,OFF-BI-10002133,Office Supplies,0.8,-27.392,2017
2017-03-26,257.568,2,GM-14440,East,FUR-BO-10001918,Furniture,0.2,-51.5136,2017
2017-03-26,119.96,4,GM-14440,East,TEC-PH-10004896,Technology,0.0,0.0,2017
2017-11-12,370.782,3,NG-18355,East,TEC-PH-10002824,Technology,0.4,-148.3128,2017
2017-04-15,196.45,5,AH-10075,West,FUR-FU-10004460,Furniture,0.0,0.0,2017
2017-11-21,70.98,1,BP-11230,West,FUR-TA-10004767,Furniture,0.0,0.0,2017
2017-03-25,470.376,3,JC-15775,Central,TEC-PH-10000984,Technology,0.2,-94.0752,2017
2017-12-29,393.568,4,JG-15160,West,FUR-CH-10002880,Furniture,0.2,-78.7136,2017
2017-12-29,302.376,3,JG-15160,West,TEC-PH-10002563,Technology,0.2,-60.4752,2017
2017-03-28,68.742,9,CK-12760,South,OFF-BI-10001191,Office Supplies,0.7,-48.1194,2017
2017-01-19,6.0,2,DL-12865,Central,OFF-LA-10003714,Office Supplies,0.2,-1.2,2017
2017-12-22,7.824,1,JP-15520,South,OFF-EN-10002621,Office Supplies,0.2,-1.5648,2017
2017-12-02,34.65,3,AS-10090,South,OFF-AR-10001446,Office Supplies,0.0,0.0,2017
2017-10-03,1793.98,2,AC-10450,Central,OFF-BI-10001359,Office Supplies,0.0,0.0,2017
2017-10-21,5.184,1,DK-12835,West,OFF-PA-10003953,Office Supplies,0.2,-1.0368,2017
2017-10-21,478.48,2,DK-12835,West,FUR-CH-10000155,Furniture,0.2,-95.69600000000001,2017
2017-10-21,28.4,2,DK-12835,West,TEC-AC-10003116,Technology,0.2,-5.68,2017
2017-10-21,909.12,8,MD-17860,Central,OFF-ST-10002743,Office Supplies,0.0,0.0,2017
2017-12-18,18.96,2,DB-13660,East,FUR-FU-10001037,Furniture,0.0,0.0,2017
2017-07-03,273.896,7,FH-14275,Central,OFF-PA-10001878,Office Supplies,0.2,-54.7792,2017
2017-07-03,597.132,3,FH-14275,Central,TEC-MA-10003674,Technology,0.4,-238.8528,2017
2017-04-30,4.608,2,AS-10630,South,OFF-LA-10003190,Office Supplies,0.2,-0.9216,2017
2017-04-30,15.528,3,AS-10630,South,OFF-AR-10002280,Office Supplies,0.2,-3.1056,2017
2017-04-30,11.952,3,AS-10630,South,OFF-LA-10001569,Office Supplies,0.2,-2.3904,2017
2017-08-17,895.92,5,EH-13765,East,OFF-BI-10003091,Office Supplies,0.2,-179.184,2017
2017-08-17,462.564,2,EH-13765,East,FUR-CH-10003981,Furniture,0.1,-46.25640000000001,2017
2017-12-05,92.94,3,NP-18325,West,OFF-PA-10003039,Office Supplies,0.0,0.0,2017
2017-03-09,199.98,2,LW-16990,West,TEC-AC-10001908,Technology,0.0,0.0,2017
2017-11-28,88.768,2,RH-19495,West,OFF-PA-10004071,Office Supplies,0.2,-17.7536,2017
2017-03-16,6.48,1,VM-21685,West,OFF-PA-10001972,Office Supplies,0.0,0.0,2017
2017-03-16,46.51,1,VM-21685,West,OFF-ST-10004180,Office Supplies,0.0,0.0,2017
2017-03-16,659.976,3,VM-21685,West,TEC-PH-10004165,Technology,0.2,-131.9952,2017
2017-08-06,145.74,3,SV-20365,South,FUR-BO-10000468,Furniture,0.0,0.0,2017
2017-08-06,15.4,5,SV-20365,South,FUR-FU-10001706,Furniture,0.0,0.0,2017
2017-11-27,244.55,5,LW-16990,West,OFF-PA-10003129,Office Supplies,0.0,0.0,2017
2017-11-27,166.16,8,LW-16990,West,TEC-AC-10001284,Technology,0.0,0.0,2017
2017-08-29,47.36,4,CP-12085,Central,OFF-LA-10004544,Office Supplies,0.2,-9.472,2017
2017-08-29,27.44,2,CP-12085,Central,OFF-ST-10004507,Office Supplies,0.2,-5.488,2017
2017-08-29,3.24,9,CP-12085,Central,OFF-BI-10002012,Office Supplies,0.8,-2.592000000000001,2017
2017-09-02,23.1,2,AC-10615,East,OFF-AR-10000658,Office Supplies,0.0,0.0,2017
2017-09-02,11.54,2,AC-10615,East,FUR-FU-10001196,Furniture,0.0,0.0,2017
2017-09-02,254.526,1,AC-10615,East,FUR-TA-10001889,Furniture,0.4,-101.8104,2017
2017-09-02,12.98,1,AC-10615,East,OFF-AP-10000358,Office Supplies,0.0,0.0,2017
2017-09-02,26.432,8,AC-10615,East,OFF-BI-10004970,Office Supplies,0.2,-5.2864,2017
2017-09-02,197.97,3,AC-10615,East,TEC-PH-10003885,Technology,0.0,0.0,2017
2017-09-02,18.9,6,AC-10615,East,OFF-LA-10001641,Office Supplies,0.0,0.0,2017
2017-09-02,1282.41,5,AC-10615,East,FUR-CH-10003379,Furniture,0.1,-128.241,2017
2017-09-02,4.92,3,AC-10615,East,OFF-AR-10004582,Office Supplies,0.0,0.0,2017
2017-09-02,238.0,2,AC-10615,East,TEC-AC-10002842,Technology,0.0,0.0,2017
2017-09-02,167.97,3,AC-10615,East,TEC-AC-10000109,Technology,0.0,0.0,2017
2017-09-02,17.12,4,AC-10615,East,OFF-PA-10003893,Office Supplies,0.0,0.0,2017
2017-09-10,16.2,3,RW-19690,Central,OFF-BI-10003669,Office Supplies,0.0,0.0,2017
2017-09-10,33.99,3,RW-19690,Central,OFF-AP-10004785,Office Supplies,0.0,0.0,2017
2017-09-10,296.85,5,RW-19690,Central,TEC-AC-10003023,Technology,0.0,0.0,2017
2017-09-10,112.8,6,RW-19690,Central,TEC-AC-10002217,Technology,0.0,0.0,2017
2017-09-10,13.71,3,RW-19690,Central,OFF-BI-10002954,Office Supplies,0.0,0.0,2017
2017-09-10,24.9,5,RW-19690,Central,OFF-PA-10002586,Office Supplies,0.0,0.0,2017
2017-09-10,286.29,3,RW-19690,Central,OFF-ST-10000025,Office Supplies,0.0,0.0,2017
2017-09-10,24.18,2,RW-19690,Central,OFF-AP-10003281,Office Supplies,0.0,0.0,2017
2017-12-21,281.97,3,DB-13210,East,TEC-PH-10002103,Technology,0.0,0.0,2017
2017-12-21,69.5,5,DB-13210,East,OFF-SU-10000898,Office Supplies,0.0,0.0,2017
2017-12-21,166.44,3,DB-13210,East,OFF-PA-10001144,Office Supplies,0.0,0.0,2017
2017-09-23,291.96,4,BD-11320,Central,TEC-AC-10004659,Technology,0.0,0.0,2017
2017-05-06,6.408,3,ML-17755,Central,OFF-AR-10004752,Office Supplies,0.2,-1.2816,2017
2017-05-06,408.744,7,ML-17755,Central,TEC-AC-10004659,Technology,0.2,-81.74880000000002,2017
2017-02-24,4.956,4,CB-12415,East,OFF-BI-10004970,Office Supplies,0.7,-3.4692,2017
2017-06-25,71.04,6,ML-17755,West,OFF-LA-10003923,Office Supplies,0.2,-14.208,2017
2017-06-25,5.344,2,ML-17755,West,OFF-AR-10002257,Office Supplies,0.2,-1.0688,2017
2017-06-25,11.304,3,ML-17755,West,OFF-FA-10004395,Office Supplies,0.2,-2.2608,2017
2017-12-02,294.62,5,JS-16030,Central,OFF-AP-10002534,Office Supplies,0.8,-235.696,2017
2017-12-02,8.752,4,JS-16030,Central,FUR-FU-10004020,Furniture,0.6,-5.2512,2017
2017-04-11,199.95,5,LW-17215,West,TEC-AC-10001767,Technology,0.0,0.0,2017
2017-04-11,41.86,7,LW-17215,West,OFF-AR-10001221,Office Supplies,0.0,0.0,2017
2017-12-25,95.94,3,JW-15955,South,OFF-ST-10000563,Office Supplies,0.0,0.0,2017
2017-12-25,304.45,5,JW-15955,South,FUR-CH-10001146,Furniture,0.0,0.0,2017
2017-04-11,11.364,3,SC-20050,Central,OFF-BI-10004738,Office Supplies,0.8,-9.0912,2017
2017-08-03,183.372,2,CM-12190,Central,FUR-BO-10003034,Furniture,0.3,-55.0116,2017
2017-08-20,239.12,5,GM-14500,West,OFF-BI-10002867,Office Supplies,0.2,-47.82400000000001,2017
2017-09-25,8.26,2,CT-11995,Central,OFF-BI-10002976,Office Supplies,0.0,0.0,2017
2017-09-25,269.97,3,CT-11995,Central,FUR-CH-10003061,Furniture,0.0,0.0,2017
2017-11-18,38.864,7,JW-15220,East,OFF-AR-10001860,Office Supplies,0.2,-7.7728,2017
2017-12-22,199.95,5,TP-21130,Central,TEC-AC-10001114,Technology,0.0,0.0,2017
2017-12-22,1586.69,7,TP-21130,Central,FUR-CH-10002335,Furniture,0.0,0.0,2017
2017-12-22,84.99,1,TP-21130,Central,TEC-AC-10000844,Technology,0.0,0.0,2017
2017-12-22,411.8,2,TP-21130,Central,FUR-TA-10004534,Furniture,0.0,0.0,2017
2017-11-20,283.92,5,KA-16525,West,FUR-CH-10003956,Furniture,0.2,-56.78400000000001,2017
2017-11-07,59.97,3,DB-13270,West,TEC-AC-10003289,Technology,0.0,0.0,2017
2017-11-07,761.544,7,DB-13270,West,TEC-PH-10002468,Technology,0.2,-152.3088,2017
2017-09-12,39.9,5,BF-11080,East,OFF-PA-10004082,Office Supplies,0.0,0.0,2017
2017-09-12,90.86,7,BF-11080,East,OFF-AP-10000358,Office Supplies,0.0,0.0,2017
2017-09-12,94.85,5,BF-11080,East,OFF-PA-10004243,Office Supplies,0.0,0.0,2017
2017-02-23,37.44,6,CK-12595,West,OFF-PA-10002870,Office Supplies,0.0,0.0,2017
2017-07-15,26.55,3,MM-17260,East,OFF-BI-10004094,Office Supplies,0.0,0.0,2017
2017-07-15,310.443,3,MM-17260,East,FUR-TA-10004607,Furniture,0.3,-93.13289999999999,2017
2017-09-07,37.68,3,RD-19900,West,OFF-ST-10000649,Office Supplies,0.2,-7.536,2017
2017-09-07,279.944,7,RD-19900,West,TEC-AC-10002926,Technology,0.2,-55.9888,2017
2017-03-24,221.92,4,BM-11650,East,OFF-PA-10000357,Office Supplies,0.0,0.0,2017
2017-03-24,26.0,2,BM-11650,East,TEC-AC-10001266,Technology,0.0,0.0,2017
2017-04-13,5.28,1,RW-19630,West,OFF-PA-10002479,Office Supplies,0.0,0.0,2017
2017-04-13,895.92,5,RW-19630,West,OFF-BI-10003091,Office Supplies,0.2,-179.184,2017
2017-01-07,2.808,3,TS-21085,South,OFF-BI-10000145,Office Supplies,0.7,-1.9656,2017
2017-11-09,215.976,3,JB-15400,West,FUR-CH-10003061,Furniture,0.2,-43.1952,2017
2017-09-22,241.96,2,EH-14005,Central,FUR-BO-10001972,Furniture,0.0,0.0,2017
2017-09-22,27.72,9,EH-14005,Central,OFF-LA-10000134,Office Supplies,0.0,0.0,2017
2017-12-01,104.68,5,EH-14005,East,OFF-EN-10003040,Office Supplies,0.2,-20.936,2017
2017-12-01,62.958,7,EH-14005,East,TEC-PH-10000923,Technology,0.4,-25.1832,2017
2017-11-16,146.82,3,CB-12415,East,OFF-PA-10004092,Office Supplies,0.0,0.0,2017
2017-03-31,84.95,5,DO-13435,East,TEC-PH-10001536,Technology,0.0,0.0,2017
2017-11-19,233.058,3,AF-10870,Central,FUR-CH-10001973,Furniture,0.3,-69.9174,2017
2017-10-21,17.856,4,NK-18490,South,OFF-AR-10004956,Office Supplies,0.2,-3.571200000000001,2017
2017-03-13,314.55,3,KF-16285,West,OFF-PA-10004359,Office Supplies,0.0,0.0,2017
2017-01-27,14.016,3,JH-15820,East,OFF-AR-10004078,Office Supplies,0.2,-2.8032,2017
2017-01-27,71.976,3,JH-15820,East,TEC-AC-10000927,Technology,0.2,-14.3952,2017
2017-01-27,107.982,3,JH-15820,East,TEC-PH-10003931,Technology,0.4,-43.19280000000001,2017
2017-11-19,305.312,2,LC-16930,Central,FUR-CH-10004675,Furniture,0.3,-91.5936,2017
2017-08-01,54.896,2,HK-14890,West,OFF-BI-10002735,Office Supplies,0.2,-10.9792,2017
2017-08-10,70.08,6,IL-15100,Central,OFF-EN-10003134,Office Supplies,0.0,0.0,2017
2017-08-10,121.3,2,IL-15100,Central,FUR-FU-10003708,Furniture,0.0,0.0,2017
2017-08-10,1454.49,9,IL-15100,Central,TEC-PH-10003645,Technology,0.0,0.0,2017
2017-11-21,27.42,1,SW-20275,East,FUR-FU-10003535,Furniture,0.0,0.0,2017
2017-10-01,1.44,1,NS-18505,West,OFF-BI-10002012,Office Supplies,0.2,-0.288,2017
2017-10-01,61.776,13,NS-18505,West,OFF-BI-10001922,Office Supplies,0.2,-12.3552,2017
2017-10-01,241.96,2,NS-18505,West,OFF-AP-10000576,Office Supplies,0.0,0.0,2017
2017-10-01,108.608,4,NS-18505,West,FUR-CH-10000553,Furniture,0.2,-21.7216,2017
2017-07-28,9.984,4,MH-17620,West,OFF-BI-10000145,Office Supplies,0.2,-1.9968,2017
2017-07-28,14.98,1,MH-17620,West,OFF-ST-10001580,Office Supplies,0.0,0.0,2017
2017-07-28,1145.6,4,MH-17620,West,TEC-PH-10001817,Technology,0.2,-229.12,2017
2017-07-31,54.816,3,EA-14035,East,OFF-PA-10003790,Office Supplies,0.2,-10.9632,2017
2017-07-29,2.896,2,LA-16780,Central,OFF-FA-10003059,Office Supplies,0.2,-0.5792,2017
2017-07-29,124.792,1,LA-16780,Central,TEC-PH-10002496,Technology,0.2,-24.9584,2017
2017-06-26,526.45,5,DB-13405,Central,FUR-FU-10000293,Furniture,0.0,0.0,2017
2017-07-09,228.92,5,JH-15820,Central,OFF-ST-10003692,Office Supplies,0.2,-45.784,2017
2017-12-05,205.03,7,QJ-19255,East,TEC-AC-10001013,Technology,0.0,0.0,2017
2017-04-20,44.4,2,SJ-20125,Central,FUR-FU-10004597,Furniture,0.6,-26.64,2017
2017-11-21,56.56,2,BF-11005,West,OFF-ST-10003442,Office Supplies,0.0,0.0,2017
2017-11-21,5.56,2,BF-11005,West,OFF-AR-10003856,Office Supplies,0.0,0.0,2017
2017-11-21,9.02,2,BF-11005,West,OFF-FA-10004248,Office Supplies,0.0,0.0,2017
2017-11-21,8.62,1,BF-11005,West,OFF-AP-10001492,Office Supplies,0.0,0.0,2017
2017-11-21,659.976,3,BF-11005,West,TEC-PH-10004165,Technology,0.2,-131.9952,2017
2017-06-16,1212.96,7,TS-21610,West,FUR-CH-10000015,Furniture,0.2,-242.592,2017
2017-06-16,18.54,2,TS-21610,West,OFF-PA-10001776,Office Supplies,0.0,0.0,2017
2017-02-06,359.97,3,MV-17485,South,FUR-BO-10004015,Furniture,0.0,0.0,2017
2017-10-12,7.968,2,SM-20320,South,OFF-PA-10003919,Office Supplies,0.2,-1.5936,2017
2017-09-17,12.96,2,TP-21415,West,OFF-PA-10002001,Office Supplies,0.0,0.0,2017
2017-12-20,6.48,1,DK-13225,East,OFF-PA-10002787,Office Supplies,0.0,0.0,2017
2017-12-20,6.984,1,DK-13225,East,OFF-BI-10003291,Office Supplies,0.2,-1.3968,2017
2017-12-02,47.96,5,MK-17905,South,OFF-AR-10004344,Office Supplies,0.2,-9.592,2017
2017-10-30,97.568,2,JK-15625,West,FUR-CH-10003833,Furniture,0.2,-19.5136,2017
2017-10-30,614.272,8,JK-15625,West,FUR-CH-10004289,Furniture,0.2,-122.8544,2017
2017-10-30,199.98,2,JK-15625,West,FUR-BO-10004467,Furniture,0.0,0.0,2017
2017-11-17,35.04,2,CS-12355,South,OFF-AP-10004036,Office Supplies,0.0,0.0,2017
2017-06-01,17.48,5,BB-10990,East,OFF-AP-10002287,Office Supplies,0.2,-3.496,2017
2017-06-10,16.4,5,BW-11200,West,OFF-AR-10002375,Office Supplies,0.0,0.0,2017
2017-01-08,892.98,2,RS-19420,West,FUR-TA-10001950,Furniture,0.0,0.0,2017
2017-12-23,181.95,3,FM-14215,East,FUR-FU-10003708,Furniture,0.0,0.0,2017
2017-09-17,723.92,4,MO-17800,South,FUR-CH-10000785,Furniture,0.0,0.0,2017
2017-09-17,106.32,3,MO-17800,South,OFF-PA-10000474,Office Supplies,0.0,0.0,2017
2017-11-05,390.75,5,SV-20935,East,TEC-AC-10001432,Technology,0.0,0.0,2017
2017-06-11,280.792,1,BC-11125,West,FUR-CH-10001394,Furniture,0.2,-56.1584,2017
2017-06-11,68.448,4,BC-11125,West,OFF-ST-10002370,Office Supplies,0.2,-13.6896,2017
2017-06-11,88.04,5,BC-11125,West,OFF-AR-10002956,Office Supplies,0.2,-17.608,2017
2017-06-11,15.872,1,BC-11125,West,OFF-AR-10001955,Office Supplies,0.2,-3.1744,2017
2017-06-11,215.592,3,BC-11125,West,OFF-ST-10001809,Office Supplies,0.2,-43.11840000000001,2017
2017-07-20,14.62,2,EM-13825,Central,OFF-LA-10004093,Office Supplies,0.0,0.0,2017
2017-07-20,416.32,2,EM-13825,Central,OFF-AP-10002118,Office Supplies,0.0,0.0,2017
2017-07-20,43.0,5,EM-13825,Central,OFF-BI-10000404,Office Supplies,0.0,0.0,2017
2017-07-20,182.94,3,EM-13825,Central,FUR-CH-10003833,Furniture,0.0,0.0,2017
2017-07-20,60.83,7,EM-13825,Central,OFF-BI-10002072,Office Supplies,0.0,0.0,2017
2017-07-20,389.97,3,EM-13825,Central,TEC-AC-10003095,Technology,0.0,0.0,2017
2017-03-20,265.93,7,HW-14935,West,TEC-AC-10000358,Technology,0.0,0.0,2017
2017-09-23,14.352,3,KN-16705,West,OFF-EN-10004147,Office Supplies,0.2,-2.8704,2017
2017-03-21,277.4,5,RW-19690,Central,OFF-PA-10004071,Office Supplies,0.0,0.0,2017
2017-03-21,5.78,1,RW-19690,Central,OFF-PA-10004971,Office Supplies,0.0,0.0,2017
2017-12-10,10.86,3,CC-12220,East,OFF-EN-10004030,Office Supplies,0.0,0.0,2017
2017-12-10,426.79,7,CC-12220,East,OFF-AP-10000026,Office Supplies,0.0,0.0,2017
2017-12-02,9.024,6,AM-10360,West,OFF-BI-10004187,Office Supplies,0.2,-1.8048,2017
2017-12-02,69.456,2,AM-10360,West,OFF-BI-10000632,Office Supplies,0.2,-13.8912,2017
2017-12-02,10.86,2,AM-10360,West,OFF-PA-10003724,Office Supplies,0.0,0.0,2017
2017-12-02,79.47,3,AM-10360,West,OFF-AP-10002765,Office Supplies,0.0,0.0,2017
2017-12-02,10.08,6,AM-10360,West,OFF-AR-10001868,Office Supplies,0.0,0.0,2017
2017-04-16,13.71,5,RF-19840,East,OFF-BI-10001553,Office Supplies,0.7,-9.597,2017
2017-02-10,23.12,4,MN-17935,East,OFF-PA-10002464,Office Supplies,0.0,0.0,2017
2017-07-07,252.0,4,MP-17965,East,TEC-AC-10004353,Technology,0.0,0.0,2017
2017-01-24,5.67,3,TP-21130,South,OFF-FA-10000053,Office Supplies,0.0,0.0,2017
2017-03-25,176.04,4,CV-12295,West,OFF-AP-10002403,Office Supplies,0.0,0.0,2017
2017-03-25,16.02,9,CV-12295,West,OFF-AR-10003087,Office Supplies,0.0,0.0,2017
2017-03-25,185.92,4,CV-12295,West,OFF-BI-10002026,Office Supplies,0.2,-37.184,2017
2017-03-25,211.168,4,CV-12295,West,TEC-PH-10000141,Technology,0.2,-42.2336,2017
2017-03-25,479.984,2,CV-12295,West,TEC-CO-10000971,Technology,0.2,-95.99680000000001,2017
2017-08-14,5.76,2,NP-18700,West,OFF-LA-10001613,Office Supplies,0.0,0.0,2017
2017-08-14,16.68,6,NP-18700,West,OFF-AR-10000246,Office Supplies,0.0,0.0,2017
2017-09-09,628.81,7,SB-20290,South,OFF-ST-10001809,Office Supplies,0.0,0.0,2017
2017-09-09,56.45,5,SB-20290,South,OFF-ST-10002214,Office Supplies,0.0,0.0,2017
2017-04-01,94.2,6,AS-10090,Central,OFF-ST-10000649,Office Supplies,0.0,0.0,2017
2017-04-01,28.4,5,AS-10090,Central,OFF-EN-10001990,Office Supplies,0.0,0.0,2017
2017-10-07,1115.91,9,MG-18145,West,TEC-AC-10002049,Technology,0.0,0.0,2017
2017-10-07,128.744,7,MG-18145,West,TEC-PH-10003555,Technology,0.2,-25.7488,2017
2017-10-07,79.92,10,MG-18145,West,TEC-PH-10000702,Technology,0.2,-15.984,2017
2017-01-20,24.2,5,TM-21010,West,OFF-AR-10003631,Office Supplies,0.0,0.0,2017
2017-01-20,359.976,3,TM-21010,West,TEC-PH-10003072,Technology,0.2,-71.9952,2017
2017-03-23,211.84,8,BE-11335,West,FUR-FU-10000758,Furniture,0.0,0.0,2017
2017-10-12,595.0,5,ML-18040,West,TEC-AC-10002842,Technology,0.0,0.0,2017
2017-10-12,79.872,3,ML-18040,West,OFF-BI-10002082,Office Supplies,0.2,-15.9744,2017
2017-11-09,63.56,2,MC-17590,West,OFF-ST-10002289,Office Supplies,0.0,0.0,2017
2017-11-09,99.99,1,MC-17590,West,TEC-AC-10004171,Technology,0.0,0.0,2017
2017-12-25,158.928,7,SV-20935,East,TEC-AC-10002473,Technology,0.2,-31.7856,2017
2017-12-25,13.023,1,SV-20935,East,OFF-BI-10000632,Office Supplies,0.7,-9.1161,2017
2017-12-25,273.06,2,SV-20935,East,FUR-TA-10002645,Furniture,0.4,-109.224,2017
2017-12-25,39.312,13,SV-20935,East,OFF-FA-10002975,Office Supplies,0.2,-7.8624,2017
2017-05-13,58.48,8,RB-19795,West,OFF-LA-10000240,Office Supplies,0.0,0.0,2017
2017-12-28,7.4,2,HM-14860,West,FUR-FU-10001935,Furniture,0.0,0.0,2017
2017-05-28,54.368,4,JH-15910,Central,TEC-PH-10001536,Technology,0.2,-10.8736,2017
2017-07-03,545.85,9,CA-12265,West,FUR-FU-10003708,Furniture,0.0,0.0,2017
2017-07-17,7.904,2,SW-20455,South,FUR-FU-10002597,Furniture,0.2,-1.5808,2017
2017-03-17,18.75,5,DB-13405,East,OFF-LA-10000081,Office Supplies,0.0,0.0,2017
2017-03-17,119.7,6,DB-13405,East,TEC-PH-10000149,Technology,0.0,0.0,2017
2017-03-17,9.144,3,DB-13405,East,OFF-BI-10000605,Office Supplies,0.2,-1.8288,2017
2017-03-17,57.06,3,DB-13405,East,TEC-AC-10002399,Technology,0.0,0.0,2017
2017-03-17,71.6,8,DB-13405,East,TEC-AC-10003038,Technology,0.0,0.0,2017
2017-03-17,107.44,8,DB-13405,East,OFF-ST-10000344,Office Supplies,0.0,0.0,2017
2017-03-17,7.31,1,DB-13405,East,OFF-LA-10004093,Office Supplies,0.0,0.0,2017
2017-03-17,59.1,6,DB-13405,East,OFF-AR-10001683,Office Supplies,0.0,0.0,2017
2017-03-17,46.53,3,DB-13405,East,OFF-ST-10003455,Office Supplies,0.0,0.0,2017
2017-08-15,97.84,2,JG-15160,East,OFF-AP-10002578,Office Supplies,0.0,0.0,2017
2017-12-03,83.92,5,CS-12460,East,OFF-BI-10001524,Office Supplies,0.2,-16.784,2017
2017-12-03,14.624,2,CS-12460,East,OFF-BI-10001553,Office Supplies,0.2,-2.9248,2017
2017-12-03,136.99,1,CS-12460,East,TEC-PH-10000576,Technology,0.0,0.0,2017
2017-12-03,3.15,1,CS-12460,East,OFF-LA-10001317,Office Supplies,0.0,0.0,2017
2017-05-04,9.11,1,MK-18160,South,OFF-PA-10000726,Office Supplies,0.0,0.0,2017
2017-05-04,571.44,4,MK-18160,South,OFF-ST-10003306,Office Supplies,0.0,0.0,2017
2017-05-04,32.4,5,MK-18160,South,OFF-PA-10004983,Office Supplies,0.0,0.0,2017
2017-05-04,16.91,1,MK-18160,South,OFF-ST-10001291,Office Supplies,0.0,0.0,2017
2017-09-04,1322.352,3,GM-14695,West,FUR-TA-10000198,Furniture,0.2,-264.4704,2017
2017-06-19,11.184,1,FO-14305,Central,OFF-SU-10002557,Office Supplies,0.2,-2.2368,2017
2017-06-19,153.584,2,FO-14305,Central,OFF-ST-10003656,Office Supplies,0.2,-30.7168,2017
2017-12-24,1003.62,6,AH-10210,West,OFF-ST-10001097,Office Supplies,0.0,0.0,2017
2017-08-28,35.168,4,KN-16705,West,TEC-PH-10000912,Technology,0.2,-7.0336,2017
2017-08-28,1137.75,5,KN-16705,West,FUR-TA-10000617,Furniture,0.0,0.0,2017
2017-08-28,99.68,5,KN-16705,West,OFF-BI-10001658,Office Supplies,0.2,-19.936,2017
2017-08-28,5.56,2,KN-16705,West,OFF-AR-10003856,Office Supplies,0.0,0.0,2017
2017-06-22,37.608,3,DC-12850,South,OFF-EN-10004483,Office Supplies,0.2,-7.521599999999999,2017
2017-06-17,12.224,2,LS-17200,Central,OFF-PA-10001892,Office Supplies,0.2,-2.4448,2017
2017-06-17,2.304,4,LS-17200,Central,OFF-BI-10000546,Office Supplies,0.8,-1.8432,2017
2017-06-17,9.36,4,LS-17200,Central,OFF-BI-10001294,Office Supplies,0.8,-7.488,2017
2017-03-02,196.776,3,MY-17380,West,TEC-PH-10000675,Technology,0.2,-39.3552,2017
2017-03-02,479.94,6,MY-17380,West,TEC-AC-10000580,Technology,0.0,0.0,2017
2017-12-02,45.66,5,DB-12910,South,OFF-BI-10002429,Office Supplies,0.7,-31.962,2017
2017-05-02,129.93,3,DW-13585,East,FUR-FU-10003975,Furniture,0.0,0.0,2017
2017-08-15,1801.632,6,DL-13495,East,OFF-ST-10004459,Office Supplies,0.2,-360.3264,2017
2017-04-16,205.92,4,JE-15745,West,OFF-ST-10004804,Office Supplies,0.0,0.0,2017
2017-04-16,102.833,1,JE-15745,West,FUR-BO-10001337,Furniture,0.15,-15.42495,2017
2017-11-19,821.88,6,AB-10105,South,FUR-FU-10004665,Furniture,0.0,0.0,2017
2017-11-19,21.96,2,AB-10105,South,OFF-BI-10000088,Office Supplies,0.0,0.0,2017
2017-12-21,71.0,4,BD-11635,South,TEC-AC-10003116,Technology,0.0,0.0,2017
2017-11-01,25.12,5,SF-20200,West,OFF-BI-10001308,Office Supplies,0.2,-5.024000000000001,2017
2017-11-01,2665.62,9,SF-20200,West,FUR-TA-10003954,Furniture,0.0,0.0,2017
2017-09-07,478.08,8,SP-20620,East,OFF-ST-10003282,Office Supplies,0.0,0.0,2017
2017-12-27,164.388,2,DR-12880,East,TEC-PH-10000576,Technology,0.4,-65.7552,2017
2017-12-27,13.248,4,DR-12880,East,OFF-AR-10004441,Office Supplies,0.2,-2.6496,2017
2017-07-16,2.912,2,VM-21685,Central,OFF-AR-10003759,Office Supplies,0.2,-0.5824,2017
2017-07-09,526.45,5,SM-20320,Central,FUR-FU-10000293,Furniture,0.0,0.0,2017
2017-06-30,248.57,7,RA-19285,East,OFF-ST-10001476,Office Supplies,0.0,0.0,2017
2017-06-30,22.23,1,RA-19285,East,FUR-FU-10002045,Furniture,0.0,0.0,2017
2017-11-24,79.1,2,RS-19765,South,TEC-PH-10002807,Technology,0.0,0.0,2017
2017-11-24,327.84,8,RS-19765,South,OFF-BI-10001597,Office Supplies,0.0,0.0,2017
2017-05-13,180.96,2,BM-11650,Central,OFF-EN-10003296,Office Supplies,0.0,0.0,2017
2017-05-13,914.97,3,BM-11650,Central,OFF-BI-10004632,Office Supplies,0.0,0.0,2017
2017-05-13,587.97,3,BM-11650,Central,TEC-PH-10002310,Technology,0.0,0.0,2017
2017-05-13,530.34,2,BM-11650,Central,OFF-ST-10000078,Office Supplies,0.0,0.0,2017
2017-05-13,14.94,3,BM-11650,Central,OFF-PA-10001752,Office Supplies,0.0,0.0,2017
2017-04-23,121.94,2,SK-19990,East,OFF-AP-10000026,Office Supplies,0.0,0.0,2017
2017-04-23,122.71,7,SK-19990,East,OFF-SU-10002573,Office Supplies,0.0,0.0,2017
2017-04-01,5.78,2,MS-17365,West,OFF-LA-10003663,Office Supplies,0.0,0.0,2017
2017-04-01,121.68,13,MS-17365,West,OFF-BI-10001294,Office Supplies,0.2,-24.336,2017
2017-12-22,4.17,3,JM-15655,West,OFF-AR-10000369,Office Supplies,0.0,0.0,2017
2017-12-22,67.04,4,JM-15655,West,TEC-PH-10001300,Technology,0.2,-13.408,2017
2017-12-22,37.32,3,JM-15655,West,OFF-ST-10000876,Office Supplies,0.0,0.0,2017
2017-12-22,18.45,5,JM-15655,West,OFF-LA-10001404,Office Supplies,0.0,0.0,2017
2017-10-22,11199.968,4,TA-21385,East,TEC-CO-10004722,Technology,0.2,-2239.9936,2017
2017-10-22,2399.6,8,TA-21385,East,TEC-PH-10001494,Technology,0.0,0.0,2017
2017-10-22,63.9,5,TA-21385,East,OFF-EN-10002500,Office Supplies,0.0,0.0,2017
2017-10-22,52.99,1,TA-21385,East,TEC-PH-10003800,Technology,0.0,0.0,2017
2017-11-13,60.864,4,SB-20290,East,TEC-AC-10002399,Technology,0.2,-12.1728,2017
2017-11-13,652.995,7,SB-20290,East,TEC-MA-10002210,Technology,0.7,-457.0965,2017
2017-11-13,11.22,10,SB-20290,East,OFF-BI-10003196,Office Supplies,0.7,-7.854,2017
2017-05-15,39.96,2,JF-15295,West,FUR-FU-10000076,Furniture,0.0,0.0,2017
2017-05-15,42.624,2,JF-15295,West,FUR-CH-10002017,Furniture,0.2,-8.5248,2017
2017-05-15,220.96,1,JF-15295,West,FUR-CH-10004287,Furniture,0.2,-44.19200000000001,2017
2017-06-12,19.04,4,SB-20170,East,OFF-PA-10000697,Office Supplies,0.0,0.0,2017
2017-06-12,13.128,3,SB-20170,East,OFF-BI-10000848,Office Supplies,0.2,-2.6256,2017
2017-06-12,64.14,3,SB-20170,East,OFF-AR-10004691,Office Supplies,0.0,0.0,2017
2017-06-12,858.24,4,SB-20170,East,FUR-CH-10000595,Furniture,0.1,-85.82400000000001,2017
2017-09-17,10.776,3,AS-10225,West,OFF-BI-10000829,Office Supplies,0.2,-2.1552,2017
2017-09-17,11.784,3,AS-10225,West,OFF-BI-10003712,Office Supplies,0.2,-2.3568,2017
2017-09-17,164.88,3,AS-10225,West,OFF-PA-10000062,Office Supplies,0.0,0.0,2017
2017-09-17,1292.94,3,AS-10225,West,FUR-BO-10003404,Furniture,0.0,0.0,2017
2017-09-17,25.584,2,AS-10225,West,OFF-BI-10004233,Office Supplies,0.2,-5.1168,2017
2017-09-17,261.74,2,AS-10225,West,OFF-ST-10001272,Office Supplies,0.0,0.0,2017
2017-09-17,14.4,5,AS-10225,West,OFF-LA-10001175,Office Supplies,0.0,0.0,2017
2017-11-28,1979.89,11,DG-13300,East,TEC-PH-10002834,Technology,0.0,0.0,2017
2017-11-28,79.96,2,DG-13300,East,OFF-EN-10003055,Office Supplies,0.0,0.0,2017
2017-04-14,8.76,2,CL-12700,Central,OFF-BI-10003460,Office Supplies,0.0,0.0,2017
2017-12-03,166.44,3,TC-21295,West,OFF-PA-10000357,Office Supplies,0.0,0.0,2017
2017-11-27,8.76,5,DB-13615,South,OFF-AR-10000422,Office Supplies,0.2,-1.752,2017
2017-11-27,43.584,1,DB-13615,South,OFF-AP-10001205,Office Supplies,0.2,-8.716800000000001,2017
2017-01-21,14.4,5,MH-18115,Central,OFF-BI-10000546,Office Supplies,0.0,0.0,2017
2017-01-21,619.95,5,MH-18115,Central,TEC-AC-10002049,Technology,0.0,0.0,2017
2017-01-21,89.52,4,MH-18115,Central,OFF-BI-10001196,Office Supplies,0.0,0.0,2017
2017-01-21,350.973,3,MH-18115,Central,TEC-MA-10002981,Technology,0.1,-35.0973,2017
2017-01-21,164.99,1,MH-18115,Central,TEC-PH-10003601,Technology,0.0,0.0,2017
2017-06-29,312.552,9,CT-11995,West,OFF-BI-10000632,Office Supplies,0.2,-62.5104,2017
2017-12-04,5.346,3,CM-12160,East,OFF-BI-10004364,Office Supplies,0.7,-3.7422,2017
2017-07-11,132.6,6,JD-16015,East,TEC-AC-10002323,Technology,0.0,0.0,2017
2017-06-16,16.68,2,AB-10255,West,OFF-SU-10001165,Office Supplies,0.0,0.0,2017
2017-06-16,19.44,3,AB-10255,West,OFF-PA-10001246,Office Supplies,0.0,0.0,2017
2017-06-16,192.16,4,AB-10255,West,OFF-PA-10001815,Office Supplies,0.0,0.0,2017
2017-10-09,45.888,4,CP-12085,East,FUR-FU-10003577,Furniture,0.2,-9.1776,2017
2017-07-29,60.12,9,GM-14440,East,OFF-AR-10002656,Office Supplies,0.0,0.0,2017
2017-08-26,71.98,2,SC-20680,South,TEC-AC-10000158,Technology,0.0,0.0,2017
2017-12-21,124.36,2,SE-20110,West,OFF-ST-10004340,Office Supplies,0.0,0.0,2017
2017-11-07,359.97,5,EP-13915,East,TEC-PH-10003811,Technology,0.4,-143.988,2017
2017-11-07,350.352,4,EP-13915,East,FUR-TA-10000849,Furniture,0.4,-140.1408,2017
2017-12-22,1.641,1,SK-19990,East,OFF-BI-10000848,Office Supplies,0.7,-1.1487,2017
2017-12-22,629.958,7,SK-19990,East,TEC-PH-10003072,Technology,0.4,-251.9832,2017
2017-02-13,6.63,3,FH-14350,West,OFF-AR-10001547,Office Supplies,0.0,0.0,2017
2017-02-13,799.96,4,FH-14350,West,TEC-AC-10001838,Technology,0.0,0.0,2017
2017-02-13,107.53,1,FH-14350,West,FUR-FU-10004017,Furniture,0.0,0.0,2017
2017-04-16,477.24,4,EB-13750,South,OFF-SU-10000157,Office Supplies,0.0,0.0,2017
2017-04-16,25.98,2,EB-13750,South,TEC-AC-10004227,Technology,0.0,0.0,2017
2017-08-07,79.992,1,FM-14380,South,TEC-AC-10004571,Technology,0.2,-15.9984,2017
2017-10-12,0.99,1,NK-18490,West,TEC-AC-10003709,Technology,0.0,0.0,2017
2017-10-12,101.84,5,NK-18490,West,OFF-BI-10001191,Office Supplies,0.2,-20.368,2017
2017-06-22,10.332,3,PL-18925,East,OFF-BI-10003166,Office Supplies,0.7,-7.2324,2017
2017-06-22,31.155,5,PL-18925,East,OFF-BI-10003982,Office Supplies,0.7,-21.8085,2017
2017-06-22,8.928,2,PL-18925,East,OFF-ST-10004835,Office Supplies,0.2,-1.7856,2017
2017-01-15,34.384,1,RW-19690,East,OFF-AP-10000159,Office Supplies,0.2,-6.8768,2017
2017-01-15,1924.16,8,RW-19690,East,OFF-AP-10002945,Office Supplies,0.2,-384.8320000000001,2017
2017-12-10,19.104,3,BT-11680,South,FUR-FU-10001940,Furniture,0.2,-3.8208,2017
2017-11-11,10.368,2,ML-17755,East,OFF-PA-10004451,Office Supplies,0.2,-2.0736,2017
2017-04-30,23.68,8,SS-20140,South,FUR-FU-10001935,Furniture,0.2,-4.736,2017
2017-04-30,2.376,3,SS-20140,South,TEC-AC-10003433,Technology,0.2,-0.4752,2017
2017-05-06,59.2,4,TC-21295,East,OFF-LA-10004544,Office Supplies,0.0,0.0,2017
2017-11-20,22.0,10,HG-15025,Central,OFF-AR-10001026,Office Supplies,0.0,0.0,2017
2017-10-20,13.36,4,IG-15085,South,OFF-AR-10002257,Office Supplies,0.0,0.0,2017
2017-10-20,39.96,2,IG-15085,South,OFF-PA-10001019,Office Supplies,0.0,0.0,2017
2017-10-20,145.85,5,IG-15085,South,OFF-BI-10003364,Office Supplies,0.0,0.0,2017
2017-11-03,41.37,3,DL-13330,West,FUR-FU-10000629,Furniture,0.0,0.0,2017
2017-09-18,8.928,2,DC-12850,Central,OFF-AR-10000122,Office Supplies,0.2,-1.7856,2017
2017-09-18,47.584,2,DC-12850,Central,OFF-ST-10000352,Office Supplies,0.2,-9.516800000000002,2017
2017-01-26,15.47,7,CA-11965,South,OFF-AR-10001547,Office Supplies,0.0,0.0,2017
2017-01-26,7.16,2,CA-11965,South,OFF-BI-10001890,Office Supplies,0.0,0.0,2017
2017-11-11,10.89,1,GA-14725,West,OFF-AP-10003971,Office Supplies,0.0,0.0,2017
2017-11-11,19.44,3,GA-14725,West,OFF-PA-10000520,Office Supplies,0.0,0.0,2017
2017-11-11,121.6,5,GA-14725,West,OFF-BI-10000977,Office Supplies,0.2,-24.32,2017
2017-08-31,229.544,7,RL-19615,South,OFF-PA-10000100,Office Supplies,0.2,-45.90880000000001,2017
2017-03-23,143.728,2,AC-10660,Central,OFF-ST-10001809,Office Supplies,0.2,-28.7456,2017
2017-05-18,36.048,3,BH-11710,East,TEC-AC-10000387,Technology,0.2,-7.209600000000001,2017
2017-11-17,50.94,3,XP-21865,East,OFF-AR-10001958,Office Supplies,0.0,0.0,2017
2017-09-10,762.594,3,SN-20560,Central,OFF-BI-10003527,Office Supplies,0.8,-610.0752000000001,2017
2017-04-08,56.28,6,DM-13345,South,FUR-FU-10003832,Furniture,0.0,0.0,2017
2017-04-08,2690.97,3,DM-13345,South,OFF-BI-10001359,Office Supplies,0.0,0.0,2017
2017-12-17,28.16,4,VF-21715,Central,OFF-PA-10001745,Office Supplies,0.0,0.0,2017
2017-08-20,40.29,3,EM-13810,East,OFF-ST-10000344,Office Supplies,0.0,0.0,2017
2017-07-25,20.23,7,RB-19360,Central,OFF-LA-10003663,Office Supplies,0.0,0.0,2017
2017-05-19,67.8,4,SC-20380,South,TEC-AC-10003441,Technology,0.0,0.0,2017
2017-05-19,377.97,3,SC-20380,South,TEC-PH-10004389,Technology,0.0,0.0,2017
2017-05-19,1628.82,9,SC-20380,South,FUR-BO-10004695,Furniture,0.0,0.0,2017
2017-05-19,286.93,7,SC-20380,South,OFF-PA-10000100,Office Supplies,0.0,0.0,2017
2017-08-12,20.736,4,RH-19495,South,OFF-PA-10000223,Office Supplies,0.2,-4.147200000000001,2017
2017-08-13,31.44,3,JK-15370,West,OFF-ST-10001325,Office Supplies,0.0,0.0,2017
2017-08-13,83.79,7,JK-15370,West,OFF-AP-10004249,Office Supplies,0.0,0.0,2017
2017-08-13,59.52,3,JK-15370,West,OFF-AR-10000588,Office Supplies,0.0,0.0,2017
2017-08-13,31.92,4,JK-15370,West,OFF-SU-10000946,Office Supplies,0.0,0.0,2017
2017-06-12,17.088,2,LC-16885,South,FUR-FU-10001546,Furniture,0.2,-3.4176,2017
2017-06-15,4.26,1,SC-20800,West,OFF-AR-10002399,Office Supplies,0.0,0.0,2017
2017-11-16,811.28,8,SW-20275,West,OFF-ST-10001963,Office Supplies,0.0,0.0,2017
2017-12-29,6.03,3,MC-17845,East,OFF-FA-10002988,Office Supplies,0.0,0.0,2017
2017-12-18,6.63,3,EP-13915,West,OFF-AR-10003811,Office Supplies,0.0,0.0,2017
2017-12-18,12.96,2,EP-13915,West,OFF-PA-10003172,Office Supplies,0.0,0.0,2017
2017-12-18,32.4,5,EP-13915,West,OFF-PA-10000289,Office Supplies,0.0,0.0,2017
2017-11-02,23.85,5,KH-16630,West,OFF-PA-10000791,Office Supplies,0.0,0.0,2017
2017-10-23,11.56,2,JC-16105,East,OFF-PA-10003739,Office Supplies,0.0,0.0,2017
2017-10-23,26.4,5,JC-16105,East,OFF-PA-10002479,Office Supplies,0.0,0.0,2017
2017-10-23,69.08,11,JC-16105,East,FUR-FU-10000771,Furniture,0.0,0.0,2017
2017-10-23,35.88,3,JC-16105,East,TEC-PH-10001552,Technology,0.0,0.0,2017
2017-09-11,184.66,7,DB-12910,South,OFF-PA-10003656,Office Supplies,0.0,0.0,2017
2017-11-03,8.56,2,DL-12925,Central,OFF-PA-10000327,Office Supplies,0.0,0.0,2017
2017-11-03,52.4,5,DL-12925,Central,OFF-ST-10001325,Office Supplies,0.0,0.0,2017
2017-11-03,14.94,3,DL-12925,Central,OFF-LA-10001771,Office Supplies,0.0,0.0,2017
2017-02-19,11.22,3,ME-17725,West,OFF-FA-10004968,Office Supplies,0.0,0.0,2017
2017-08-27,5.952,1,SE-20110,Central,OFF-AR-10003338,Office Supplies,0.2,-1.1904,2017
2017-01-30,129.3,2,MM-17920,West,OFF-ST-10001511,Office Supplies,0.0,0.0,2017
2017-07-10,18.84,3,BP-11155,South,FUR-FU-10000771,Furniture,0.0,0.0,2017
2017-06-04,8.64,3,CT-11995,Central,OFF-AR-10002255,Office Supplies,0.0,0.0,2017
2017-10-19,1633.188,4,TH-21550,South,OFF-BI-10004995,Office Supplies,0.7,-1143.2316,2017
2017-11-18,19.76,4,ME-17320,Central,FUR-FU-10002597,Furniture,0.0,0.0,2017
2017-03-25,90.99,1,JD-16150,Central,FUR-CH-10000422,Furniture,0.0,0.0,2017
2017-03-25,1526.56,7,JD-16150,Central,FUR-CH-10004675,Furniture,0.0,0.0,2017
2017-03-25,368.97,3,JD-16150,Central,FUR-CH-10002880,Furniture,0.0,0.0,2017
2017-11-19,305.01,9,MC-18100,West,OFF-ST-10000675,Office Supplies,0.0,0.0,2017
2017-11-19,18.7,1,MC-18100,West,FUR-FU-10002685,Furniture,0.0,0.0,2017
2017-12-14,26.25,3,MP-18175,West,FUR-FU-10004963,Furniture,0.0,0.0,2017
2017-12-14,64.96,14,MP-18175,West,OFF-BI-10000174,Office Supplies,0.2,-12.992,2017
2017-12-14,43.7,5,MP-18175,West,OFF-EN-10000461,Office Supplies,0.0,0.0,2017
2017-11-12,41.6,4,EM-14140,West,TEC-AC-10001266,Technology,0.2,-8.32,2017
2017-11-12,23.12,5,EM-14140,West,OFF-PA-10002160,Office Supplies,0.2,-4.624000000000001,2017
2017-11-12,113.888,2,EM-14140,West,FUR-CH-10004875,Furniture,0.2,-22.7776,2017
2017-11-12,113.568,2,EM-14140,West,FUR-FU-10000305,Furniture,0.2,-22.7136,2017
2017-11-12,7.92,2,EM-14140,West,TEC-PH-10000347,Technology,0.2,-1.584,2017
2017-11-12,671.984,2,EM-14140,West,TEC-PH-10001459,Technology,0.2,-134.3968,2017
2017-06-27,191.646,3,MA-17995,East,FUR-CH-10002647,Furniture,0.1,-19.1646,2017
2017-05-04,2.313,1,SH-20395,East,OFF-BI-10003910,Office Supplies,0.7,-1.6191,2017
2017-04-26,20.34,3,PO-19180,West,OFF-PA-10003673,Office Supplies,0.0,0.0,2017
2017-04-26,39.28,8,PO-19180,West,OFF-LA-10002034,Office Supplies,0.0,0.0,2017
2017-12-16,81.568,2,AY-10555,West,FUR-CH-10002774,Furniture,0.2,-16.3136,2017
2017-12-16,97.184,2,AY-10555,West,FUR-CH-10003817,Furniture,0.2,-19.4368,2017
2017-12-16,24.32,5,AY-10555,West,OFF-BI-10002949,Office Supplies,0.2,-4.864000000000001,2017
2017-12-16,18.96,2,AY-10555,West,FUR-FU-10002445,Furniture,0.0,0.0,2017
2017-11-06,499.584,3,JF-15565,South,OFF-AP-10002118,Office Supplies,0.2,-99.91680000000001,2017
2017-11-06,31.104,6,JF-15565,South,OFF-PA-10001800,Office Supplies,0.2,-6.220800000000001,2017
2017-11-06,13.272,8,JF-15565,South,OFF-BI-10002827,Office Supplies,0.7,-9.2904,2017
2017-11-06,28.272,2,JF-15565,South,FUR-FU-10004671,Furniture,0.2,-5.6544,2017
2017-11-06,259.136,4,JF-15565,South,OFF-ST-10000736,Office Supplies,0.2,-51.8272,2017
2017-12-16,10.8,5,AR-10510,Central,OFF-BI-10004656,Office Supplies,0.0,0.0,2017
2017-12-04,188.552,7,DV-13045,East,FUR-CH-10001797,Furniture,0.3,-56.5656,2017
2017-10-03,22.58,2,HL-15040,East,OFF-ST-10002214,Office Supplies,0.0,0.0,2017
2017-03-11,895.92,4,MJ-17740,Central,OFF-BI-10003091,Office Supplies,0.0,0.0,2017
2017-12-16,33.376,4,RD-19810,East,OFF-BI-10001628,Office Supplies,0.2,-6.6752,2017
2017-10-13,904.9,5,CR-12730,East,OFF-AP-10000828,Office Supplies,0.0,0.0,2017
2017-04-17,12.03,5,SR-20425,West,OFF-BI-10000773,Office Supplies,0.7,-8.421,2017
2017-04-17,2549.985,5,SR-20425,West,TEC-MA-10000822,Technology,0.7,-1784.9895,2017
2017-04-17,21.594,2,SR-20425,West,OFF-BI-10001543,Office Supplies,0.7,-15.1158,2017
2017-04-17,8.964,6,SR-20425,West,OFF-BI-10003355,Office Supplies,0.7,-6.2748,2017
2017-04-17,20.736,4,SR-20425,West,OFF-PA-10002005,Office Supplies,0.2,-4.147200000000001,2017
2017-11-17,327.7328,2,JB-16000,Central,FUR-BO-10002202,Furniture,0.32,-104.874496,2017
2017-04-22,254.352,3,MO-17800,East,FUR-FU-10001488,Furniture,0.2,-50.8704,2017
2017-12-17,504.9,5,AI-10855,South,FUR-CH-10003846,Furniture,0.0,0.0,2017
2017-09-16,20.736,4,AB-10060,East,OFF-PA-10004355,Office Supplies,0.2,-4.147200000000001,2017
2017-10-03,171.288,3,AS-10045,West,FUR-TA-10001520,Furniture,0.2,-34.2576,2017
2017-09-11,12.96,2,KF-16285,West,OFF-PA-10003172,Office Supplies,0.0,0.0,2017
2017-09-11,22.18,2,KF-16285,West,OFF-EN-10002312,Office Supplies,0.0,0.0,2017
2017-09-11,2054.272,8,KF-16285,West,FUR-CH-10002320,Furniture,0.2,-410.8544,2017
2017-11-06,13.9,5,CC-12430,Central,OFF-AR-10001216,Office Supplies,0.0,0.0,2017
2017-11-06,26.38,1,CC-12430,Central,OFF-PA-10003127,Office Supplies,0.0,0.0,2017
2017-04-02,411.8,2,TC-21475,South,FUR-TA-10004534,Furniture,0.0,0.0,2017
2017-04-02,360.0,4,TC-21475,South,TEC-AC-10000892,Technology,0.0,0.0,2017
2017-10-06,41.96,2,NZ-18565,West,FUR-FU-10003247,Furniture,0.0,0.0,2017
2017-10-06,227.84,4,NZ-18565,West,OFF-AP-10004336,Office Supplies,0.0,0.0,2017
2017-10-06,37.94,2,NZ-18565,West,OFF-PA-10001295,Office Supplies,0.0,0.0,2017
2017-10-19,8.96,2,HH-15010,West,OFF-EN-10002973,Office Supplies,0.0,0.0,2017
2017-10-19,31.5,10,HH-15010,West,OFF-LA-10001641,Office Supplies,0.0,0.0,2017
2017-10-19,30.56,2,HH-15010,West,FUR-FU-10003878,Furniture,0.0,0.0,2017
2017-10-19,24.368,2,HH-15010,West,FUR-TA-10003837,Furniture,0.2,-4.8736,2017
2017-03-03,26.88,8,RE-19450,Central,OFF-PA-10001307,Office Supplies,0.2,-5.376,2017
2017-03-13,90.8,8,BF-11215,West,OFF-ST-10000615,Office Supplies,0.0,0.0,2017
2017-03-13,140.736,8,BF-11215,West,TEC-PH-10004531,Technology,0.2,-28.1472,2017
2017-03-13,214.95,5,BF-11215,West,TEC-AC-10004001,Technology,0.0,0.0,2017
2017-03-13,45.36,7,BF-11215,West,OFF-PA-10001534,Office Supplies,0.0,0.0,2017
2017-03-13,288.24,6,BF-11215,West,OFF-PA-10001815,Office Supplies,0.0,0.0,2017
2017-11-30,663.936,4,ML-17755,East,OFF-AP-10003779,Office Supplies,0.2,-132.7872,2017
2017-09-04,12.96,2,KB-16405,West,OFF-PA-10001800,Office Supplies,0.0,0.0,2017
2017-09-04,43.176,3,KB-16405,West,TEC-PH-10003589,Technology,0.2,-8.635200000000001,2017
2017-05-27,58.34,2,DW-13480,South,OFF-BI-10003364,Office Supplies,0.0,0.0,2017
2017-05-27,539.97,3,DW-13480,South,TEC-PH-10002834,Technology,0.0,0.0,2017
2017-02-09,252.784,4,TP-21415,Central,OFF-BI-10004584,Office Supplies,0.8,-202.2272,2017
2017-02-09,127.984,2,TP-21415,Central,TEC-AC-10002402,Technology,0.2,-25.5968,2017
2017-02-09,3.984,2,TP-21415,Central,FUR-FU-10000550,Furniture,0.6,-2.3904,2017
2017-02-09,12.992,2,TP-21415,Central,OFF-AP-10000055,Office Supplies,0.8,-10.3936,2017
2017-03-31,61.0,5,DB-12910,South,FUR-FU-10001591,Furniture,0.0,0.0,2017
2017-03-31,671.93,7,DB-12910,South,TEC-PH-10000526,Technology,0.0,0.0,2017
2017-04-27,33.12,4,CV-12805,Central,OFF-LA-10001158,Office Supplies,0.2,-6.624,2017
2017-04-27,220.2656,4,CV-12805,Central,FUR-BO-10002268,Furniture,0.32,-70.484992,2017
2017-04-14,10.776,3,CS-12355,East,OFF-BI-10000829,Office Supplies,0.2,-2.1552,2017
2017-04-14,242.352,3,CS-12355,East,FUR-BO-10003441,Furniture,0.2,-48.47040000000001,2017
2017-12-22,695.16,6,JG-15310,East,OFF-SU-10003505,Office Supplies,0.0,0.0,2017
2017-12-22,220.98,1,JG-15310,East,FUR-BO-10003660,Furniture,0.0,0.0,2017
2017-03-23,25.68,6,EC-14050,East,OFF-PA-10002741,Office Supplies,0.0,0.0,2017
2017-07-10,298.464,6,FG-14260,Central,OFF-ST-10004340,Office Supplies,0.2,-59.69280000000001,2017
2017-09-08,258.528,2,EB-14110,East,TEC-PH-10002200,Technology,0.4,-103.4112,2017
2017-10-02,49.12,4,BP-11155,East,OFF-PA-10004438,Office Supplies,0.0,0.0,2017
2017-11-12,30.56,5,LS-16975,Central,OFF-BI-10000666,Office Supplies,0.8,-24.448,2017
2017-11-12,77.952,3,LS-16975,Central,OFF-ST-10002583,Office Supplies,0.2,-15.5904,2017
2017-11-12,67.992,1,LS-16975,Central,TEC-PH-10004908,Technology,0.2,-13.5984,2017
2017-11-12,12.224,2,LS-16975,Central,OFF-EN-10001219,Office Supplies,0.2,-2.4448,2017
2017-11-12,44.784,2,LS-16975,Central,TEC-AC-10004568,Technology,0.2,-8.9568,2017
2017-11-12,22.848,3,LS-16975,Central,FUR-FU-10001756,Furniture,0.6,-13.7088,2017
2017-09-25,119.96,5,RB-19360,East,TEC-AC-10003628,Technology,0.2,-23.992,2017
2017-09-25,10.608,6,RB-19360,East,OFF-AR-10001547,Office Supplies,0.2,-2.1216,2017
2017-02-11,963.136,4,CS-11845,West,FUR-CH-10004495,Furniture,0.2,-192.6272,2017
2017-02-11,88.776,3,CS-11845,West,TEC-PH-10002923,Technology,0.2,-17.7552,2017
2017-07-20,735.98,2,SM-20950,Central,OFF-BI-10004600,Office Supplies,0.0,0.0,2017
2017-12-21,23.88,6,PK-19075,South,OFF-BI-10002003,Office Supplies,0.0,0.0,2017
2017-11-11,181.86,7,EP-13915,Central,OFF-AR-10004260,Office Supplies,0.0,0.0,2017
2017-09-23,180.588,2,AP-10915,West,FUR-BO-10001811,Furniture,0.7,-126.4116,2017
2017-09-23,47.984,2,AP-10915,West,TEC-AC-10003280,Technology,0.2,-9.5968,2017
2017-09-10,18.76,2,SH-20395,East,OFF-PA-10004911,Office Supplies,0.0,0.0,2017
2017-12-05,20.94,3,SM-20950,East,FUR-FU-10001487,Furniture,0.0,0.0,2017
2017-12-05,58.68,2,SM-20950,East,FUR-FU-10000521,Furniture,0.0,0.0,2017
2017-12-05,254.9,5,SM-20950,East,OFF-AP-10001271,Office Supplies,0.0,0.0,2017
2017-11-09,9.64,2,BM-11650,East,OFF-BI-10004728,Office Supplies,0.0,0.0,2017
2017-11-09,826.62,3,BM-11650,East,TEC-AC-10004666,Technology,0.0,0.0,2017
2017-11-09,1633.14,9,BM-11650,East,OFF-ST-10003208,Office Supplies,0.0,0.0,2017
2017-11-09,544.38,3,BM-11650,East,OFF-ST-10003208,Office Supplies,0.0,0.0,2017
2017-03-12,69.93,7,KB-16585,East,TEC-PH-10004700,Technology,0.0,0.0,2017
2017-10-20,3.75,1,JE-16165,West,OFF-LA-10003714,Office Supplies,0.0,0.0,2017
2017-10-20,20.928,4,JE-16165,West,OFF-BI-10001787,Office Supplies,0.2,-4.1856,2017
2017-10-02,65.99,1,RW-19630,East,TEC-PH-10002115,Technology,0.0,0.0,2017
2017-06-04,6.37,7,ML-18040,Central,OFF-BI-10002557,Office Supplies,0.8,-5.096,2017
2017-07-22,29.97,3,FH-14365,East,TEC-PH-10000702,Technology,0.0,0.0,2017
2017-12-18,18.704,7,AH-10030,East,OFF-AR-10003183,Office Supplies,0.2,-3.7408,2017
2017-09-22,13.392,3,SH-19975,Central,OFF-EN-10001415,Office Supplies,0.2,-2.6784,2017
2017-09-22,11.228,7,SH-19975,Central,OFF-BI-10000773,Office Supplies,0.8,-8.9824,2017
2017-07-08,75.18,6,VG-21790,West,OFF-LA-10002762,Office Supplies,0.0,0.0,2017
2017-11-10,931.176,3,FH-14275,East,OFF-BI-10003925,Office Supplies,0.2,-186.2352,2017
2017-11-10,430.88,2,FH-14275,East,TEC-PH-10002200,Technology,0.0,0.0,2017
2017-09-01,114.9,5,BN-11515,East,FUR-FU-10004960,Furniture,0.0,0.0,2017
2017-04-16,26.046,3,ND-18370,Central,OFF-BI-10000632,Office Supplies,0.8,-20.8368,2017
2017-04-16,2.896,1,ND-18370,Central,OFF-BI-10001107,Office Supplies,0.8,-2.3168,2017
2017-04-16,32.544,2,ND-18370,Central,OFF-ST-10002301,Office Supplies,0.2,-6.5088,2017
2017-03-31,13.468,13,EG-13900,Central,OFF-BI-10002799,Office Supplies,0.8,-10.7744,2017
2017-12-01,219.8,5,SJ-20215,Central,TEC-PH-10004912,Technology,0.2,-43.96000000000001,2017
2017-12-01,317.058,3,SJ-20215,Central,FUR-CH-10002602,Furniture,0.3,-95.11739999999999,2017
2017-12-10,49.08,3,BP-11185,West,TEC-AC-10004510,Technology,0.0,0.0,2017
2017-12-10,324.9,5,BP-11185,West,OFF-ST-10000060,Office Supplies,0.0,0.0,2017
2017-12-10,18.24,3,BP-11185,West,OFF-AR-10000799,Office Supplies,0.0,0.0,2017
2017-04-17,60.312,3,BG-11740,East,FUR-FU-10001473,Furniture,0.2,-12.0624,2017
2017-10-27,7.056,3,MA-17560,Central,OFF-AR-10003045,Office Supplies,0.2,-1.4112,2017
2017-10-27,27.184,2,MA-17560,Central,TEC-PH-10001536,Technology,0.2,-5.436800000000001,2017
2017-05-08,3359.952,6,PS-19045,West,TEC-CO-10001046,Technology,0.2,-671.9904000000001,2017
2017-11-02,18.24,3,KM-16225,Central,OFF-FA-10003495,Office Supplies,0.0,0.0,2017
2017-11-02,27.78,6,KM-16225,Central,OFF-AR-10004685,Office Supplies,0.0,0.0,2017
2017-02-20,6.56,2,JP-16135,Central,OFF-AR-10002375,Office Supplies,0.0,0.0,2017
2017-02-20,13.11,3,JP-16135,Central,OFF-AP-10000595,Office Supplies,0.0,0.0,2017
2017-10-01,1704.89,11,CM-12655,East,TEC-MA-10002428,Technology,0.0,0.0,2017
2017-11-16,1919.976,3,MW-18235,West,TEC-MA-10000488,Technology,0.2,-383.9952000000001,2017
2017-12-24,271.764,2,HG-15025,East,FUR-CH-10002602,Furniture,0.1,-27.1764,2017
2017-12-24,14.376,3,HG-15025,East,OFF-BI-10001900,Office Supplies,0.2,-2.8752,2017
2017-11-10,341.96,5,EB-13750,Central,FUR-FU-10001468,Furniture,0.6,-205.176,2017
2017-12-14,227.976,3,GM-14455,Central,TEC-AC-10000474,Technology,0.2,-45.59520000000001,2017
2017-12-14,52.68,3,GM-14455,Central,TEC-PH-10003095,Technology,0.2,-10.536,2017
2017-12-14,2.032,1,GM-14455,Central,FUR-FU-10002963,Furniture,0.6,-1.2192,2017
2017-08-21,17.12,4,PR-18880,West,OFF-AR-10000203,Office Supplies,0.0,0.0,2017
2017-08-21,431.968,4,PR-18880,West,TEC-PH-10004667,Technology,0.2,-86.3936,2017
2017-08-21,129.92,4,PR-18880,West,FUR-FU-10000193,Furniture,0.0,0.0,2017
2017-08-21,568.728,3,PR-18880,West,FUR-TA-10001539,Furniture,0.2,-113.7456,2017
2017-08-21,117.144,9,PR-18880,West,OFF-BI-10000962,Office Supplies,0.2,-23.4288,2017
2017-08-21,203.52,3,PR-18880,West,OFF-AP-10002867,Office Supplies,0.0,0.0,2017
2017-08-21,51.75,5,PR-18880,West,OFF-LA-10001158,Office Supplies,0.0,0.0,2017
2017-11-05,16.03,5,AH-10195,Central,OFF-BI-10000474,Office Supplies,0.8,-12.824,2017
2017-09-07,73.008,9,NF-18595,Central,OFF-PA-10001685,Office Supplies,0.2,-14.6016,2017
2017-09-23,25.824,6,BS-11755,West,OFF-BI-10000822,Office Supplies,0.2,-5.164800000000001,2017
2017-09-23,160.96,2,BS-11755,West,OFF-AP-10001242,Office Supplies,0.0,0.0,2017
2017-03-17,13.776,6,PO-19180,Central,OFF-BI-10003166,Office Supplies,0.8,-11.0208,2017
2017-03-17,10.272,3,PO-19180,Central,OFF-PA-10004610,Office Supplies,0.2,-2.0544,2017
2017-11-23,24.048,9,TD-20995,East,FUR-FU-10000320,Furniture,0.2,-4.8096,2017
2017-08-27,2.896,1,SP-20620,South,OFF-EN-10004030,Office Supplies,0.2,-0.5792,2017
2017-10-07,580.672,4,Dp-13240,South,OFF-ST-10003208,Office Supplies,0.2,-116.1344,2017
2017-10-07,18.936,3,Dp-13240,South,OFF-FA-10003112,Office Supplies,0.2,-3.7872,2017
2017-10-07,222.384,2,Dp-13240,South,TEC-PH-10004447,Technology,0.2,-44.4768,2017
2017-10-07,50.454,6,Dp-13240,South,OFF-BI-10002854,Office Supplies,0.7,-35.3178,2017
2017-10-07,154.764,3,Dp-13240,South,FUR-TA-10001039,Furniture,0.4,-61.90560000000001,2017
2017-03-25,6.848,2,DB-13660,Central,OFF-PA-10004239,Office Supplies,0.2,-1.3696,2017
2017-06-10,40.032,6,CL-11890,East,OFF-PA-10000380,Office Supplies,0.2,-8.0064,2017
2017-07-01,443.92,4,KF-16285,Central,OFF-ST-10001128,Office Supplies,0.0,0.0,2017
2017-07-01,169.99,1,KF-16285,Central,OFF-BI-10003656,Office Supplies,0.0,0.0,2017
2017-07-01,25.92,4,KF-16285,Central,OFF-PA-10003441,Office Supplies,0.0,0.0,2017
2017-05-29,65.424,4,HZ-14950,Central,FUR-FU-10003919,Furniture,0.6,-39.2544,2017
2017-04-30,10.368,2,JF-15490,East,OFF-PA-10004451,Office Supplies,0.2,-2.0736,2017
2017-07-03,32.896,4,SZ-20035,East,OFF-PA-10000174,Office Supplies,0.2,-6.5792,2017
2017-07-03,215.148,2,SZ-20035,East,FUR-TA-10002041,Furniture,0.4,-86.0592,2017
2017-07-03,30.96,6,SZ-20035,East,OFF-PA-10002246,Office Supplies,0.2,-6.192,2017
2017-12-08,29.79,3,LF-17185,West,OFF-ST-10003327,Office Supplies,0.0,0.0,2017
2017-12-08,128.9,2,LF-17185,West,FUR-FU-10002703,Furniture,0.0,0.0,2017
2017-12-08,60.12,9,LF-17185,West,OFF-PA-10003651,Office Supplies,0.0,0.0,2017
2017-12-05,24.816,3,AB-10165,West,OFF-BI-10001617,Office Supplies,0.2,-4.963200000000001,2017
2017-12-05,14.976,6,AB-10165,West,OFF-BI-10000145,Office Supplies,0.2,-2.995200000000001,2017
2017-10-30,16.192,2,RA-19945,Central,FUR-FU-10003849,Furniture,0.6,-9.7152,2017
2017-10-30,251.006,2,RA-19945,Central,FUR-TA-10002041,Furniture,0.3,-75.3018,2017
2017-10-30,54.192,6,RA-19945,Central,OFF-ST-10002214,Office Supplies,0.2,-10.8384,2017
2017-11-19,16.74,3,JD-16150,East,OFF-EN-10001415,Office Supplies,0.0,0.0,2017
2017-11-19,2504.74,7,JD-16150,East,OFF-AP-10003849,Office Supplies,0.0,0.0,2017
2017-06-11,3.76,2,KN-16705,South,OFF-AR-10001919,Office Supplies,0.0,0.0,2017
2017-09-16,71.976,3,AS-10090,East,TEC-AC-10001109,Technology,0.2,-14.3952,2017
2017-09-16,22.512,3,AS-10090,East,FUR-FU-10003832,Furniture,0.2,-4.502400000000001,2017
2017-09-16,3.444,2,AS-10090,East,OFF-BI-10002393,Office Supplies,0.7,-2.4108,2017
2017-09-16,538.194,2,AS-10090,East,OFF-BI-10001359,Office Supplies,0.7,-376.7357999999999,2017
2017-09-16,47.984,2,AS-10090,East,TEC-AC-10003628,Technology,0.2,-9.5968,2017
2017-11-05,492.768,4,EM-13825,Central,TEC-PH-10003012,Technology,0.2,-98.5536,2017
2017-12-03,47.992,1,ND-18370,South,TEC-AC-10001990,Technology,0.2,-9.5984,2017
2017-11-12,10.848,2,SF-20965,East,OFF-PA-10003673,Office Supplies,0.2,-2.1696,2017
2017-11-12,18.544,2,SF-20965,East,TEC-AC-10003614,Technology,0.2,-3.7088,2017
2017-03-03,180.98,1,EP-13915,Central,FUR-CH-10000785,Furniture,0.0,0.0,2017
2017-03-03,99.98,2,EP-13915,Central,TEC-AC-10002926,Technology,0.0,0.0,2017
2017-09-05,147.184,2,MG-17875,South,OFF-ST-10001522,Office Supplies,0.2,-29.4368,2017
2017-09-24,72.0,4,KB-16240,Central,TEC-AC-10002305,Technology,0.0,0.0,2017
2017-09-24,655.9,5,KB-16240,Central,TEC-AC-10000990,Technology,0.0,0.0,2017
2017-09-24,603.92,4,KB-16240,Central,FUR-CH-10000665,Furniture,0.0,0.0,2017
2017-04-10,10.368,2,RD-19930,Central,OFF-PA-10004101,Office Supplies,0.2,-2.0736,2017
2017-04-10,95.736,3,RD-19930,Central,TEC-AC-10001714,Technology,0.2,-19.1472,2017
2017-09-04,825.174,9,HW-14935,Central,FUR-BO-10000112,Furniture,0.3,-247.5522,2017
2017-09-04,17.76,3,HW-14935,Central,OFF-PA-10004041,Office Supplies,0.2,-3.552,2017
2017-09-04,6.912,3,HW-14935,Central,OFF-AR-10001149,Office Supplies,0.2,-1.3824,2017
2017-12-10,599.97,3,SU-20665,South,TEC-AC-10001838,Technology,0.0,0.0,2017
2017-12-10,38.97,3,SU-20665,South,TEC-PH-10000148,Technology,0.0,0.0,2017
2017-12-10,45.84,8,SU-20665,South,OFF-BI-10003476,Office Supplies,0.0,0.0,2017
2017-12-23,28.672,8,MM-17920,Central,OFF-PA-10004519,Office Supplies,0.2,-5.734400000000001,2017
2017-12-23,29.312,8,MM-17920,Central,OFF-AP-10001947,Office Supplies,0.8,-23.4496,2017
2017-10-30,105.98,7,RD-19810,South,OFF-ST-10004963,Office Supplies,0.0,0.0,2017
2017-10-30,35.06,2,RD-19810,South,OFF-SU-10002573,Office Supplies,0.0,0.0,2017
2017-10-30,33.94,1,RD-19810,South,FUR-CH-10000553,Furniture,0.0,0.0,2017
2017-10-30,30.0,8,RD-19810,South,OFF-LA-10001982,Office Supplies,0.0,0.0,2017
2017-11-23,7.476,1,FH-14275,East,OFF-BI-10001658,Office Supplies,0.7,-5.2332,2017
2017-12-01,45.36,7,CC-12550,West,OFF-PA-10004735,Office Supplies,0.0,0.0,2017
2017-12-01,10.128,2,CC-12550,West,OFF-BI-10003429,Office Supplies,0.2,-2.0256,2017
2017-11-07,21.792,4,TS-21505,West,OFF-BI-10002982,Office Supplies,0.2,-4.3584,2017
2017-11-07,439.8,4,TS-21505,West,TEC-AC-10004975,Technology,0.0,0.0,2017
2017-09-04,8.256,4,MD-17350,East,OFF-AR-10002335,Office Supplies,0.2,-1.6512,2017
2017-09-04,25.56,5,MD-17350,East,OFF-BI-10004001,Office Supplies,0.7,-17.892,2017
2017-09-04,4.368,2,MD-17350,East,OFF-BI-10001634,Office Supplies,0.7,-3.0576,2017
2017-09-04,11.52,4,MD-17350,East,OFF-PA-10000007,Office Supplies,0.2,-2.304,2017
2017-09-07,1577.94,3,RD-19660,Central,OFF-BI-10003650,Office Supplies,0.0,0.0,2017
2017-07-03,59.98,2,JK-15640,West,TEC-AC-10003628,Technology,0.0,0.0,2017
2017-07-03,2395.2,6,JK-15640,West,TEC-MA-10001148,Technology,0.2,-479.04,2017
2017-07-03,1687.8,4,JK-15640,West,TEC-AC-10002049,Technology,0.0,0.0,2017
2017-07-03,7.992,1,JK-15640,West,TEC-PH-10000702,Technology,0.2,-1.5984,2017
2017-06-29,5.184,1,FC-14335,Central,OFF-PA-10003953,Office Supplies,0.2,-1.0368,2017
2017-08-07,11.68,2,JW-15955,East,OFF-AR-10003602,Office Supplies,0.0,0.0,2017
2017-08-07,104.8,10,JW-15955,East,OFF-AR-10004062,Office Supplies,0.0,0.0,2017
2017-10-01,104.85,1,DK-13090,Central,OFF-PA-10000994,Office Supplies,0.0,0.0,2017
2017-09-03,5.96,2,AG-10300,West,OFF-AR-10002053,Office Supplies,0.0,0.0,2017
2017-09-24,1169.694,3,MH-18115,East,TEC-PH-10002885,Technology,0.4,-467.8776,2017
2017-12-19,1665.62,2,AC-10450,South,OFF-SU-10002881,Office Supplies,0.0,0.0,2017
2017-11-24,2.88,1,FM-14290,South,OFF-BI-10000546,Office Supplies,0.0,0.0,2017
2017-11-24,1443.96,12,FM-14290,South,OFF-ST-10001526,Office Supplies,0.0,0.0,2017
2017-12-09,2.624,1,KM-16225,East,OFF-AR-10004757,Office Supplies,0.2,-0.5248,2017
2017-06-26,431.928,9,NP-18700,West,TEC-AC-10001990,Technology,0.2,-86.38560000000001,2017
2017-08-21,277.4,5,TH-21550,East,OFF-PA-10000357,Office Supplies,0.0,0.0,2017
2017-08-21,25.16,2,TH-21550,East,FUR-FU-10003976,Furniture,0.0,0.0,2017
2017-08-21,91.92,4,TH-21550,East,FUR-FU-10004960,Furniture,0.0,0.0,2017
2017-11-19,718.116,6,SC-20770,Central,FUR-TA-10002622,Furniture,0.3,-215.4348,2017
2017-11-19,31.776,4,SC-20770,Central,OFF-AR-10001915,Office Supplies,0.2,-6.3552,2017
2017-09-04,487.984,2,RA-19285,West,OFF-BI-10004632,Office Supplies,0.2,-97.5968,2017
2017-09-04,5.56,1,RA-19285,West,TEC-PH-10002185,Technology,0.2,-1.112,2017
2017-09-04,217.85,5,RA-19285,West,OFF-ST-10002974,Office Supplies,0.0,0.0,2017
2017-05-19,681.408,12,BC-11125,West,FUR-CH-10002647,Furniture,0.2,-136.2816,2017
2017-05-19,3.52,2,BC-11125,West,OFF-AR-10001315,Office Supplies,0.0,0.0,2017
2017-05-19,5.58,1,BC-11125,West,OFF-AR-10000122,Office Supplies,0.0,0.0,2017
2017-05-19,36.32,1,BC-11125,West,TEC-AC-10001465,Technology,0.0,0.0,2017
2017-11-26,52.272,3,CC-12610,East,OFF-AP-10002082,Office Supplies,0.2,-10.4544,2017
2017-11-26,213.136,7,CC-12610,East,OFF-AP-10004708,Office Supplies,0.2,-42.6272,2017
2017-05-03,69.52,2,DB-12970,West,OFF-ST-10000464,Office Supplies,0.0,0.0,2017
2017-05-03,763.44,8,DB-12970,West,OFF-ST-10000025,Office Supplies,0.0,0.0,2017
2017-12-09,104.88,6,DB-13210,Central,TEC-AC-10004859,Technology,0.0,0.0,2017
2017-12-09,34.7,5,DB-13210,Central,OFF-AR-10001860,Office Supplies,0.0,0.0,2017
2017-12-09,33.72,4,DB-13210,Central,OFF-BI-10001636,Office Supplies,0.0,0.0,2017
2017-12-09,14.94,3,DB-13210,Central,OFF-PA-10000349,Office Supplies,0.0,0.0,2017
2017-08-31,638.73,9,AJ-10945,Central,OFF-AP-10002439,Office Supplies,0.0,0.0,2017
2017-04-24,113.568,2,CP-12340,South,OFF-ST-10001370,Office Supplies,0.2,-22.7136,2017
2017-09-08,9.096,1,DB-13555,East,TEC-AC-10002558,Technology,0.2,-1.8192,2017
2017-07-03,258.9,10,FM-14290,East,TEC-AC-10003590,Technology,0.0,0.0,2017
2017-07-03,24.56,2,FM-14290,East,OFF-PA-10001970,Office Supplies,0.0,0.0,2017
2017-11-06,127.372,2,ML-17410,East,FUR-CH-10003774,Furniture,0.3,-38.2116,2017
2017-11-06,47.952,3,ML-17410,East,OFF-PA-10000157,Office Supplies,0.2,-9.5904,2017
2017-06-02,25.344,6,DO-13435,West,OFF-PA-10002479,Office Supplies,0.2,-5.0688,2017
2017-06-02,43.92,5,DO-13435,West,OFF-EN-10001141,Office Supplies,0.2,-8.784,2017
2017-11-13,163.96,4,AD-10180,East,TEC-AC-10004114,Technology,0.0,0.0,2017
2017-12-24,37.93,1,AC-10615,East,FUR-FU-10001602,Furniture,0.0,0.0,2017
2017-03-18,23.832,3,EN-13780,Central,OFF-AR-10001915,Office Supplies,0.2,-4.7664,2017
2017-10-15,510.24,3,RS-19765,West,FUR-TA-10001705,Furniture,0.2,-102.048,2017
2017-10-15,204.95,5,RS-19765,West,OFF-PA-10000675,Office Supplies,0.0,0.0,2017
2017-04-21,11.54,1,JW-15955,West,TEC-AC-10000521,Technology,0.0,0.0,2017
2017-04-21,162.6,3,JW-15955,West,FUR-FU-10004622,Furniture,0.0,0.0,2017
2017-05-29,23.55,5,JO-15550,Central,OFF-FA-10004395,Office Supplies,0.0,0.0,2017
2017-11-22,35.712,8,FO-14305,Central,OFF-AR-10000122,Office Supplies,0.2,-7.142400000000001,2017
2017-04-03,7.056,3,SA-20830,Central,OFF-AR-10003045,Office Supplies,0.2,-1.4112,2017
2017-03-06,26.38,1,RM-19750,East,OFF-PA-10002254,Office Supplies,0.0,0.0,2017
2017-03-06,71.97,3,RM-19750,East,FUR-FU-10002554,Furniture,0.0,0.0,2017
2017-08-27,198.46,2,DR-12880,West,FUR-FU-10002937,Furniture,0.0,0.0,2017
2017-08-27,321.92,4,DR-12880,West,OFF-AP-10001242,Office Supplies,0.0,0.0,2017
2017-08-27,879.984,2,DR-12880,West,TEC-CO-10001571,Technology,0.2,-175.9968,2017
2017-08-27,28.4,5,DR-12880,West,OFF-SU-10002503,Office Supplies,0.0,0.0,2017
2017-08-27,230.28,3,DR-12880,West,FUR-CH-10004886,Furniture,0.2,-46.056,2017
2017-08-27,116.28,3,DR-12880,West,OFF-PA-10001289,Office Supplies,0.0,0.0,2017
2017-08-27,841.568,2,DR-12880,West,OFF-BI-10003650,Office Supplies,0.2,-168.3136,2017
2017-08-27,354.9,5,DR-12880,West,OFF-ST-10001370,Office Supplies,0.0,0.0,2017
2017-05-12,87.6,5,CK-12205,East,OFF-PA-10000659,Office Supplies,0.0,0.0,2017
2017-02-25,1.788,3,MH-18025,Central,OFF-BI-10002609,Office Supplies,0.8,-1.4304,2017
2017-11-30,71.976,3,PN-18775,South,TEC-PH-10002564,Technology,0.2,-14.3952,2017
2017-02-16,37.94,2,LF-17185,East,OFF-PA-10003465,Office Supplies,0.0,0.0,2017
2017-11-13,8.904,3,MN-17935,South,OFF-PA-10003424,Office Supplies,0.2,-1.7808,2017
2017-11-13,720.064,4,MN-17935,South,OFF-ST-10003716,Office Supplies,0.2,-144.0128,2017
2017-07-31,41.424,2,EH-14125,South,TEC-AC-10003590,Technology,0.2,-8.2848,2017
2017-12-26,3.132,2,TC-21535,East,OFF-BI-10000494,Office Supplies,0.7,-2.1924,2017
2017-09-23,251.64,3,BE-11410,South,OFF-PA-10003395,Office Supplies,0.2,-50.328,2017
2017-11-04,523.764,3,KL-16555,South,FUR-TA-10004575,Furniture,0.4,-209.5056,2017
2017-11-04,1359.96,5,KL-16555,South,TEC-PH-10002483,Technology,0.2,-271.992,2017
2017-03-05,25.06,2,PK-19075,Central,OFF-LA-10003537,Office Supplies,0.0,0.0,2017
2017-10-09,12.816,3,HG-14845,East,OFF-BI-10001031,Office Supplies,0.2,-2.5632,2017
2017-10-09,314.352,3,HG-14845,East,FUR-BO-10003034,Furniture,0.2,-62.8704,2017
2017-10-09,18.98,2,HG-14845,East,OFF-PA-10000069,Office Supplies,0.0,0.0,2017
2017-10-09,18.24,6,HG-14845,East,OFF-BI-10003655,Office Supplies,0.2,-3.648,2017
2017-05-07,1458.65,5,RW-19540,Central,FUR-CH-10004086,Furniture,0.0,0.0,2017
2017-05-07,26.64,1,RW-19540,Central,FUR-CH-10002017,Furniture,0.0,0.0,2017
2017-05-07,476.8,2,RW-19540,Central,FUR-CH-10000595,Furniture,0.0,0.0,2017
2017-05-07,87.444,2,RW-19540,Central,OFF-AP-10001563,Office Supplies,0.1,-8.7444,2017
2017-11-25,501.81,3,SZ-20035,Central,OFF-ST-10001097,Office Supplies,0.0,0.0,2017
2017-09-22,691.96,4,JE-15745,South,OFF-BI-10004318,Office Supplies,0.0,0.0,2017
2017-09-22,34.95,5,JE-15745,South,TEC-AC-10004633,Technology,0.0,0.0,2017
2017-11-26,33.568,8,GT-14755,Central,OFF-BI-10001524,Office Supplies,0.8,-26.8544,2017
2017-06-06,4.95,1,GH-14410,West,FUR-FU-10004164,Furniture,0.0,0.0,2017
2017-06-06,26.4,5,GH-14410,West,OFF-ST-10002957,Office Supplies,0.0,0.0,2017
2017-10-23,3.564,3,DM-13015,Central,OFF-BI-10004364,Office Supplies,0.8,-2.8512,2017
2017-10-23,823.96,5,DM-13015,Central,TEC-PH-10002824,Technology,0.2,-164.792,2017
2017-10-23,10.272,3,DM-13015,Central,OFF-AR-10000634,Office Supplies,0.2,-2.0544,2017
2017-02-17,480.96,3,JK-16120,Central,FUR-TA-10001932,Furniture,0.5,-240.48,2017
2017-02-17,124.792,1,JK-16120,Central,TEC-PH-10002789,Technology,0.2,-24.9584,2017
2017-10-17,10.64,4,AJ-10960,West,OFF-AR-10001770,Office Supplies,0.0,0.0,2017
2017-04-23,155.34,6,SC-20305,Central,TEC-AC-10003590,Technology,0.0,0.0,2017
2017-01-29,12.128,4,CK-12595,Central,OFF-BI-10001072,Office Supplies,0.8,-9.7024,2017
2017-05-01,48.9,5,SJ-20125,South,TEC-AC-10002331,Technology,0.0,0.0,2017
2017-12-07,3.552,3,DS-13180,Central,OFF-FA-10000611,Office Supplies,0.2,-0.7104,2017
2017-12-07,15.552,3,DS-13180,Central,OFF-PA-10000304,Office Supplies,0.2,-3.1104,2017
2017-11-30,2.368,2,SC-20800,Central,OFF-FA-10000611,Office Supplies,0.2,-0.4736,2017
2017-12-07,127.984,2,SH-20395,East,TEC-AC-10002567,Technology,0.2,-25.5968,2017
2017-06-05,470.376,3,AB-10105,Central,TEC-PH-10001619,Technology,0.2,-94.0752,2017
2017-09-18,19.44,3,MM-18280,East,OFF-PA-10001639,Office Supplies,0.0,0.0,2017
2017-09-18,9.82,2,MM-18280,East,FUR-FU-10002268,Furniture,0.0,0.0,2017
2017-07-18,801.6,5,ML-17410,West,FUR-TA-10001932,Furniture,0.5,-400.8,2017
2017-07-18,161.568,2,ML-17410,West,FUR-CH-10004218,Furniture,0.2,-32.3136,2017
2017-07-18,16.096,2,ML-17410,West,OFF-PA-10000246,Office Supplies,0.2,-3.2192,2017
2017-07-18,7.656,4,ML-17410,West,OFF-BI-10003350,Office Supplies,0.7,-5.3592,2017
2017-07-18,311.976,3,ML-17410,West,FUR-CH-10000513,Furniture,0.2,-62.3952,2017
2017-08-28,25.344,6,SC-20305,Central,OFF-PA-10002479,Office Supplies,0.2,-5.0688,2017
2017-08-28,26.72,5,SC-20305,Central,OFF-PA-10001461,Office Supplies,0.2,-5.344,2017
2017-09-02,9.4,5,AW-10840,West,OFF-AR-10001919,Office Supplies,0.0,0.0,2017
2017-09-02,74.0,5,AW-10840,West,OFF-LA-10004544,Office Supplies,0.0,0.0,2017
2017-09-02,201.584,2,AW-10840,West,TEC-PH-10003484,Technology,0.2,-40.3168,2017
2017-05-18,14.56,2,TS-21340,East,FUR-FU-10002456,Furniture,0.0,0.0,2017
2017-05-18,3.048,1,TS-21340,East,OFF-BI-10000605,Office Supplies,0.2,-0.6096,2017
2017-05-27,25.92,5,EH-13945,South,OFF-PA-10001166,Office Supplies,0.2,-5.184000000000001,2017
2017-11-18,44.384,1,AF-10870,South,OFF-PA-10001977,Office Supplies,0.2,-8.876800000000001,2017
2017-11-18,2.944,1,AF-10870,South,OFF-SU-10001225,Office Supplies,0.2,-0.5888,2017
2017-01-15,12.7,2,SC-20095,East,OFF-PA-10004675,Office Supplies,0.0,0.0,2017
2017-02-19,12.84,3,ED-13885,West,OFF-AR-10000634,Office Supplies,0.0,0.0,2017
2017-02-19,44.67,3,ED-13885,West,FUR-FU-10004018,Furniture,0.0,0.0,2017
2017-10-02,8.94,3,FG-14260,West,OFF-FA-10002780,Office Supplies,0.0,0.0,2017
2017-10-02,84.784,2,FG-14260,West,TEC-PH-10003800,Technology,0.2,-16.9568,2017
2017-12-15,22.77,3,PL-18925,West,FUR-FU-10003096,Furniture,0.0,0.0,2017
2017-04-08,2591.56,4,KF-16285,East,OFF-ST-10001780,Office Supplies,0.0,0.0,2017
2017-04-08,41.95,5,KF-16285,East,OFF-AP-10001962,Office Supplies,0.0,0.0,2017
2017-01-01,474.43,11,SC-20725,West,FUR-FU-10001215,Furniture,0.0,0.0,2017
2017-11-21,8.448,2,CC-12475,East,OFF-PA-10001204,Office Supplies,0.2,-1.6896,2017
2017-11-21,39.296,4,CC-12475,East,OFF-ST-10002444,Office Supplies,0.2,-7.8592,2017
2017-10-27,556.665,5,JO-15145,West,FUR-BO-10003034,Furniture,0.15,-83.49974999999999,2017
2017-10-27,95.84,4,JO-15145,West,TEC-PH-10003215,Technology,0.2,-19.168,2017
2017-08-11,29.664,4,SF-20965,Central,OFF-PA-10001776,Office Supplies,0.2,-5.9328,2017
2017-08-11,9.184,7,SF-20965,Central,OFF-AR-10004582,Office Supplies,0.2,-1.8368,2017
2017-08-11,153.584,2,SF-20965,Central,TEC-PH-10001557,Technology,0.2,-30.7168,2017
2017-08-11,12.864,8,SF-20965,Central,OFF-BI-10004209,Office Supplies,0.8,-10.2912,2017
2017-12-24,479.97,3,CS-12355,South,TEC-MA-10003183,Technology,0.0,0.0,2017
2017-12-24,232.88,4,CS-12355,South,FUR-CH-10002439,Furniture,0.0,0.0,2017
2017-10-21,23.992,2,SP-20920,Central,OFF-AP-10002191,Office Supplies,0.8,-19.1936,2017
2017-06-24,276.69,3,GA-14515,East,FUR-FU-10003601,Furniture,0.0,0.0,2017
2017-06-24,172.764,2,GA-14515,East,FUR-CH-10001891,Furniture,0.1,-17.2764,2017
2017-11-15,220.064,4,DK-12895,South,FUR-FU-10003553,Furniture,0.2,-44.0128,2017
2017-11-15,339.136,4,DK-12895,South,FUR-FU-10001488,Furniture,0.2,-67.8272,2017
2017-06-24,182.994,3,MC-17635,Central,OFF-BI-10004632,Office Supplies,0.8,-146.3952,2017
2017-06-24,10.272,3,MC-17635,Central,OFF-PA-10000327,Office Supplies,0.2,-2.0544,2017
2017-09-07,7.857,3,Dp-13240,West,OFF-BI-10003291,Office Supplies,0.7,-5.4999,2017
2017-05-16,221.024,2,JM-15865,East,OFF-ST-10002574,Office Supplies,0.2,-44.20480000000001,2017
2017-06-19,2.264,1,ZC-21910,Central,OFF-AP-10004655,Office Supplies,0.8,-1.8112,2017
2017-06-19,0.444,1,ZC-21910,Central,OFF-AP-10002906,Office Supplies,0.8,-0.3552,2017
2017-06-19,146.176,8,ZC-21910,Central,OFF-PA-10000740,Office Supplies,0.2,-29.2352,2017
2017-12-21,15.92,2,RB-19465,Central,FUR-FU-10001940,Furniture,0.0,0.0,2017
2017-08-07,159.96,5,JK-15370,West,TEC-PH-10000439,Technology,0.2,-31.992,2017
2017-08-07,13.76,2,JK-15370,West,OFF-BI-10000404,Office Supplies,0.2,-2.752,2017
2017-09-04,19.04,4,MM-17920,East,TEC-AC-10000199,Technology,0.2,-3.808,2017
2017-05-11,37.44,6,LP-17080,West,OFF-PA-10002870,Office Supplies,0.0,0.0,2017
2017-05-11,37.59,3,LP-17080,West,OFF-LA-10004545,Office Supplies,0.0,0.0,2017
2017-05-11,26.032,2,LP-17080,West,OFF-BI-10000962,Office Supplies,0.2,-5.2064,2017
2017-07-27,91.032,3,MG-18145,South,FUR-FU-10001602,Furniture,0.2,-18.2064,2017
2017-05-06,54.66,6,GZ-14470,South,OFF-AR-10003179,Office Supplies,0.0,0.0,2017
2017-10-02,112.12,5,PV-18985,West,OFF-BI-10002854,Office Supplies,0.2,-22.424,2017
2017-10-02,1575.14,7,PV-18985,West,OFF-ST-10003716,Office Supplies,0.0,0.0,2017
2017-11-19,25.06,7,DD-13570,South,OFF-FA-10000624,Office Supplies,0.0,0.0,2017
2017-12-01,37.392,3,RA-19285,East,OFF-ST-10001228,Office Supplies,0.2,-7.478400000000001,2017
2017-12-01,79.12,5,RA-19285,East,FUR-FU-10003798,Furniture,0.2,-15.824,2017
2017-01-30,12.74,7,EH-14125,West,OFF-AR-10003759,Office Supplies,0.0,0.0,2017
2017-01-30,8.82,3,EH-14125,West,OFF-AR-10001227,Office Supplies,0.0,0.0,2017
2017-01-30,120.784,1,EH-14125,West,FUR-CH-10000863,Furniture,0.2,-24.1568,2017
2017-10-23,9.762,3,RB-19330,Central,OFF-BI-10000962,Office Supplies,0.8,-7.809600000000001,2017
2017-10-23,13.72,1,RB-19330,Central,OFF-ST-10004507,Office Supplies,0.2,-2.744,2017
2017-10-23,55.2,1,RB-19330,Central,TEC-AC-10002942,Technology,0.2,-11.04,2017
2017-10-23,259.136,4,RB-19330,Central,OFF-ST-10002344,Office Supplies,0.2,-51.8272,2017
2017-09-07,29.24,5,CB-12025,East,OFF-LA-10002475,Office Supplies,0.2,-5.848,2017
2017-09-07,15.552,3,CB-12025,East,OFF-PA-10003072,Office Supplies,0.2,-3.1104,2017
2017-09-07,4.896,3,CB-12025,East,OFF-EN-10001509,Office Supplies,0.2,-0.9792000000000001,2017
2017-05-14,539.97,3,AH-10465,East,TEC-PH-10002834,Technology,0.0,0.0,2017
2017-05-14,22.58,2,AH-10465,East,OFF-ST-10002214,Office Supplies,0.0,0.0,2017
2017-01-14,169.064,7,TP-21565,West,TEC-AC-10003027,Technology,0.2,-33.8128,2017
2017-01-14,168.624,9,TP-21565,West,OFF-ST-10003638,Office Supplies,0.2,-33.7248,2017
2017-11-16,48.86,7,JK-15370,West,OFF-ST-10002486,Office Supplies,0.0,0.0,2017
2017-03-06,14.976,9,BF-11170,West,OFF-BI-10004182,Office Supplies,0.2,-2.995200000000001,2017
2017-10-07,4.24,5,JK-15730,Central,OFF-BI-10000756,Office Supplies,0.8,-3.392,2017
2017-10-06,319.96,4,CR-12820,East,TEC-AC-10001539,Technology,0.0,0.0,2017
2017-10-06,17.04,3,CR-12820,East,OFF-PA-10002377,Office Supplies,0.0,0.0,2017
2017-10-06,344.91,3,CR-12820,East,OFF-ST-10000991,Office Supplies,0.0,0.0,2017
2017-05-18,6.874,7,SG-20890,Central,OFF-BI-10003712,Office Supplies,0.8,-5.4992,2017
2017-05-18,1.996,1,SG-20890,Central,OFF-BI-10002571,Office Supplies,0.8,-1.5968,2017
2017-05-18,8.928,2,SG-20890,Central,OFF-ST-10004835,Office Supplies,0.2,-1.7856,2017
2017-11-17,10499.97,3,HL-15040,East,TEC-CO-10004722,Technology,0.0,0.0,2017
2017-12-09,15.984,2,AH-10585,Central,OFF-PA-10004965,Office Supplies,0.2,-3.1968,2017
2017-04-01,482.664,8,NC-18535,West,FUR-BO-10003894,Furniture,0.15,-72.39959999999999,2017
2017-04-01,4799.984,2,NC-18535,West,TEC-MA-10000418,Technology,0.2,-959.9968000000001,2017
2017-06-11,37.94,2,TB-21400,West,OFF-PA-10004243,Office Supplies,0.0,0.0,2017
2017-06-11,18.288,6,TB-21400,West,OFF-BI-10001759,Office Supplies,0.2,-3.6576,2017
2017-06-11,385.8,5,TB-21400,West,TEC-MA-10001570,Technology,0.2,-77.16000000000001,2017
2017-06-11,102.96,2,TB-21400,West,OFF-ST-10004804,Office Supplies,0.0,0.0,2017
2017-06-11,174.42,3,TB-21400,West,FUR-BO-10001519,Furniture,0.0,0.0,2017
2017-11-11,45.92,4,WB-21850,Central,OFF-FA-10004854,Office Supplies,0.0,0.0,2017
2017-07-05,332.028,9,LS-16945,Central,FUR-FU-10003601,Furniture,0.6,-199.2168,2017
2017-07-05,11.394,9,LS-16945,Central,OFF-BI-10003429,Office Supplies,0.8,-9.1152,2017
2017-07-05,15.552,3,LS-16945,Central,OFF-PA-10000232,Office Supplies,0.2,-3.1104,2017
2017-07-05,31.104,6,LS-16945,Central,OFF-PA-10002195,Office Supplies,0.2,-6.220800000000001,2017
2017-07-05,6.316,1,LS-16945,Central,OFF-BI-10004492,Office Supplies,0.8,-5.0528,2017
2017-08-29,9.408,7,MD-17860,East,OFF-AR-10001972,Office Supplies,0.2,-1.8816,2017
2017-03-26,19.83,1,MZ-17335,West,OFF-AR-10004587,Office Supplies,0.0,0.0,2017
2017-12-29,209.7,2,KB-16600,Central,OFF-PA-10000994,Office Supplies,0.0,0.0,2017
2017-11-28,1.64,1,LS-16975,East,OFF-AR-10004582,Office Supplies,0.0,0.0,2017
2017-11-28,1049.2,5,LS-16975,East,FUR-FU-10000576,Furniture,0.0,0.0,2017
2017-11-28,20.9,5,LS-16975,East,FUR-FU-10004270,Furniture,0.0,0.0,2017
2017-10-13,63.312,3,TS-21610,Central,OFF-PA-10003127,Office Supplies,0.2,-12.6624,2017
2017-10-13,96.784,4,TS-21610,Central,OFF-BI-10000778,Office Supplies,0.8,-77.42720000000001,2017
2017-10-13,10.476,3,TS-21610,Central,FUR-FU-10001424,Furniture,0.6,-6.285600000000001,2017
2017-10-28,47.98,2,LO-17170,East,OFF-EN-10004386,Office Supplies,0.0,0.0,2017
2017-10-15,13.05,5,RS-19420,East,OFF-LA-10001045,Office Supplies,0.0,0.0,2017
2017-08-07,63.96,4,CC-12475,Central,TEC-AC-10002006,Technology,0.0,0.0,2017
2017-09-21,80.48,1,KT-16480,South,OFF-AP-10001242,Office Supplies,0.0,0.0,2017
2017-11-03,11.673,3,DM-13015,East,OFF-BI-10000216,Office Supplies,0.7,-8.1711,2017
2017-06-25,871.4,4,AM-10705,West,FUR-TA-10000688,Furniture,0.0,0.0,2017
2017-07-21,71.928,9,SF-20200,West,TEC-PH-10004071,Technology,0.2,-14.3856,2017
2017-07-21,25.99,1,SF-20200,West,OFF-AR-10001044,Office Supplies,0.0,0.0,2017
2017-08-18,323.1,2,NF-18595,West,OFF-ST-10000046,Office Supplies,0.0,0.0,2017
2017-12-28,64.784,1,EH-14005,South,OFF-ST-10000736,Office Supplies,0.2,-12.9568,2017
2017-12-09,11.16,2,AT-10435,West,OFF-AR-10000122,Office Supplies,0.0,0.0,2017
2017-12-09,896.328,9,AT-10435,West,FUR-TA-10003748,Furniture,0.2,-179.2656,2017
2017-12-09,189.0,1,AT-10435,West,OFF-AP-10001394,Office Supplies,0.0,0.0,2017
2017-03-10,53.982,3,EB-13870,East,TEC-PH-10004896,Technology,0.4,-21.5928,2017
2017-10-22,177.225,5,DW-13195,West,FUR-TA-10002607,Furniture,0.5,-88.6125,2017
2017-07-03,129.39,3,MB-17305,West,FUR-FU-10001215,Furniture,0.0,0.0,2017
2017-09-04,54.32,4,TH-21235,West,OFF-ST-10000419,Office Supplies,0.0,0.0,2017
2017-08-23,4367.896,13,PO-18850,South,TEC-PH-10001459,Technology,0.2,-873.5792,2017
2017-08-23,49.568,2,PO-18850,South,OFF-PA-10000241,Office Supplies,0.2,-9.9136,2017
2017-08-23,161.376,6,PO-18850,South,OFF-AP-10003040,Office Supplies,0.2,-32.27520000000001,2017
2017-08-23,2.784,2,PO-18850,South,FUR-FU-10001852,Furniture,0.2,-0.5568,2017
2017-08-23,8.72,5,PO-18850,South,OFF-PA-10000141,Office Supplies,0.2,-1.744,2017
2017-12-07,82.38,6,DC-13285,South,FUR-FU-10000175,Furniture,0.0,0.0,2017
2017-04-01,42.93,9,JC-15775,East,OFF-PA-10000791,Office Supplies,0.0,0.0,2017
2017-10-03,15.552,3,PO-18850,South,OFF-PA-10000556,Office Supplies,0.2,-3.1104,2017
2017-10-03,17.92,5,PO-18850,South,OFF-AP-10000804,Office Supplies,0.2,-3.584000000000001,2017
2017-09-01,19.99,1,SS-20875,West,TEC-AC-10001998,Technology,0.0,0.0,2017
2017-09-01,22.92,5,SS-20875,West,OFF-BI-10003476,Office Supplies,0.2,-4.584000000000001,2017
2017-08-27,5.184,1,DK-12895,South,OFF-PA-10004888,Office Supplies,0.2,-1.0368,2017
2017-12-17,544.38,3,GB-14575,South,OFF-ST-10003208,Office Supplies,0.0,0.0,2017
2017-03-19,19.824,6,ND-18370,West,OFF-BI-10004970,Office Supplies,0.2,-3.9648,2017
2017-03-19,657.504,6,ND-18370,West,TEC-PH-10000038,Technology,0.2,-131.5008,2017
2017-03-19,99.54,2,ND-18370,West,TEC-AC-10001552,Technology,0.0,0.0,2017
2017-03-19,199.96,4,ND-18370,West,TEC-AC-10002926,Technology,0.0,0.0,2017
2017-11-24,20.724,2,MV-17485,West,OFF-BI-10004230,Office Supplies,0.7,-14.5068,2017
2017-11-24,415.872,8,MV-17485,West,OFF-ST-10000060,Office Supplies,0.2,-83.1744,2017
2017-04-11,16.768,2,JL-15130,East,OFF-ST-10001325,Office Supplies,0.2,-3.3536,2017
2017-04-11,27.12,2,JL-15130,East,TEC-AC-10003441,Technology,0.2,-5.424,2017
2017-12-10,95.84,4,AG-10330,West,TEC-PH-10003215,Technology,0.2,-19.168,2017
2017-12-10,12.96,2,AG-10330,West,OFF-PA-10002005,Office Supplies,0.0,0.0,2017
2017-11-24,19.008,8,MD-17860,South,OFF-BI-10004465,Office Supplies,0.7,-13.3056,2017
2017-12-11,10.368,2,RR-19315,Central,OFF-PA-10001937,Office Supplies,0.2,-2.0736,2017
2017-12-11,77.72,1,RR-19315,Central,FUR-FU-10004306,Furniture,0.6,-46.632,2017
2017-12-11,520.464,2,RR-19315,Central,FUR-CH-10003973,Furniture,0.3,-156.1392,2017
2017-02-17,29.16,3,LL-16840,South,TEC-PH-10003875,Technology,0.0,0.0,2017
2017-05-20,131.94,3,NC-18340,Central,OFF-AR-10001953,Office Supplies,0.0,0.0,2017
2017-05-20,25.92,4,NC-18340,Central,OFF-AR-10001374,Office Supplies,0.0,0.0,2017
2017-05-20,704.76,4,NC-18340,Central,OFF-ST-10003816,Office Supplies,0.0,0.0,2017
2017-05-20,7.41,3,NC-18340,Central,OFF-FA-10001843,Office Supplies,0.0,0.0,2017
2017-05-20,21.5,10,NC-18340,Central,OFF-AR-10000657,Office Supplies,0.0,0.0,2017
2017-09-11,10.528,4,HA-14920,Central,OFF-FA-10000936,Office Supplies,0.2,-2.1056,2017
2017-09-11,20.544,6,HA-14920,Central,OFF-PA-10003657,Office Supplies,0.2,-4.1088,2017
2017-07-23,11.68,2,LH-16900,Central,OFF-AR-10003602,Office Supplies,0.0,0.0,2017
2017-07-23,159.75,5,LH-16900,Central,TEC-AC-10002550,Technology,0.0,0.0,2017
2017-11-20,46.76,7,CD-11920,East,OFF-PA-10003651,Office Supplies,0.0,0.0,2017
2017-11-20,183.968,2,CD-11920,East,FUR-BO-10003159,Furniture,0.2,-36.7936,2017
2017-11-20,1259.97,3,CD-11920,East,TEC-PH-10001459,Technology,0.0,0.0,2017
2017-11-20,68.97,3,CD-11920,East,OFF-AR-10004602,Office Supplies,0.0,0.0,2017
2017-08-19,387.99,1,JB-15400,East,OFF-BI-10003925,Office Supplies,0.0,0.0,2017
2017-04-09,478.24,8,KL-16645,Central,OFF-BI-10002867,Office Supplies,0.0,0.0,2017
2017-05-18,17.24,2,TB-21355,South,OFF-AP-10001492,Office Supplies,0.0,0.0,2017
2017-05-18,302.94,3,TB-21355,South,FUR-BO-10003546,Furniture,0.0,0.0,2017
2017-05-18,34.75,5,TB-21355,South,TEC-PH-10002185,Technology,0.0,0.0,2017
2017-05-18,113.94,6,TB-21355,South,OFF-BI-10000315,Office Supplies,0.0,0.0,2017
2017-05-18,55.98,2,TB-21355,South,TEC-PH-10002350,Technology,0.0,0.0,2017
2017-09-22,27.18,3,DW-13195,West,OFF-PA-10002666,Office Supplies,0.0,0.0,2017
2017-03-21,1805.88,6,CL-12565,Central,FUR-CH-10004495,Furniture,0.0,0.0,2017
2017-09-14,70.95,3,LT-17110,East,OFF-AR-10001725,Office Supplies,0.0,0.0,2017
2017-08-07,244.55,5,MC-17575,West,OFF-PA-10001878,Office Supplies,0.0,0.0,2017
2017-03-13,1332.496,2,SE-20110,West,OFF-SU-10002881,Office Supplies,0.2,-266.4992,2017
2017-09-28,32.776,1,DS-13030,West,FUR-FU-10001979,Furniture,0.2,-6.555200000000001,2017
2017-09-28,147.184,2,DS-13030,West,OFF-ST-10001522,Office Supplies,0.2,-29.4368,2017
2017-09-28,54.384,2,DS-13030,West,TEC-AC-10003657,Technology,0.2,-10.8768,2017
2017-09-28,76.776,4,DS-13030,West,OFF-BI-10001718,Office Supplies,0.7,-53.74319999999999,2017
2017-09-28,14.352,3,DS-13030,West,OFF-PA-10003022,Office Supplies,0.2,-2.8704,2017
2017-09-28,209.792,2,DS-13030,West,OFF-AP-10000891,Office Supplies,0.2,-41.9584,2017
2017-11-24,16.38,9,KA-16525,East,OFF-AR-10003759,Office Supplies,0.0,0.0,2017
2017-11-24,167.96,2,KA-16525,East,OFF-EN-10003001,Office Supplies,0.0,0.0,2017
2017-11-24,321.568,2,KA-16525,East,FUR-BO-10000780,Furniture,0.2,-64.3136,2017
2017-11-24,12.96,2,KA-16525,East,OFF-PA-10001972,Office Supplies,0.0,0.0,2017
2017-05-08,128.058,3,DJ-13510,East,FUR-CH-10003535,Furniture,0.3,-38.41739999999999,2017
2017-09-29,63.686,1,MG-17680,East,FUR-CH-10003774,Furniture,0.3,-19.1058,2017
2017-09-29,239.976,3,MG-17680,East,TEC-AC-10004571,Technology,0.2,-47.9952,2017
2017-09-29,344.22,2,MG-17680,East,FUR-TA-10004442,Furniture,0.4,-137.688,2017
2017-09-29,15.552,3,MG-17680,East,OFF-PA-10002787,Office Supplies,0.2,-3.1104,2017
2017-09-29,21.248,4,MG-17680,East,FUR-FU-10004586,Furniture,0.2,-4.2496,2017
2017-09-29,8.448,2,MG-17680,East,OFF-PA-10002606,Office Supplies,0.2,-1.6896,2017
2017-10-22,333.09,3,BD-11620,Central,OFF-ST-10000129,Office Supplies,0.0,0.0,2017
2017-10-22,248.98,2,BD-11620,Central,FUR-TA-10003748,Furniture,0.0,0.0,2017
2017-08-14,418.296,3,JM-15250,West,FUR-TA-10001095,Furniture,0.2,-83.6592,2017
2017-06-18,917.9235,9,CC-12670,West,FUR-BO-10004015,Furniture,0.15,-137.688525,2017
2017-06-18,38.88,6,CC-12670,West,OFF-PA-10002036,Office Supplies,0.0,0.0,2017
2017-12-02,631.176,4,GW-14605,East,OFF-BI-10003650,Office Supplies,0.7,-441.8232,2017
2017-05-23,171.288,3,VS-21820,West,FUR-TA-10001520,Furniture,0.2,-34.2576,2017
2017-10-22,36.44,4,PS-18970,Central,OFF-AR-10003179,Office Supplies,0.0,0.0,2017
2017-06-10,1347.52,8,ND-18460,South,OFF-ST-10003805,Office Supplies,0.2,-269.504,2017
2017-02-20,9.432,3,BP-11095,West,OFF-FA-10001229,Office Supplies,0.2,-1.8864,2017
2017-07-17,269.98,2,BE-11335,East,TEC-PH-10004536,Technology,0.0,0.0,2017
2017-07-17,99.9,5,BE-11335,East,OFF-PA-10004353,Office Supplies,0.0,0.0,2017
2017-07-17,39.08,4,BE-11335,East,FUR-FU-10004848,Furniture,0.0,0.0,2017
2017-09-08,116.832,4,RS-19765,East,TEC-AC-10004864,Technology,0.2,-23.3664,2017
2017-07-08,15.84,3,VF-21715,West,FUR-FU-10003142,Furniture,0.0,0.0,2017
2017-07-08,86.376,3,VF-21715,West,OFF-BI-10001543,Office Supplies,0.2,-17.2752,2017
2017-07-08,18.24,3,VF-21715,West,OFF-AR-10003560,Office Supplies,0.0,0.0,2017
2017-07-08,13.12,4,VF-21715,West,OFF-AR-10004757,Office Supplies,0.0,0.0,2017
2017-06-16,5.936,7,MK-17905,Central,OFF-BI-10000756,Office Supplies,0.8,-4.7488,2017
2017-03-30,325.86,2,TM-21490,Central,OFF-EN-10004206,Office Supplies,0.0,0.0,2017
2017-04-30,5.76,2,NM-18520,East,OFF-LA-10003388,Office Supplies,0.0,0.0,2017
2017-10-21,8.559,1,ND-18370,West,OFF-BI-10003984,Office Supplies,0.7,-5.991299999999999,2017
2017-09-26,419.136,4,SJ-20125,South,FUR-CH-10003298,Furniture,0.2,-83.8272,2017
2017-12-03,45.216,3,MC-17575,South,OFF-AP-10002350,Office Supplies,0.2,-9.0432,2017
2017-12-03,28.782,6,MC-17575,South,OFF-BI-10004233,Office Supplies,0.7,-20.1474,2017
2017-12-03,24.448,4,MC-17575,South,OFF-PA-10001892,Office Supplies,0.2,-4.889600000000001,2017
2017-07-17,479.984,2,AB-10255,West,TEC-CO-10004202,Technology,0.2,-95.99680000000001,2017
2017-11-02,76.58,7,NL-18310,West,OFF-EN-10001335,Office Supplies,0.0,0.0,2017
2017-11-02,8.8,5,NL-18310,West,OFF-AR-10003469,Office Supplies,0.0,0.0,2017
2017-11-02,590.352,6,NL-18310,West,OFF-BI-10003718,Office Supplies,0.2,-118.0704,2017
2017-11-02,5.58,3,NL-18310,West,OFF-FA-10004838,Office Supplies,0.0,0.0,2017
2017-11-02,25.02,3,NL-18310,West,FUR-FU-10002508,Furniture,0.0,0.0,2017
2017-11-02,452.55,7,NL-18310,West,OFF-ST-10001511,Office Supplies,0.0,0.0,2017
2017-08-28,21.81,3,MG-17650,Central,OFF-SU-10004115,Office Supplies,0.0,0.0,2017
2017-08-28,91.6,5,MG-17650,Central,OFF-AP-10001947,Office Supplies,0.0,0.0,2017
2017-11-09,47.12,8,JE-15745,West,FUR-FU-10000023,Furniture,0.0,0.0,2017
2017-12-24,2879.952,6,RM-19675,West,TEC-CO-10001449,Technology,0.2,-575.9904,2017
2017-12-24,90.48,3,RM-19675,West,OFF-BI-10001670,Office Supplies,0.2,-18.096,2017
2017-09-09,8.832,3,SO-20335,South,OFF-SU-10001225,Office Supplies,0.2,-1.7664,2017
2017-09-09,177.536,4,SO-20335,South,OFF-PA-10000357,Office Supplies,0.2,-35.5072,2017
2017-09-09,258.48,2,SO-20335,South,OFF-ST-10000046,Office Supplies,0.2,-51.69600000000001,2017
2017-09-09,14.136,3,SO-20335,South,FUR-FU-10000023,Furniture,0.2,-2.8272,2017
2017-08-03,51.75,5,BD-11725,West,OFF-LA-10001297,Office Supplies,0.0,0.0,2017
2017-08-03,123.96,3,BD-11725,West,FUR-FU-10000723,Furniture,0.0,0.0,2017
2017-03-12,242.94,3,BS-11380,West,OFF-ST-10000736,Office Supplies,0.0,0.0,2017
2017-04-27,123.92,4,AP-10915,West,OFF-AR-10003373,Office Supplies,0.0,0.0,2017
2017-04-27,12.39,3,AP-10915,West,OFF-AR-10000390,Office Supplies,0.0,0.0,2017
2017-04-27,47.3,2,AP-10915,West,OFF-AR-10001725,Office Supplies,0.0,0.0,2017
2017-10-22,3.168,4,HA-14905,West,OFF-BI-10000831,Office Supplies,0.7,-2.2176,2017
2017-10-22,579.136,4,HA-14905,West,FUR-CH-10000749,Furniture,0.2,-115.8272,2017
2017-05-14,440.19,9,KB-16585,West,OFF-PA-10003228,Office Supplies,0.0,0.0,2017
2017-05-14,64.4,5,KB-16585,West,OFF-SU-10004498,Office Supplies,0.0,0.0,2017
2017-04-08,244.55,5,AH-10120,West,OFF-PA-10001878,Office Supplies,0.0,0.0,2017
2017-04-08,195.76,4,AH-10120,West,OFF-PA-10002923,Office Supplies,0.0,0.0,2017
2017-02-17,11.76,2,GH-14410,East,OFF-PA-10001838,Office Supplies,0.0,0.0,2017
2017-02-17,166.45,5,GH-14410,East,OFF-ST-10003123,Office Supplies,0.0,0.0,2017
2017-06-24,2.88,1,KT-16480,West,OFF-FA-10001332,Office Supplies,0.0,0.0,2017
2017-05-06,11.06,10,DB-13555,Central,OFF-BI-10002827,Office Supplies,0.8,-8.848,2017
2017-05-06,623.4648,7,DB-13555,Central,FUR-BO-10001601,Furniture,0.32,-199.508736,2017
2017-05-06,772.68,5,DB-13555,Central,OFF-ST-10001932,Office Supplies,0.2,-154.536,2017
2017-03-27,15.008,2,AG-10270,East,FUR-FU-10003832,Furniture,0.2,-3.0016,2017
2017-03-30,5.715,5,BP-11155,East,OFF-BI-10001525,Office Supplies,0.7,-4.0005,2017
2017-05-11,5.248,2,JK-16120,Central,OFF-AR-10003481,Office Supplies,0.2,-1.0496,2017
2017-05-11,74.416,2,JK-16120,Central,OFF-ST-10004180,Office Supplies,0.2,-14.8832,2017
2017-05-11,6.848,2,JK-16120,Central,OFF-PA-10003657,Office Supplies,0.2,-1.3696,2017
2017-05-11,7.996,1,JK-16120,Central,FUR-FU-10001967,Furniture,0.6,-4.7976,2017
2017-06-29,895.92,5,WB-21850,West,OFF-BI-10003091,Office Supplies,0.2,-179.184,2017
2017-06-29,130.71,3,WB-21850,West,OFF-ST-10002974,Office Supplies,0.0,0.0,2017
2017-06-29,11.68,2,WB-21850,West,OFF-AR-10000255,Office Supplies,0.0,0.0,2017
2017-06-29,62.31,3,WB-21850,West,TEC-AC-10001284,Technology,0.0,0.0,2017
2017-05-18,344.704,2,AB-10105,West,TEC-PH-10002200,Technology,0.2,-68.94080000000001,2017
2017-12-03,521.96,2,CM-12655,West,FUR-TA-10002958,Furniture,0.0,0.0,2017
2017-09-01,7.58,1,CK-12325,West,OFF-AR-10001166,Office Supplies,0.0,0.0,2017
2017-11-12,9.96,2,CS-12355,West,OFF-LA-10004853,Office Supplies,0.0,0.0,2017
2017-11-12,9.21,3,CS-12355,West,OFF-AR-10000315,Office Supplies,0.0,0.0,2017
2017-11-12,27.93,3,CS-12355,West,OFF-SU-10000381,Office Supplies,0.0,0.0,2017
2017-03-05,7.9,2,JD-16060,Central,OFF-FA-10002763,Office Supplies,0.0,0.0,2017
2017-03-05,221.16,4,JD-16060,Central,OFF-ST-10000877,Office Supplies,0.0,0.0,2017
2017-03-05,127.96,2,JD-16060,Central,OFF-BI-10001071,Office Supplies,0.0,0.0,2017
2017-03-05,18.69,3,JD-16060,Central,OFF-BI-10001097,Office Supplies,0.0,0.0,2017
2017-11-20,209.568,2,ES-14020,South,FUR-CH-10001482,Furniture,0.2,-41.9136,2017
2017-02-03,3.882,2,SC-20380,South,OFF-BI-10000301,Office Supplies,0.7,-2.7174,2017
2017-02-03,115.296,3,SC-20380,South,OFF-PA-10004381,Office Supplies,0.2,-23.0592,2017
2017-09-21,1.908,2,EB-13870,East,OFF-BI-10004141,Office Supplies,0.7,-1.3356,2017
2017-04-30,43.372,7,TC-21475,Central,OFF-BI-10001575,Office Supplies,0.8,-34.6976,2017
2017-11-24,27.76,4,PG-18820,West,OFF-AR-10001860,Office Supplies,0.0,0.0,2017
2017-06-02,25.344,4,CS-11860,South,OFF-PA-10004733,Office Supplies,0.2,-5.0688,2017
2017-11-23,6.464,1,CM-12385,Central,FUR-FU-10004909,Furniture,0.6,-3.8784,2017
2017-11-23,11.52,5,CM-12385,Central,OFF-LA-10001613,Office Supplies,0.2,-2.304,2017
2017-11-23,222.384,2,CM-12385,Central,TEC-PH-10004447,Technology,0.2,-44.4768,2017
2017-11-16,23.36,4,EK-13795,West,OFF-AR-10000255,Office Supplies,0.0,0.0,2017
2017-11-07,100.94,7,PK-19075,East,OFF-AP-10000696,Office Supplies,0.0,0.0,2017
2017-01-28,279.9,5,GB-14575,Central,OFF-PA-10000806,Office Supplies,0.0,0.0,2017
2017-07-13,39.594,1,MH-17455,East,TEC-PH-10003885,Technology,0.4,-15.8376,2017
2017-07-13,91.008,9,MH-17455,East,FUR-FU-10002501,Furniture,0.2,-18.2016,2017
2017-06-08,10.36,2,LW-17125,East,OFF-BI-10004040,Office Supplies,0.0,0.0,2017
2017-11-12,14.016,4,JE-15610,West,OFF-BI-10003460,Office Supplies,0.2,-2.8032,2017
2017-10-05,39.92,5,MP-18175,West,OFF-BI-10002571,Office Supplies,0.2,-7.984000000000001,2017
2017-10-05,61.96,2,MP-18175,West,OFF-PA-10002581,Office Supplies,0.0,0.0,2017
2017-10-05,19.936,4,MP-18175,West,OFF-BI-10001097,Office Supplies,0.2,-3.9872,2017
2017-06-01,3.798,2,FH-14350,East,OFF-BI-10003429,Office Supplies,0.7,-2.6586,2017
2017-06-01,27.744,6,FH-14350,East,OFF-PA-10000682,Office Supplies,0.2,-5.5488,2017
2017-06-01,158.376,4,FH-14350,East,TEC-PH-10001700,Technology,0.4,-63.35040000000001,2017
2017-11-20,27.58,2,SC-20050,South,FUR-FU-10000629,Furniture,0.0,0.0,2017
2017-09-29,243.92,5,JO-15280,South,OFF-ST-10001418,Office Supplies,0.2,-48.784,2017
2017-12-15,10.192,7,SS-20140,Central,OFF-AR-10000823,Office Supplies,0.2,-2.0384,2017
2017-06-26,239.97,3,SC-20725,East,TEC-PH-10001425,Technology,0.0,0.0,2017
2017-11-13,2404.704,6,TT-21070,West,FUR-CH-10001215,Furniture,0.2,-480.9408000000001,2017
2017-11-13,563.024,11,TT-21070,West,OFF-BI-10001718,Office Supplies,0.2,-112.6048,2017
2017-11-13,344.91,3,TT-21070,West,OFF-ST-10000991,Office Supplies,0.0,0.0,2017
2017-11-13,8.64,3,TT-21070,West,OFF-LA-10001613,Office Supplies,0.0,0.0,2017
2017-11-24,89.988,2,SC-20440,East,TEC-PH-10003437,Technology,0.4,-35.9952,2017
2017-11-24,229.544,7,SC-20440,East,OFF-PA-10000675,Office Supplies,0.2,-45.90880000000001,2017
2017-05-23,1.824,2,KL-16645,Central,OFF-FA-10000840,Office Supplies,0.2,-0.3648,2017
2017-05-23,18.32,5,KL-16645,Central,OFF-AP-10001947,Office Supplies,0.8,-14.656,2017
2017-05-23,48.816,3,KL-16645,Central,OFF-ST-10002301,Office Supplies,0.2,-9.763200000000001,2017
2017-05-23,1.188,1,KL-16645,Central,OFF-BI-10001922,Office Supplies,0.8,-0.9504,2017
2017-11-02,5.32,2,TB-21175,South,OFF-EN-10004846,Office Supplies,0.0,0.0,2017
2017-11-02,975.92,4,TB-21175,South,FUR-CH-10000454,Furniture,0.0,0.0,2017
2017-11-02,2249.91,9,TB-21175,South,TEC-AC-10004145,Technology,0.0,0.0,2017
2017-11-02,59.92,4,TB-21175,South,OFF-ST-10001580,Office Supplies,0.0,0.0,2017
2017-03-08,171.2,5,AH-10210,West,OFF-BI-10003876,Office Supplies,0.2,-34.24,2017
2017-03-08,3.36,2,AH-10210,West,OFF-AR-10001972,Office Supplies,0.0,0.0,2017
2017-12-17,481.32,4,CA-12310,West,OFF-ST-10001526,Office Supplies,0.0,0.0,2017
2017-12-17,13.98,1,CA-12310,West,OFF-SU-10002557,Office Supplies,0.0,0.0,2017
2017-03-07,25.92,6,SH-20395,East,OFF-BI-10003669,Office Supplies,0.2,-5.184000000000001,2017
2017-03-07,91.59,3,SH-20395,East,OFF-LA-10003510,Office Supplies,0.0,0.0,2017
2017-01-14,18.336,3,BH-11710,South,OFF-EN-10001219,Office Supplies,0.2,-3.6672,2017
2017-01-14,36.288,7,BH-11710,South,OFF-PA-10000019,Office Supplies,0.2,-7.2576,2017
2017-01-14,111.984,2,BH-11710,South,TEC-PH-10001924,Technology,0.2,-22.3968,2017
2017-01-14,5.97,5,BH-11710,South,OFF-BI-10002003,Office Supplies,0.7,-4.178999999999999,2017
2017-01-14,2.508,2,BH-11710,South,OFF-BI-10003727,Office Supplies,0.7,-1.7556,2017
2017-10-09,67.144,7,MB-17305,Central,OFF-AR-10004344,Office Supplies,0.2,-13.4288,2017
2017-10-09,254.058,3,MB-17305,Central,FUR-CH-10001802,Furniture,0.3,-76.2174,2017
2017-08-19,2.296,2,SC-20575,Central,OFF-BI-10002393,Office Supplies,0.8,-1.8368,2017
2017-12-25,96.08,2,MH-18115,South,OFF-PA-10004381,Office Supplies,0.0,0.0,2017
2017-12-25,3.62,2,MH-18115,South,OFF-FA-10003059,Office Supplies,0.0,0.0,2017
2017-12-25,629.1,6,MH-18115,South,OFF-PA-10000994,Office Supplies,0.0,0.0,2017
2017-12-25,90.48,2,MH-18115,South,TEC-PH-10002890,Technology,0.0,0.0,2017
2017-09-10,14.88,2,AR-10345,East,OFF-AR-10003338,Office Supplies,0.0,0.0,2017
2017-10-19,91.275,1,MO-17500,Central,FUR-TA-10003008,Furniture,0.5,-45.6375,2017
2017-12-01,19.44,3,AD-10180,East,OFF-PA-10001972,Office Supplies,0.0,0.0,2017
2017-12-01,897.15,3,AD-10180,East,FUR-CH-10000155,Furniture,0.0,0.0,2017
2017-03-25,23.1,2,FM-14215,West,OFF-AR-10001446,Office Supplies,0.0,0.0,2017
2017-01-06,33.74,7,DP-13390,South,OFF-BI-10004728,Office Supplies,0.0,0.0,2017
2017-12-21,375.34,1,LP-17095,Central,OFF-ST-10004459,Office Supplies,0.0,0.0,2017
2017-11-27,117.488,7,BD-11320,West,OFF-BI-10001989,Office Supplies,0.2,-23.4976,2017
2017-11-27,18.84,3,BD-11320,West,FUR-FU-10000732,Furniture,0.0,0.0,2017
2017-12-08,69.48,1,AS-10225,West,OFF-AP-10002670,Office Supplies,0.0,0.0,2017
2017-08-31,6.672,3,AW-10930,West,OFF-BI-10004022,Office Supplies,0.2,-1.3344,2017
2017-08-31,689.408,4,AW-10930,West,TEC-PH-10002200,Technology,0.2,-137.8816,2017
2017-12-07,1889.99,5,HG-14965,Central,OFF-BI-10001120,Office Supplies,0.8,-1511.992,2017
2017-03-10,48.784,1,KS-16300,South,OFF-AP-10000390,Office Supplies,0.2,-9.7568,2017
2017-03-10,13.092,4,KS-16300,South,OFF-BI-10000014,Office Supplies,0.7,-9.1644,2017
2017-05-07,79.99,1,AB-10060,West,TEC-AC-10000736,Technology,0.0,0.0,2017
2017-05-11,209.979,7,TS-21370,West,FUR-BO-10004467,Furniture,0.7,-146.9853,2017
2017-07-21,33.93,3,SW-20350,East,OFF-BI-10001670,Office Supplies,0.7,-23.751,2017
2017-07-21,222.32,7,SW-20350,East,OFF-ST-10000136,Office Supplies,0.2,-44.464,2017
2017-07-21,210.564,6,SW-20350,East,TEC-PH-10004522,Technology,0.4,-84.2256,2017
2017-03-23,347.58,3,MZ-17515,East,OFF-SU-10003505,Office Supplies,0.0,0.0,2017
2017-07-29,33.48,2,RF-19735,Central,OFF-BI-10004828,Office Supplies,0.0,0.0,2017
2017-07-29,461.97,3,RF-19735,Central,TEC-PH-10003012,Technology,0.0,0.0,2017
2017-07-29,137.62,2,RF-19735,Central,OFF-AP-10002311,Office Supplies,0.0,0.0,2017
2017-07-29,302.67,3,RF-19735,Central,FUR-CH-10004626,Furniture,0.0,0.0,2017
2017-01-29,8.34,3,VG-21790,West,OFF-AR-10001216,Office Supplies,0.0,0.0,2017
2017-01-29,8.57,1,VG-21790,West,OFF-SU-10001664,Office Supplies,0.0,0.0,2017
2017-01-29,119.616,8,VG-21790,West,OFF-BI-10002498,Office Supplies,0.2,-23.9232,2017
2017-11-17,239.96,5,EG-13900,Central,TEC-AC-10003610,Technology,0.2,-47.992,2017
2017-05-19,195.64,4,JC-15775,South,OFF-PA-10003129,Office Supplies,0.0,0.0,2017
2017-09-22,391.98,2,CA-12265,East,TEC-PH-10004977,Technology,0.0,0.0,2017
2017-11-30,383.976,3,SC-20380,South,TEC-AC-10002001,Technology,0.2,-76.79520000000001,2017
2017-11-30,1781.682,7,SC-20380,South,FUR-TA-10001889,Furniture,0.4,-712.6728,2017
2017-01-15,21.4,5,TT-21460,West,OFF-AR-10003504,Office Supplies,0.0,0.0,2017
2017-04-25,13.904,2,MB-18085,West,OFF-BI-10002103,Office Supplies,0.2,-2.7808,2017
2017-11-11,18.24,3,CG-12040,Central,OFF-BI-10002949,Office Supplies,0.0,0.0,2017
2017-11-25,359.499,3,BD-11500,West,FUR-BO-10002213,Furniture,0.15,-53.92485,2017
2017-11-25,10.48,1,BD-11500,West,OFF-ST-10001325,Office Supplies,0.0,0.0,2017
2017-08-04,7.968,2,HM-14860,West,OFF-PA-10001752,Office Supplies,0.2,-1.5936,2017
2017-08-04,8.784,1,HM-14860,West,OFF-EN-10001141,Office Supplies,0.2,-1.7568,2017
2017-12-30,3.024,3,JM-15580,West,OFF-FA-10003472,Office Supplies,0.2,-0.6048,2017
2017-04-25,42.048,9,PN-18775,South,OFF-AR-10004078,Office Supplies,0.2,-8.409600000000001,2017
2017-04-25,67.92,5,PN-18775,South,OFF-AR-10001958,Office Supplies,0.2,-13.584,2017
2017-07-25,3.304,1,DD-13570,East,OFF-LA-10004178,Office Supplies,0.2,-0.6608,2017
2017-11-11,35.48,1,MT-17815,East,OFF-ST-10003324,Office Supplies,0.0,0.0,2017
2017-12-29,101.12,8,BP-11185,West,FUR-FU-10002501,Furniture,0.0,0.0,2017
2017-11-26,58.73,7,FG-14260,East,OFF-AP-10001962,Office Supplies,0.0,0.0,2017
2017-11-26,93.344,4,FG-14260,East,OFF-BI-10003364,Office Supplies,0.2,-18.6688,2017
2017-09-29,23.34,3,JA-15970,East,OFF-EN-10001539,Office Supplies,0.0,0.0,2017
2017-09-29,51.55,5,JA-15970,East,OFF-PA-10004996,Office Supplies,0.0,0.0,2017
2017-02-02,86.26,2,JL-15835,West,FUR-FU-10003039,Furniture,0.0,0.0,2017
2017-02-02,139.04,4,JL-15835,West,OFF-ST-10000464,Office Supplies,0.0,0.0,2017
2017-02-02,46.8,4,JL-15835,West,OFF-AP-10000252,Office Supplies,0.0,0.0,2017
2017-12-24,8.544,4,JL-15175,West,FUR-FU-10001731,Furniture,0.2,-1.7088,2017
2017-12-24,842.376,3,JL-15175,West,FUR-CH-10001394,Furniture,0.2,-168.4752,2017
2017-03-06,67.78,2,SH-19975,West,OFF-ST-10000675,Office Supplies,0.0,0.0,2017
2017-09-25,39.9,5,LS-17200,West,OFF-ST-10002352,Office Supplies,0.0,0.0,2017
2017-06-30,1001.584,2,GH-14410,Central,TEC-PH-10002584,Technology,0.2,-200.3168,2017
2017-06-30,569.058,3,GH-14410,Central,FUR-CH-10000229,Furniture,0.3,-170.7174,2017
2017-06-30,14.224,2,GH-14410,Central,FUR-FU-10003799,Furniture,0.6,-8.5344,2017
2017-10-19,2.072,2,CA-12265,Central,OFF-BI-10002799,Office Supplies,0.8,-1.6576,2017
2017-10-19,328.3992,3,CA-12265,Central,FUR-BO-10004360,Furniture,0.32,-105.087744,2017
2017-09-12,45.36,7,DJ-13510,East,OFF-PA-10003797,Office Supplies,0.0,0.0,2017
2017-09-12,45.78,3,DJ-13510,East,OFF-BI-10003707,Office Supplies,0.0,0.0,2017
2017-09-24,40.29,3,AG-10675,South,OFF-ST-10000885,Office Supplies,0.0,0.0,2017
2017-09-24,38.71,7,AG-10675,South,OFF-BI-10002827,Office Supplies,0.0,0.0,2017
2017-11-14,167.952,6,XP-21865,Central,TEC-AC-10004855,Technology,0.2,-33.5904,2017
2017-11-14,45.04,2,XP-21865,Central,OFF-AR-10003582,Office Supplies,0.2,-9.008000000000001,2017
2017-05-05,23.16,2,DK-12985,West,OFF-EN-10003448,Office Supplies,0.0,0.0,2017
2017-09-09,17.48,2,JB-16000,Central,OFF-EN-10000461,Office Supplies,0.0,0.0,2017
2017-04-15,79.14,3,NS-18640,West,OFF-PA-10002254,Office Supplies,0.0,0.0,2017
2017-06-10,8.4,5,LC-16930,East,OFF-AR-10001868,Office Supplies,0.0,0.0,2017
2017-09-01,498.26,7,CA-12775,Central,FUR-CH-10004875,Furniture,0.0,0.0,2017
2017-05-18,706.86,7,PP-18955,Central,OFF-AP-10000938,Office Supplies,0.0,0.0,2017
2017-05-18,114.95,5,PP-18955,Central,TEC-PH-10003555,Technology,0.0,0.0,2017
2017-05-18,43.19,7,PP-18955,Central,OFF-BI-10001267,Office Supplies,0.0,0.0,2017
2017-09-12,166.44,3,JM-15865,West,OFF-PA-10004071,Office Supplies,0.0,0.0,2017
2017-03-19,14.624,2,SA-20830,West,OFF-BI-10001553,Office Supplies,0.2,-2.9248,2017
2017-03-19,697.16,5,SA-20830,West,FUR-TA-10001095,Furniture,0.2,-139.432,2017
2017-03-19,30.93,1,SA-20830,West,FUR-FU-10001185,Furniture,0.0,0.0,2017
2017-03-19,27.496,7,SA-20830,West,OFF-BI-10000343,Office Supplies,0.2,-5.4992,2017
2017-08-22,210.008,1,TM-21490,West,FUR-TA-10001768,Furniture,0.2,-42.0016,2017
2017-08-04,3.318,3,HM-14860,Central,OFF-BI-10002827,Office Supplies,0.8,-2.6544,2017
2017-11-03,43.5,3,EJ-14155,West,TEC-AC-10002345,Technology,0.0,0.0,2017
2017-01-03,38.88,6,DL-13315,West,OFF-PA-10004735,Office Supplies,0.0,0.0,2017
2017-10-09,35.2,5,XP-21865,West,OFF-PA-10001745,Office Supplies,0.0,0.0,2017
2017-10-20,45.528,3,MA-17560,East,OFF-PA-10000176,Office Supplies,0.2,-9.1056,2017
2017-09-30,11.76,2,CS-11845,West,OFF-PA-10001838,Office Supplies,0.0,0.0,2017
2017-09-30,167.94,3,CS-11845,West,OFF-PA-10004039,Office Supplies,0.0,0.0,2017
2017-09-30,3.89,1,CS-11845,West,OFF-AP-10001626,Office Supplies,0.0,0.0,2017
2017-11-16,52.44,4,MH-18115,East,TEC-MA-10003173,Technology,0.0,0.0,2017
2017-09-11,32.36,4,CB-12025,West,FUR-FU-10000260,Furniture,0.0,0.0,2017
2017-09-11,406.6,5,CB-12025,West,OFF-AP-10004487,Office Supplies,0.0,0.0,2017
2017-01-16,27.92,4,JO-15145,West,FUR-FU-10001487,Furniture,0.0,0.0,2017
2017-01-16,399.672,7,JO-15145,West,FUR-TA-10001520,Furniture,0.2,-79.93440000000001,2017
2017-12-14,159.8,4,KL-16555,South,TEC-AC-10004469,Technology,0.0,0.0,2017
2017-12-14,44.75,5,KL-16555,South,TEC-AC-10003038,Technology,0.0,0.0,2017
2017-09-07,13.48,1,AG-10675,Central,TEC-AC-10002134,Technology,0.0,0.0,2017
2017-10-07,85.52,2,DB-13210,Central,OFF-ST-10001837,Office Supplies,0.0,0.0,2017
2017-05-05,21.24,9,LH-17020,West,OFF-EN-10002600,Office Supplies,0.2,-4.248,2017
2017-05-05,9.552,8,LH-17020,West,OFF-BI-10003274,Office Supplies,0.7,-6.686399999999999,2017
2017-05-05,89.991,3,LH-17020,West,FUR-BO-10004467,Furniture,0.7,-62.9937,2017
2017-04-30,163.96,4,AD-10180,West,OFF-PA-10000675,Office Supplies,0.0,0.0,2017
2017-06-20,4.464,1,PJ-19015,South,OFF-ST-10004835,Office Supplies,0.2,-0.8928000000000001,2017
2017-08-15,50.4,8,BO-11350,Central,OFF-LA-10000305,Office Supplies,0.0,0.0,2017
2017-03-04,89.568,2,DP-13000,Central,OFF-PA-10000806,Office Supplies,0.2,-17.9136,2017
2017-07-27,14.89,1,TM-21490,East,FUR-FU-10004018,Furniture,0.0,0.0,2017
2017-07-27,543.92,8,TM-21490,East,TEC-PH-10002660,Technology,0.0,0.0,2017
2017-11-19,191.058,3,NC-18415,Central,FUR-CH-10003774,Furniture,0.3,-57.3174,2017
2017-11-19,13.04,5,NC-18415,Central,OFF-AR-10003876,Office Supplies,0.2,-2.608,2017
2017-11-19,1525.188,6,NC-18415,Central,OFF-BI-10003527,Office Supplies,0.8,-1220.1504,2017
2017-04-30,64.96,2,DJ-13510,West,FUR-FU-10000222,Furniture,0.0,0.0,2017
2017-04-30,30.56,4,DJ-13510,West,OFF-EN-10001219,Office Supplies,0.0,0.0,2017
2017-10-02,11.808,2,Dp-13240,South,FUR-FU-10002364,Furniture,0.2,-2.3616,2017
2017-10-02,9.656,1,Dp-13240,South,FUR-FU-10004864,Furniture,0.2,-1.9312,2017
2017-10-02,20.736,4,Dp-13240,South,OFF-PA-10003172,Office Supplies,0.2,-4.147200000000001,2017
2017-10-02,27.36,3,Dp-13240,South,OFF-BI-10000977,Office Supplies,0.7,-19.152,2017
2017-10-02,2314.116,7,Dp-13240,South,FUR-TA-10000198,Furniture,0.4,-925.6464000000001,2017
2017-10-02,34.236,4,Dp-13240,South,OFF-BI-10003984,Office Supplies,0.7,-23.9652,2017
2017-10-02,19.76,2,Dp-13240,South,FUR-FU-10003691,Furniture,0.2,-3.952,2017
2017-09-18,15.96,2,TM-21010,Central,OFF-PA-10004082,Office Supplies,0.0,0.0,2017
2017-10-16,307.776,7,AJ-10780,West,OFF-PA-10000062,Office Supplies,0.2,-61.55520000000001,2017
2017-03-21,725.84,4,SC-20725,West,OFF-ST-10003208,Office Supplies,0.0,0.0,2017
2017-03-21,10.896,3,SC-20725,West,OFF-BI-10003981,Office Supplies,0.2,-2.1792,2017
2017-03-21,8.544,2,SC-20725,West,OFF-BI-10001031,Office Supplies,0.2,-1.7088,2017
2017-12-09,143.856,9,LH-16900,Central,OFF-PA-10001019,Office Supplies,0.2,-28.7712,2017
2017-04-14,198.272,8,DW-13585,South,FUR-BO-10003433,Furniture,0.2,-39.6544,2017
2017-06-09,720.76,5,NC-18625,Central,OFF-ST-10001496,Office Supplies,0.2,-144.152,2017
2017-06-10,88.776,3,BD-11320,West,TEC-PH-10002923,Technology,0.2,-17.7552,2017
2017-06-10,11.56,4,BD-11320,West,OFF-LA-10004689,Office Supplies,0.0,0.0,2017
2017-06-10,15.58,1,BD-11320,West,OFF-ST-10001228,Office Supplies,0.0,0.0,2017
2017-09-10,85.056,3,KH-16630,East,OFF-PA-10003302,Office Supplies,0.2,-17.0112,2017
2017-04-08,273.96,2,NH-18610,Central,FUR-FU-10004665,Furniture,0.0,0.0,2017
2017-04-08,306.9,3,NH-18610,Central,FUR-FU-10004188,Furniture,0.0,0.0,2017
2017-05-27,98.16,6,RP-19855,West,TEC-AC-10004510,Technology,0.0,0.0,2017
2017-05-27,31.44,3,RP-19855,West,OFF-AR-10004062,Office Supplies,0.0,0.0,2017
2017-06-26,358.2,3,CC-12220,East,TEC-PH-10001760,Technology,0.4,-143.28,2017
2017-06-26,545.916,14,CC-12220,East,TEC-PH-10000673,Technology,0.4,-218.3664,2017
2017-03-12,40.41,9,GA-14725,South,OFF-BI-10000829,Office Supplies,0.0,0.0,2017
2017-02-18,167.976,3,CV-12805,West,TEC-PH-10001924,Technology,0.2,-33.5952,2017
2017-02-18,109.53,3,CV-12805,West,TEC-AC-10004864,Technology,0.0,0.0,2017
2017-02-18,9.82,2,CV-12805,West,OFF-LA-10004345,Office Supplies,0.0,0.0,2017
2017-11-10,26.352,3,NC-18535,West,OFF-BI-10000088,Office Supplies,0.2,-5.2704,2017
2017-09-21,71.98,2,ML-18265,West,TEC-AC-10000158,Technology,0.0,0.0,2017
2017-09-21,79.98,2,ML-18265,West,TEC-AC-10000303,Technology,0.0,0.0,2017
2017-08-24,24.672,4,AH-10195,East,OFF-BI-10003910,Office Supplies,0.2,-4.9344,2017
2017-08-24,3.744,1,AH-10195,East,OFF-BI-10000138,Office Supplies,0.2,-0.7488000000000001,2017
2017-12-08,87.92,4,DM-13345,West,OFF-PA-10003022,Office Supplies,0.0,0.0,2017
2017-12-08,22.424,1,DM-13345,West,OFF-BI-10002854,Office Supplies,0.2,-4.4848,2017
2017-12-08,90.48,3,DM-13345,West,OFF-BI-10001670,Office Supplies,0.2,-18.096,2017
2017-12-08,42.76,1,DM-13345,West,OFF-ST-10001837,Office Supplies,0.0,0.0,2017
2017-09-18,10.08,7,TS-21505,West,OFF-BI-10002012,Office Supplies,0.2,-2.016,2017
2017-09-18,101.34,3,TS-21505,West,TEC-AC-10004992,Technology,0.0,0.0,2017
2017-09-23,73.176,6,LC-16870,Central,OFF-AP-10000390,Office Supplies,0.8,-58.5408,2017
2017-09-23,20.736,4,LC-16870,Central,OFF-PA-10004888,Office Supplies,0.2,-4.147200000000001,2017
2017-09-23,39.984,2,LC-16870,Central,TEC-PH-10004188,Technology,0.2,-7.9968,2017
2017-11-03,26.4,5,PJ-18835,South,OFF-PA-10001215,Office Supplies,0.0,0.0,2017
2017-01-20,3.52,2,JF-15490,East,OFF-AR-10001545,Office Supplies,0.0,0.0,2017
2017-10-21,161.568,2,FC-14245,East,OFF-AP-10000938,Office Supplies,0.2,-32.3136,2017
2017-10-21,4.064,1,FC-14245,East,OFF-PA-10002195,Office Supplies,0.2,-0.8128000000000001,2017
2017-10-21,6.216,4,FC-14245,East,OFF-BI-10002799,Office Supplies,0.7,-4.3512,2017
2017-04-25,8.896,4,LH-16750,West,OFF-AR-10000246,Office Supplies,0.2,-1.7792,2017
2017-11-13,2.064,1,TC-21295,South,OFF-AR-10002335,Office Supplies,0.2,-0.4128000000000001,2017
2017-09-09,6.368,2,AI-10855,West,OFF-PA-10000859,Office Supplies,0.2,-1.2736,2017
2017-05-19,38.016,6,PJ-18835,Central,OFF-PA-10004733,Office Supplies,0.2,-7.6032,2017
2017-04-28,8.384,1,MC-17605,East,OFF-ST-10001325,Office Supplies,0.2,-1.6768,2017
2017-04-28,6.848,2,MC-17605,East,OFF-AR-10003056,Office Supplies,0.2,-1.3696,2017
2017-12-29,19.6,5,BS-11755,West,OFF-FA-10000089,Office Supplies,0.0,0.0,2017
2017-12-29,68.46,2,BS-11755,West,FUR-FU-10004093,Furniture,0.0,0.0,2017
2017-09-04,13.344,6,PK-19075,West,OFF-BI-10004022,Office Supplies,0.2,-2.6688,2017
2017-09-04,1478.272,8,PK-19075,West,FUR-TA-10001771,Furniture,0.2,-295.6544,2017
2017-09-28,9.24,3,BD-11725,West,FUR-FU-10001706,Furniture,0.0,0.0,2017
2017-12-19,13.36,5,TS-21505,West,FUR-FU-10000320,Furniture,0.2,-2.672,2017
2017-12-19,78.256,2,TS-21505,West,OFF-ST-10002554,Office Supplies,0.2,-15.6512,2017
2017-12-19,102.018,7,TS-21505,West,FUR-BO-10000468,Furniture,0.7,-71.4126,2017
2017-12-26,750.68,2,YC-21895,Central,OFF-ST-10004459,Office Supplies,0.0,0.0,2017
2017-06-15,44.4,3,Dp-13240,Central,OFF-LA-10002312,Office Supplies,0.0,0.0,2017
2017-06-15,84.55,5,Dp-13240,Central,OFF-ST-10001291,Office Supplies,0.0,0.0,2017
2017-06-15,17.94,3,Dp-13240,Central,OFF-PA-10003022,Office Supplies,0.0,0.0,2017
2017-10-08,103.192,1,CS-12250,West,TEC-PH-10001336,Technology,0.2,-20.6384,2017
2017-10-08,36.0,2,CS-12250,West,TEC-AC-10002305,Technology,0.0,0.0,2017
2017-10-08,239.96,4,CS-12250,West,TEC-AC-10003610,Technology,0.0,0.0,2017
2017-10-08,40.68,2,CS-12250,West,OFF-ST-10002301,Office Supplies,0.0,0.0,2017
2017-01-30,419.136,4,EB-13870,South,FUR-CH-10002044,Furniture,0.2,-83.8272,2017
2017-04-01,23.976,3,BF-11020,South,TEC-PH-10004897,Technology,0.2,-4.7952,2017
2017-04-01,6.264,3,BF-11020,South,OFF-LA-10000262,Office Supplies,0.2,-1.2528,2017
2017-04-01,20.808,3,BF-11020,South,OFF-AP-10002222,Office Supplies,0.2,-4.1616,2017
2017-04-01,218.352,3,BF-11020,South,FUR-CH-10003774,Furniture,0.2,-43.6704,2017
2017-01-26,18.16,2,CG-12520,Central,OFF-ST-10000615,Office Supplies,0.2,-3.632,2017
2017-06-12,63.92,2,HG-15025,East,TEC-AC-10004469,Technology,0.2,-12.784,2017
2017-07-15,6.56,2,MM-18055,East,OFF-AR-10001177,Office Supplies,0.0,0.0,2017
2017-07-15,7.83,3,MM-18055,East,OFF-LA-10000634,Office Supplies,0.0,0.0,2017
2017-07-15,41.9,2,MM-18055,East,TEC-AC-10004708,Technology,0.0,0.0,2017
2017-07-15,664.146,6,MM-18055,East,FUR-CH-10002084,Furniture,0.1,-66.4146,2017
2017-07-15,8.96,2,MM-18055,East,OFF-PA-10004519,Office Supplies,0.0,0.0,2017
2017-11-02,3.312,1,TH-21115,East,FUR-FU-10001847,Furniture,0.2,-0.6624,2017
2017-11-02,20.136,3,TH-21115,East,OFF-AP-10001962,Office Supplies,0.2,-4.0272,2017
2017-11-02,8.856,3,TH-21115,East,OFF-EN-10003845,Office Supplies,0.2,-1.7712,2017
2017-11-02,859.2,4,TH-21115,East,TEC-PH-10001817,Technology,0.4,-343.6800000000001,2017
2017-05-15,56.704,2,JD-16015,Central,OFF-PA-10001736,Office Supplies,0.2,-11.3408,2017
2017-05-15,11.12,2,JD-16015,Central,TEC-PH-10002185,Technology,0.2,-2.224,2017
2017-12-04,239.96,10,MS-17980,East,FUR-CH-10004540,Furniture,0.3,-71.988,2017
2017-12-04,54.768,2,MS-17980,East,FUR-FU-10004093,Furniture,0.2,-10.9536,2017
2017-12-04,13.392,3,MS-17980,East,OFF-AR-10000716,Office Supplies,0.2,-2.6784,2017
2017-12-04,23.92,5,MS-17980,East,OFF-PA-10002709,Office Supplies,0.2,-4.784000000000001,2017
2017-12-04,255.968,4,MS-17980,East,TEC-AC-10000580,Technology,0.2,-51.1936,2017
2017-04-30,9.78,2,EA-14035,West,OFF-AR-10002804,Office Supplies,0.0,0.0,2017
2017-04-24,1.81,1,MG-17890,West,OFF-FA-10002676,Office Supplies,0.0,0.0,2017
2017-08-06,115.296,3,TB-21355,Central,OFF-PA-10004381,Office Supplies,0.2,-23.0592,2017
2017-12-02,2479.96,4,JK-16090,Central,TEC-PH-10001795,Technology,0.0,0.0,2017
2017-05-22,181.986,2,LE-16810,Central,FUR-CH-10000513,Furniture,0.3,-54.5958,2017
2017-05-22,1.592,2,LE-16810,Central,OFF-BI-10003274,Office Supplies,0.8,-1.2736,2017
2017-05-22,22.344,3,LE-16810,Central,OFF-SU-10000381,Office Supplies,0.2,-4.468800000000001,2017
2017-09-22,67.4,5,MG-17890,East,OFF-ST-10001590,Office Supplies,0.0,0.0,2017
2017-09-07,25.16,2,JM-16195,West,FUR-FU-10002396,Furniture,0.0,0.0,2017
2017-09-07,126.56,4,JM-16195,West,TEC-PH-10002807,Technology,0.2,-25.312,2017
2017-10-02,10.16,2,JW-15220,South,FUR-FU-10002963,Furniture,0.0,0.0,2017
2017-03-31,34.54,1,JE-15610,South,OFF-BI-10001153,Office Supplies,0.0,0.0,2017
2017-03-31,2999.95,5,JE-15610,South,TEC-CO-10001449,Technology,0.0,0.0,2017
2017-03-31,64.12,4,JE-15610,South,OFF-BI-10000474,Office Supplies,0.0,0.0,2017
2017-03-13,19.456,4,SU-20665,Central,OFF-AR-10000799,Office Supplies,0.2,-3.8912,2017
2017-03-13,209.986,2,SU-20665,Central,TEC-MA-10002109,Technology,0.3,-62.9958,2017
2017-03-13,29.76,5,SU-20665,Central,OFF-AR-10003338,Office Supplies,0.2,-5.952000000000001,2017
2017-03-13,89.768,1,SU-20665,Central,FUR-CH-10003606,Furniture,0.3,-26.9304,2017
2017-03-13,959.984,2,SU-20665,Central,TEC-CO-10001449,Technology,0.2,-191.9968,2017
2017-03-13,15.552,3,SU-20665,Central,OFF-PA-10001934,Office Supplies,0.2,-3.1104,2017
2017-03-13,34.36,1,SU-20665,Central,TEC-PH-10001527,Technology,0.2,-6.872,2017
2017-09-09,6.56,2,LC-17050,West,OFF-AR-10003829,Office Supplies,0.0,0.0,2017
2017-09-09,243.92,5,LC-17050,West,FUR-CH-10003833,Furniture,0.2,-48.784,2017
2017-09-09,47.52,9,LC-17050,West,OFF-PA-10000143,Office Supplies,0.0,0.0,2017
2017-10-04,19.98,1,PS-18970,East,FUR-FU-10000076,Furniture,0.0,0.0,2017
2017-11-30,83.56,4,VP-21730,East,OFF-ST-10002182,Office Supplies,0.0,0.0,2017
2017-11-30,546.06,3,VP-21730,East,TEC-PH-10001468,Technology,0.0,0.0,2017
2017-11-30,269.49,3,VP-21730,East,OFF-ST-10001809,Office Supplies,0.0,0.0,2017
2017-11-19,59.913,7,JH-15430,East,OFF-BI-10003984,Office Supplies,0.7,-41.9391,2017
2017-09-24,391.98,2,BP-11095,East,TEC-PH-10000984,Technology,0.0,0.0,2017
2017-09-24,437.85,3,BP-11095,East,TEC-PH-10001944,Technology,0.0,0.0,2017
2017-02-13,25.02,3,SV-20785,East,OFF-SU-10001165,Office Supplies,0.0,0.0,2017
2017-02-13,10.71,3,SV-20785,East,OFF-AR-10000614,Office Supplies,0.0,0.0,2017
2017-03-25,11.05,5,JL-15835,East,OFF-AR-10001547,Office Supplies,0.0,0.0,2017
2017-08-31,659.9,2,BG-11035,South,TEC-AC-10003033,Technology,0.0,0.0,2017
2017-08-18,843.9,2,HW-14935,West,TEC-AC-10002049,Technology,0.0,0.0,2017
2017-08-18,1496.16,9,HW-14935,West,TEC-AC-10002253,Technology,0.0,0.0,2017
2017-06-30,19.52,2,DV-13045,South,FUR-FU-10001591,Furniture,0.2,-3.904,2017
2017-06-26,13.872,6,DR-12880,South,OFF-LA-10004689,Office Supplies,0.2,-2.7744,2017
2017-06-26,273.552,3,DR-12880,South,FUR-CH-10001545,Furniture,0.2,-54.71040000000001,2017
2017-09-03,82.56,5,SC-20050,West,OFF-BI-10002225,Office Supplies,0.2,-16.512,2017
2017-09-03,284.97,3,SC-20050,West,TEC-AC-10000474,Technology,0.0,0.0,2017
2017-03-26,60.84,3,ML-18040,Central,FUR-FU-10004245,Furniture,0.0,0.0,2017
2017-04-02,11.12,4,AT-10435,East,OFF-AR-10000246,Office Supplies,0.0,0.0,2017
2017-03-23,34.76,5,SJ-20125,West,OFF-BI-10002103,Office Supplies,0.2,-6.952,2017
2017-04-14,74.45,5,HM-14860,East,FUR-FU-10004018,Furniture,0.0,0.0,2017
2017-11-02,19.44,3,JB-16000,West,OFF-PA-10001800,Office Supplies,0.0,0.0,2017
2017-07-17,32.4,5,AJ-10795,West,OFF-PA-10004609,Office Supplies,0.0,0.0,2017
2017-07-17,57.9,5,AJ-10795,West,OFF-EN-10002592,Office Supplies,0.0,0.0,2017
2017-07-17,10.56,2,AJ-10795,West,OFF-ST-10002957,Office Supplies,0.0,0.0,2017
2017-07-17,1194.165,5,AJ-10795,West,FUR-BO-10002613,Furniture,0.15,-179.12475,2017
2017-10-06,40.99,1,MM-18280,East,OFF-PA-10001033,Office Supplies,0.0,0.0,2017
2017-10-27,15.84,2,SH-19975,Central,OFF-EN-10003068,Office Supplies,0.2,-3.168,2017
2017-10-27,8.448,2,SH-19975,Central,OFF-PA-10001204,Office Supplies,0.2,-1.6896,2017
2017-10-14,27.396,9,AG-10765,Central,OFF-BI-10000309,Office Supplies,0.8,-21.9168,2017
2017-10-14,13.456,1,AG-10765,Central,OFF-BI-10004224,Office Supplies,0.8,-10.7648,2017
2017-11-03,35.88,6,PG-18895,West,OFF-PA-10003022,Office Supplies,0.0,0.0,2017
2017-09-22,40.176,3,SC-20440,East,OFF-BI-10004828,Office Supplies,0.2,-8.035200000000001,2017
2017-07-31,36.792,1,KW-16435,Central,TEC-PH-10003092,Technology,0.2,-7.3584,2017
2017-09-25,177.55,5,AG-10900,South,OFF-ST-10001476,Office Supplies,0.0,0.0,2017
2017-03-29,81.4,5,RD-19720,Central,OFF-ST-10001031,Office Supplies,0.0,0.0,2017
2017-12-08,178.11,3,JP-15520,Central,TEC-AC-10003023,Technology,0.0,0.0,2017
2017-12-08,1089.75,3,JP-15520,Central,OFF-AP-10003590,Office Supplies,0.0,0.0,2017
2017-12-08,61.06,2,JP-15520,Central,OFF-LA-10003510,Office Supplies,0.0,0.0,2017
2017-12-08,459.92,4,JP-15520,Central,FUR-BO-10003159,Furniture,0.0,0.0,2017
2017-12-08,27.52,4,JP-15520,Central,OFF-PA-10002713,Office Supplies,0.0,0.0,2017
2017-06-29,638.82,9,DR-12880,East,FUR-BO-10002598,Furniture,0.0,0.0,2017
2017-06-29,30.69,3,DR-12880,East,OFF-SU-10002537,Office Supplies,0.0,0.0,2017
2017-06-29,25.16,2,DR-12880,East,FUR-FU-10003976,Furniture,0.0,0.0,2017
2017-03-28,12.96,2,DH-13075,West,OFF-PA-10000232,Office Supplies,0.0,0.0,2017
2017-03-28,26.48,1,DH-13075,West,FUR-FU-10001095,Furniture,0.0,0.0,2017
2017-03-28,532.72,2,DH-13075,West,TEC-MA-10004679,Technology,0.2,-106.544,2017
2017-03-28,26.72,4,DH-13075,West,OFF-PA-10003651,Office Supplies,0.0,0.0,2017
2017-03-28,20.04,3,DH-13075,West,OFF-PA-10000743,Office Supplies,0.0,0.0,2017
2017-03-28,795.48,7,DH-13075,West,OFF-ST-10002743,Office Supplies,0.0,0.0,2017
2017-03-28,21.56,7,DH-13075,West,FUR-FU-10003829,Furniture,0.0,0.0,2017
2017-11-18,74.95,5,DK-13090,East,TEC-PH-10000923,Technology,0.0,0.0,2017
2017-08-12,542.94,3,JM-16195,West,OFF-AP-10000828,Office Supplies,0.0,0.0,2017
2017-08-12,54.92,4,JM-16195,West,FUR-FU-10001473,Furniture,0.0,0.0,2017
2017-09-08,85.2,6,AR-10345,Central,TEC-AC-10003116,Technology,0.2,-17.04,2017
2017-10-02,217.764,6,JK-16090,West,FUR-BO-10001972,Furniture,0.7,-152.4348,2017
2017-10-02,39.072,6,JK-16090,West,OFF-SU-10004664,Office Supplies,0.2,-7.814400000000001,2017
2017-10-02,22.638,7,JK-16090,West,OFF-BI-10003676,Office Supplies,0.7,-15.8466,2017
2017-10-02,95.144,7,JK-16090,West,OFF-AR-10003727,Office Supplies,0.2,-19.0288,2017
2017-04-10,12.32,5,MG-18205,South,FUR-FU-10003829,Furniture,0.2,-2.464,2017
2017-04-10,4.419,3,MG-18205,South,OFF-BI-10003712,Office Supplies,0.7,-3.0933,2017
2017-09-29,35.0,7,PG-18820,West,OFF-FA-10002280,Office Supplies,0.0,0.0,2017
2017-09-29,72.784,1,PG-18820,West,FUR-CH-10002961,Furniture,0.2,-14.5568,2017
2017-09-29,97.84,2,PG-18820,West,OFF-AP-10002578,Office Supplies,0.0,0.0,2017
2017-09-29,51.75,1,PG-18820,West,FUR-FU-10004848,Furniture,0.0,0.0,2017
2017-09-29,46.672,2,PG-18820,West,OFF-BI-10003364,Office Supplies,0.2,-9.3344,2017
2017-05-12,10.272,3,JP-16135,East,OFF-AR-10003504,Office Supplies,0.2,-2.0544,2017
2017-11-13,61.792,4,KE-16420,Central,OFF-ST-10000943,Office Supplies,0.2,-12.3584,2017
2017-11-13,205.9992,3,KE-16420,Central,FUR-BO-10003441,Furniture,0.32,-65.91974400000001,2017
2017-05-12,238.62,2,CS-12175,West,OFF-SU-10000157,Office Supplies,0.0,0.0,2017
2017-05-12,7.77,1,CS-12175,West,OFF-AP-10004868,Office Supplies,0.0,0.0,2017
2017-05-12,285.48,5,CS-12175,West,FUR-TA-10001520,Furniture,0.2,-57.096,2017
2017-05-12,19.168,4,CS-12175,West,OFF-BI-10001900,Office Supplies,0.2,-3.8336,2017
2017-09-03,419.4,4,KB-16405,East,OFF-PA-10000418,Office Supplies,0.0,0.0,2017
2017-09-03,90.801,1,KB-16405,East,FUR-CH-10004626,Furniture,0.1,-9.0801,2017
2017-09-03,181.764,2,KB-16405,East,FUR-CH-10004860,Furniture,0.1,-18.1764,2017
2017-09-03,5.56,2,KB-16405,East,OFF-AR-10003251,Office Supplies,0.0,0.0,2017
2017-11-27,57.568,4,DO-13645,West,TEC-PH-10004100,Technology,0.2,-11.5136,2017
2017-09-03,239.666,2,JK-15730,West,FUR-BO-10004218,Furniture,0.15,-35.9499,2017
2017-03-30,59.76,1,ME-17320,South,OFF-ST-10003282,Office Supplies,0.0,0.0,2017
2017-06-04,108.08,7,EH-14005,South,OFF-BI-10002353,Office Supplies,0.0,0.0,2017
2017-06-04,9.54,3,EH-14005,South,OFF-BI-10004141,Office Supplies,0.0,0.0,2017
2017-10-08,42.76,1,BP-11050,East,OFF-ST-10001837,Office Supplies,0.0,0.0,2017
2017-09-10,2.78,1,SS-20410,South,OFF-BI-10004876,Office Supplies,0.0,0.0,2017
2017-09-09,99.87,3,KD-16495,West,OFF-ST-10003123,Office Supplies,0.0,0.0,2017
2017-01-12,9.78,1,LS-16945,West,OFF-EN-10002621,Office Supplies,0.0,0.0,2017
2017-11-06,59.94,3,FM-14290,West,OFF-PA-10000157,Office Supplies,0.0,0.0,2017
2017-11-06,45.36,4,FM-14290,West,OFF-PA-10002764,Office Supplies,0.0,0.0,2017
2017-11-06,26.4,5,FM-14290,West,OFF-PA-10000143,Office Supplies,0.0,0.0,2017
2017-11-06,41.4,4,FM-14290,West,OFF-LA-10000414,Office Supplies,0.0,0.0,2017
2017-11-06,16.95,1,FM-14290,West,TEC-AC-10003441,Technology,0.0,0.0,2017
2017-11-19,22.96,7,RB-19435,South,OFF-AR-10001177,Office Supplies,0.0,0.0,2017
2017-06-03,1099.5,10,GD-14590,West,TEC-AC-10004975,Technology,0.0,0.0,2017
2017-07-07,87.21,3,RL-19615,East,FUR-BO-10001519,Furniture,0.5,-43.605,2017
2017-07-07,15.552,3,RL-19615,East,OFF-PA-10004100,Office Supplies,0.2,-3.1104,2017
2017-07-07,683.988,2,RL-19615,East,TEC-PH-10001363,Technology,0.4,-273.5952,2017
2017-07-07,13.392,3,RL-19615,East,OFF-ST-10004835,Office Supplies,0.2,-2.6784,2017
2017-07-07,16.776,3,RL-19615,East,TEC-AC-10002018,Technology,0.2,-3.3552,2017
2017-07-07,527.92,2,RL-19615,East,TEC-AC-10003033,Technology,0.2,-105.584,2017
2017-05-19,95.992,1,JF-15295,Central,TEC-PH-10003811,Technology,0.2,-19.1984,2017
2017-05-19,13.216,4,JF-15295,Central,OFF-LA-10004178,Office Supplies,0.2,-2.6432,2017
2017-10-12,435.84,12,RW-19690,West,TEC-AC-10001465,Technology,0.0,0.0,2017
2017-10-12,5.88,2,RW-19690,West,OFF-AR-10000940,Office Supplies,0.0,0.0,2017
2017-03-05,42.68,4,CB-12535,South,OFF-EN-10003862,Office Supplies,0.0,0.0,2017
2017-03-05,299.97,3,CB-12535,South,TEC-AC-10004571,Technology,0.0,0.0,2017
2017-03-05,262.24,2,CB-12535,South,OFF-AP-10000891,Office Supplies,0.0,0.0,2017
2017-03-05,234.36,6,CB-12535,South,OFF-BI-10002026,Office Supplies,0.0,0.0,2017
2017-04-15,20.736,4,SD-20485,Central,OFF-PA-10001826,Office Supplies,0.2,-4.147200000000001,2017
2017-02-09,21.12,4,ML-17395,West,FUR-FU-10003142,Furniture,0.0,0.0,2017
2017-08-20,17.22,3,LR-17035,West,OFF-SU-10004768,Office Supplies,0.0,0.0,2017
2017-08-20,226.56,6,LR-17035,West,OFF-ST-10000777,Office Supplies,0.0,0.0,2017
2017-08-20,107.88,3,LR-17035,West,TEC-PH-10003171,Technology,0.2,-21.576,2017
2017-02-06,240.784,1,BD-11770,East,FUR-BO-10001811,Furniture,0.2,-48.1568,2017
2017-07-13,360.38,2,RR-19525,Central,OFF-ST-10001496,Office Supplies,0.0,0.0,2017
2017-07-13,13.56,2,RR-19525,Central,OFF-PA-10003673,Office Supplies,0.0,0.0,2017
2017-04-24,552.0,10,SV-20935,West,TEC-PH-10004614,Technology,0.2,-110.4,2017
2017-09-16,20.544,6,EH-14185,East,OFF-PA-10003657,Office Supplies,0.2,-4.1088,2017
2017-09-15,2357.488,7,ES-14020,West,OFF-BI-10004390,Office Supplies,0.2,-471.4976,2017
2017-09-15,369.544,7,ES-14020,West,TEC-PH-10001700,Technology,0.2,-73.9088,2017
2017-09-15,184.752,3,ES-14020,West,FUR-CH-10003396,Furniture,0.2,-36.9504,2017
2017-09-21,12.294,1,DL-12865,South,OFF-BI-10002794,Office Supplies,0.7,-8.6058,2017
2017-09-07,19.76,4,AG-10390,West,FUR-FU-10002597,Furniture,0.0,0.0,2017
2017-12-11,128.85,3,KN-16390,East,TEC-PH-10001527,Technology,0.0,0.0,2017
2017-04-01,127.95,3,GB-14530,South,FUR-FU-10004006,Furniture,0.0,0.0,2017
2017-04-24,69.98,2,LS-16945,East,TEC-AC-10004855,Technology,0.0,0.0,2017
2017-08-24,646.272,8,DM-13015,East,OFF-AP-10000938,Office Supplies,0.2,-129.2544,2017
2017-08-24,10.368,2,DM-13015,East,OFF-PA-10002195,Office Supplies,0.2,-2.0736,2017
2017-02-23,8.4,5,AC-10615,West,OFF-FA-10002701,Office Supplies,0.0,0.0,2017
2017-02-23,71.96,5,AC-10615,West,TEC-PH-10003589,Technology,0.2,-14.392,2017
2017-07-06,239.24,1,AH-10585,South,FUR-CH-10000155,Furniture,0.2,-47.84800000000001,2017
2017-04-23,54.9,5,TD-20995,East,OFF-SU-10001218,Office Supplies,0.0,0.0,2017
2017-09-24,859.2,3,FA-14230,West,TEC-PH-10001817,Technology,0.2,-171.84,2017
2017-09-24,506.28,3,FA-14230,West,TEC-MA-10001031,Technology,0.2,-101.256,2017
2017-05-19,314.352,3,AH-10075,South,FUR-CH-10001482,Furniture,0.2,-62.8704,2017
2017-05-19,27.888,7,AH-10075,South,OFF-PA-10001526,Office Supplies,0.2,-5.5776,2017
2017-05-20,518.272,8,CC-12430,West,FUR-CH-10000225,Furniture,0.2,-103.6544,2017
2017-05-20,6.98,1,CC-12430,West,FUR-FU-10002191,Furniture,0.0,0.0,2017
2017-05-20,343.2,1,CC-12430,West,TEC-MA-10003176,Technology,0.2,-68.64,2017
2017-08-13,17.544,3,KD-16495,East,OFF-LA-10004093,Office Supplies,0.2,-3.5088,2017
2017-12-25,153.552,3,FH-14365,West,OFF-BI-10001718,Office Supplies,0.2,-30.7104,2017
2017-12-25,270.62,2,FH-14365,West,OFF-ST-10002756,Office Supplies,0.0,0.0,2017
2017-08-05,151.056,9,NZ-18565,Central,OFF-ST-10001172,Office Supplies,0.2,-30.21120000000001,2017
2017-12-28,1.188,2,PC-18745,West,OFF-BI-10002813,Office Supplies,0.7,-0.8315999999999999,2017
2017-09-20,272.646,3,SV-20365,East,FUR-CH-10003846,Furniture,0.1,-27.2646,2017
2017-09-20,212.8,2,SV-20365,East,TEC-AC-10002647,Technology,0.0,0.0,2017
2017-09-20,38.52,9,SV-20365,East,OFF-PA-10000807,Office Supplies,0.0,0.0,2017
2017-09-20,72.64,2,SV-20365,East,TEC-AC-10001465,Technology,0.0,0.0,2017
2017-09-20,45.4,4,SV-20365,East,OFF-ST-10000615,Office Supplies,0.0,0.0,2017
2017-09-20,13.76,2,SV-20365,East,OFF-PA-10002713,Office Supplies,0.0,0.0,2017
2017-09-20,80.991,1,SV-20365,East,FUR-CH-10003061,Furniture,0.1,-8.0991,2017
2017-09-20,11.784,3,SV-20365,East,OFF-BI-10000343,Office Supplies,0.2,-2.3568,2017
2017-09-20,4.36,2,SV-20365,East,OFF-FA-10000304,Office Supplies,0.0,0.0,2017
2017-09-20,2888.127,11,SV-20365,East,FUR-CH-10004086,Furniture,0.1,-288.8127,2017
2017-09-20,1299.66,2,SV-20365,East,TEC-PH-10002885,Technology,0.0,0.0,2017
2017-09-20,2254.41,5,SV-20365,East,FUR-CH-10001215,Furniture,0.1,-225.441,2017
2017-09-20,104.85,3,SV-20365,East,TEC-PH-10000215,Technology,0.0,0.0,2017
2017-09-20,59.97,3,SV-20365,East,TEC-AC-10001998,Technology,0.0,0.0,2017
2017-08-22,314.532,2,Dp-13240,East,FUR-TA-10002356,Furniture,0.4,-125.8128,2017
2017-09-19,191.976,3,JR-16210,West,TEC-PH-10001425,Technology,0.2,-38.3952,2017
2017-09-19,23.832,3,JR-16210,West,OFF-AR-10001915,Office Supplies,0.2,-4.7664,2017
2017-09-19,409.216,8,JR-16210,West,FUR-FU-10004864,Furniture,0.2,-81.84320000000001,2017
2017-09-19,72.588,2,JR-16210,West,FUR-BO-10001972,Furniture,0.7,-50.81159999999999,2017
2017-12-04,61.568,2,CB-12415,Central,OFF-ST-10000532,Office Supplies,0.2,-12.3136,2017
2017-06-03,44.75,5,SS-20140,West,TEC-AC-10003038,Technology,0.0,0.0,2017
2017-06-03,11.96,2,SS-20140,West,OFF-PA-10001593,Office Supplies,0.0,0.0,2017
2017-06-03,3.912,1,SS-20140,West,OFF-BI-10002049,Office Supplies,0.2,-0.7824,2017
2017-03-26,53.25,3,EM-14200,South,TEC-AC-10003116,Technology,0.0,0.0,2017
2017-03-26,3.76,2,EM-14200,South,OFF-FA-10003021,Office Supplies,0.0,0.0,2017
2017-09-15,163.96,5,AB-10165,South,OFF-PA-10001033,Office Supplies,0.2,-32.792,2017
2017-07-09,274.8,5,JF-15190,East,OFF-PA-10001497,Office Supplies,0.0,0.0,2017
2017-07-09,195.64,4,JF-15190,East,OFF-ST-10002554,Office Supplies,0.0,0.0,2017
2017-07-09,257.98,2,JF-15190,East,TEC-PH-10001336,Technology,0.0,0.0,2017
2017-07-09,119.04,6,JF-15190,East,OFF-AR-10002987,Office Supplies,0.0,0.0,2017
2017-06-27,20.07,3,GT-14710,Central,OFF-PA-10000575,Office Supplies,0.0,0.0,2017
2017-11-21,11.76,4,PJ-18835,West,OFF-AR-10003394,Office Supplies,0.0,0.0,2017
2017-11-21,40.736,2,PJ-18835,West,OFF-BI-10001191,Office Supplies,0.2,-8.1472,2017
2017-12-28,340.704,6,JG-15310,West,FUR-CH-10003968,Furniture,0.2,-68.1408,2017
2017-07-03,87.92,4,RD-19585,West,OFF-ST-10002485,Office Supplies,0.0,0.0,2017
2017-04-20,51.968,2,CV-12805,East,FUR-FU-10001876,Furniture,0.2,-10.3936,2017
2017-04-20,51.336,3,CV-12805,East,OFF-ST-10002370,Office Supplies,0.2,-10.2672,2017
2017-04-20,332.704,1,CV-12805,East,OFF-ST-10000142,Office Supplies,0.2,-66.5408,2017
2017-04-20,42.408,3,CV-12805,East,FUR-FU-10004671,Furniture,0.2,-8.4816,2017
2017-04-04,383.84,4,AM-10705,Central,TEC-PH-10004345,Technology,0.2,-76.768,2017
2017-12-13,31.44,3,MW-18220,West,OFF-ST-10001325,Office Supplies,0.0,0.0,2017
2017-12-22,25.92,5,AG-10330,Central,OFF-PA-10000019,Office Supplies,0.2,-5.184000000000001,2017
2017-12-22,6.33,5,AG-10330,Central,OFF-BI-10003429,Office Supplies,0.8,-5.064,2017
2017-12-22,75.88,5,AG-10330,Central,OFF-PA-10000176,Office Supplies,0.2,-15.176,2017
2017-10-21,329.988,2,CM-12160,East,TEC-PH-10004165,Technology,0.4,-131.9952,2017
2017-10-21,71.376,3,CM-12160,East,OFF-ST-10000352,Office Supplies,0.2,-14.2752,2017
2017-12-01,7.712,2,MG-17650,East,FUR-FU-10002885,Furniture,0.2,-1.5424,2017
2017-09-29,51.168,2,ME-18010,East,OFF-ST-10000563,Office Supplies,0.2,-10.2336,2017
2017-08-18,2793.528,9,YS-21880,West,OFF-BI-10003925,Office Supplies,0.2,-558.7056,2017
2017-08-18,1000.02,7,YS-21880,West,OFF-ST-10003306,Office Supplies,0.0,0.0,2017
2017-08-18,65.94,3,YS-21880,West,FUR-FU-10001475,Furniture,0.0,0.0,2017
2017-11-12,18.24,3,MB-17305,West,OFF-FA-10003495,Office Supplies,0.0,0.0,2017
2017-11-12,76.12,2,MB-17305,West,OFF-AP-10004708,Office Supplies,0.0,0.0,2017
2017-09-14,56.7,9,JB-16000,West,OFF-LA-10000121,Office Supplies,0.0,0.0,2017
2017-12-23,72.704,4,DK-12985,South,FUR-FU-10000087,Furniture,0.2,-14.5408,2017
2017-12-23,12.264,7,DK-12985,South,OFF-AR-10000422,Office Supplies,0.2,-2.4528,2017
2017-12-23,218.352,3,DK-12985,South,OFF-ST-10004123,Office Supplies,0.2,-43.6704,2017
2017-07-11,30.32,4,NW-18400,Central,OFF-AR-10001166,Office Supplies,0.0,0.0,2017
2017-09-11,177.568,2,JF-15415,West,FUR-CH-10003199,Furniture,0.2,-35.5136,2017
2017-09-11,19.44,3,JF-15415,West,OFF-PA-10002005,Office Supplies,0.0,0.0,2017
2017-09-11,71.28,11,JF-15415,West,OFF-PA-10004101,Office Supplies,0.0,0.0,2017
2017-09-11,1471.96,5,JF-15415,West,OFF-BI-10004600,Office Supplies,0.2,-294.392,2017
2017-09-11,79.96,5,JF-15415,West,TEC-PH-10000127,Technology,0.2,-15.992,2017
2017-05-28,247.44,8,LO-17170,East,FUR-FU-10001185,Furniture,0.0,0.0,2017
2017-05-29,43.41,1,ML-17410,Central,OFF-BI-10000632,Office Supplies,0.0,0.0,2017
2017-05-29,6.24,3,ML-17410,Central,FUR-FU-10003981,Furniture,0.0,0.0,2017
2017-05-29,465.16,2,ML-17410,Central,OFF-AP-10001564,Office Supplies,0.0,0.0,2017
2017-05-29,7.98,1,ML-17410,Central,OFF-PA-10004082,Office Supplies,0.0,0.0,2017
2017-09-09,9.856,4,GK-14620,Central,OFF-LA-10000134,Office Supplies,0.2,-1.9712,2017
2017-11-02,384.592,2,AR-10825,East,OFF-SU-10000646,Office Supplies,0.2,-76.9184,2017
2017-07-23,41.4,4,LR-17035,East,OFF-LA-10001158,Office Supplies,0.0,0.0,2017
2017-05-05,34.5,3,YS-21880,South,OFF-BI-10004965,Office Supplies,0.0,0.0,2017
2017-12-02,39.992,1,BB-11545,West,TEC-PH-10001448,Technology,0.2,-7.9984,2017
2017-12-02,1159.056,9,BB-11545,West,FUR-CH-10004983,Furniture,0.2,-231.8112,2017
2017-12-02,179.9,5,BB-11545,West,OFF-AR-10004022,Office Supplies,0.0,0.0,2017
2017-12-11,116.312,7,AS-10285,Central,TEC-AC-10001284,Technology,0.2,-23.2624,2017
2017-05-12,5.904,2,JH-15910,East,OFF-LA-10000443,Office Supplies,0.2,-1.1808,2017
2017-12-02,701.96,2,ME-17725,South,FUR-CH-10001854,Furniture,0.0,0.0,2017
2017-11-30,25.83,3,MZ-17335,West,FUR-FU-10003489,Furniture,0.0,0.0,2017
2017-11-23,195.96,5,AH-10210,Central,TEC-PH-10001305,Technology,0.2,-39.19200000000001,2017
2017-06-18,74.352,3,NK-18490,Central,OFF-PA-10000167,Office Supplies,0.2,-14.8704,2017
2017-05-05,6.68,1,AI-10855,East,OFF-PA-10002947,Office Supplies,0.0,0.0,2017
2017-02-16,579.51,3,NG-18355,East,OFF-ST-10001932,Office Supplies,0.0,0.0,2017
2017-02-16,14.99,1,NG-18355,East,TEC-PH-10000923,Technology,0.0,0.0,2017
2017-11-25,39.96,5,EB-13750,West,TEC-PH-10004071,Technology,0.2,-7.992000000000001,2017
2017-11-25,34.08,6,EB-13750,West,OFF-PA-10002377,Office Supplies,0.0,0.0,2017
2017-09-28,10.368,2,SP-20860,South,OFF-PA-10001800,Office Supplies,0.2,-2.0736,2017
2017-10-05,87.8,4,TS-21370,East,TEC-PH-10003095,Technology,0.0,0.0,2017
2017-10-05,221.382,2,TS-21370,East,FUR-CH-10002880,Furniture,0.1,-22.1382,2017
2017-10-05,5199.96,4,TS-21370,East,TEC-MA-10001047,Technology,0.0,0.0,2017
2017-10-20,24.55,5,RB-19465,East,OFF-LA-10002034,Office Supplies,0.0,0.0,2017
2017-09-03,108.4,5,AG-10900,Central,FUR-FU-10004622,Furniture,0.6,-65.04,2017
2017-11-03,361.376,2,BF-11275,South,TEC-PH-10002549,Technology,0.2,-72.2752,2017
2017-01-23,19.68,5,CS-12250,West,OFF-BI-10001757,Office Supplies,0.2,-3.936,2017
2017-01-23,25.92,4,CS-12250,West,OFF-PA-10004621,Office Supplies,0.0,0.0,2017
2017-01-23,6.48,1,CS-12250,West,OFF-PA-10002262,Office Supplies,0.0,0.0,2017
2017-01-23,86.352,6,CS-12250,West,TEC-PH-10004100,Technology,0.2,-17.2704,2017
2017-11-21,150.8,5,CK-12205,West,OFF-BI-10001670,Office Supplies,0.2,-30.16,2017
2017-11-21,1039.992,1,CK-12205,West,TEC-MA-10002073,Technology,0.2,-207.9984,2017
2017-11-21,51.84,8,CK-12205,West,OFF-PA-10003797,Office Supplies,0.0,0.0,2017
2017-04-04,41.22,1,DS-13030,East,TEC-PH-10004006,Technology,0.0,0.0,2017
2017-04-04,240.37,1,DS-13030,East,OFF-SU-10000646,Office Supplies,0.0,0.0,2017
2017-04-04,119.02,2,DS-13030,East,TEC-PH-10002262,Technology,0.0,0.0,2017
2017-05-19,133.12,5,SA-20830,West,OFF-BI-10002082,Office Supplies,0.2,-26.624,2017
2017-10-03,83.92,4,CC-12430,East,FUR-FU-10001934,Furniture,0.0,0.0,2017
2017-10-03,6.63,3,CC-12430,East,OFF-AR-10001130,Office Supplies,0.0,0.0,2017
2017-10-03,371.97,3,CC-12430,East,TEC-AC-10002049,Technology,0.0,0.0,2017
2017-04-10,99.99,1,DB-13360,East,TEC-AC-10004571,Technology,0.0,0.0,2017
2017-04-10,286.15,5,DB-13360,East,OFF-ST-10003692,Office Supplies,0.0,0.0,2017
2017-01-15,32.784,4,TB-21250,Central,OFF-BI-10001597,Office Supplies,0.8,-26.2272,2017
2017-01-15,47.984,2,TB-21250,Central,TEC-AC-10003628,Technology,0.2,-9.5968,2017
2017-01-15,62.592,8,TB-21250,Central,TEC-AC-10002331,Technology,0.2,-12.5184,2017
2017-01-15,4.276,1,TB-21250,Central,OFF-BI-10001098,Office Supplies,0.8,-3.4208,2017
2017-10-31,5.248,2,AH-10120,Central,OFF-AR-10003651,Office Supplies,0.2,-1.0496,2017
2017-08-06,824.95,5,GM-14455,East,TEC-PH-10003601,Technology,0.0,0.0,2017
2017-08-06,24.64,8,GM-14455,East,OFF-LA-10002195,Office Supplies,0.0,0.0,2017
2017-08-06,227.88,6,GM-14455,East,OFF-AR-10000380,Office Supplies,0.0,0.0,2017
2017-05-30,241.96,2,BD-11725,South,FUR-BO-10000330,Furniture,0.0,0.0,2017
2017-05-30,3.89,1,BD-11725,South,OFF-BI-10000591,Office Supplies,0.0,0.0,2017
2017-05-30,8.01,3,BD-11725,South,FUR-FU-10001731,Furniture,0.0,0.0,2017
2017-08-31,569.568,2,BW-11110,West,FUR-CH-10002331,Furniture,0.2,-113.9136,2017
2017-08-31,149.73,7,BW-11110,West,OFF-ST-10002370,Office Supplies,0.0,0.0,2017
2017-05-14,899.43,5,GT-14710,Central,FUR-CH-10003981,Furniture,0.3,-269.829,2017
2017-05-14,46.2,5,GT-14710,Central,OFF-AR-10001446,Office Supplies,0.2,-9.24,2017
2017-05-14,47.952,3,GT-14710,Central,OFF-PA-10000300,Office Supplies,0.2,-9.5904,2017
2017-05-14,7.992,1,GT-14710,Central,TEC-PH-10004071,Technology,0.2,-1.5984,2017
2017-05-14,76.864,2,GT-14710,Central,OFF-PA-10003134,Office Supplies,0.2,-15.3728,2017
2017-08-17,102.93,3,AH-10120,South,OFF-BI-10002735,Office Supplies,0.0,0.0,2017
2017-08-17,98.16,6,AH-10120,South,TEC-AC-10004510,Technology,0.0,0.0,2017
2017-11-10,11.52,5,DR-12940,South,OFF-BI-10004099,Office Supplies,0.7,-8.064,2017
2017-08-21,83.88,1,DL-13495,West,OFF-PA-10003395,Office Supplies,0.2,-16.776,2017
2017-08-19,19.44,3,DO-13645,East,OFF-PA-10000552,Office Supplies,0.0,0.0,2017
2017-05-27,35.0,4,JG-15160,West,FUR-FU-10004963,Furniture,0.0,0.0,2017
2017-05-27,477.15,5,JG-15160,West,OFF-ST-10000025,Office Supplies,0.0,0.0,2017
2017-05-27,302.376,3,JG-15160,West,TEC-PH-10004389,Technology,0.2,-60.4752,2017
2017-12-14,974.988,4,LC-16885,Central,FUR-TA-10000577,Furniture,0.3,-292.4964,2017
2017-03-04,103.5,5,TT-21460,Central,FUR-FU-10004848,Furniture,0.6,-62.09999999999999,2017
2017-03-04,2.464,1,TT-21460,Central,OFF-LA-10002381,Office Supplies,0.2,-0.4928,2017
2017-03-04,8.72,1,TT-21460,Central,OFF-ST-10000918,Office Supplies,0.2,-1.744,2017
2017-07-31,56.56,2,EC-14050,West,OFF-ST-10003442,Office Supplies,0.0,0.0,2017
2017-07-31,36.96,7,EC-14050,West,FUR-FU-10003142,Furniture,0.0,0.0,2017
2017-05-14,3.76,2,AJ-10780,East,OFF-AR-10001919,Office Supplies,0.0,0.0,2017
2017-05-14,14.7,5,AJ-10780,East,OFF-AR-10003045,Office Supplies,0.0,0.0,2017
2017-05-14,37.2,5,AJ-10780,East,OFF-AR-10003338,Office Supplies,0.0,0.0,2017
2017-05-14,89.97,3,AJ-10780,East,TEC-AC-10003280,Technology,0.0,0.0,2017
2017-05-14,261.96,2,AJ-10780,East,FUR-CH-10003298,Furniture,0.0,0.0,2017
2017-05-14,74.0,5,AJ-10780,East,OFF-LA-10004544,Office Supplies,0.0,0.0,2017
2017-05-22,68.46,7,EH-13945,West,TEC-AC-10002331,Technology,0.0,0.0,2017
2017-06-03,4.554,3,NR-18550,South,OFF-BI-10002432,Office Supplies,0.7,-3.1878,2017
2017-06-03,5.2,2,NR-18550,South,OFF-AP-10003622,Office Supplies,0.2,-1.04,2017
2017-06-03,205.992,1,NR-18550,South,TEC-AC-10003832,Technology,0.2,-41.1984,2017
2017-06-03,15.552,3,NR-18550,South,OFF-PA-10000809,Office Supplies,0.2,-3.1104,2017
2017-06-03,503.96,5,NR-18550,South,TEC-PH-10000441,Technology,0.2,-100.792,2017
2017-06-03,24.472,7,NR-18550,South,OFF-AP-10002287,Office Supplies,0.2,-4.894400000000001,2017
2017-06-03,241.568,2,NR-18550,South,FUR-BO-10002824,Furniture,0.2,-48.31360000000001,2017
2017-06-03,110.4,2,NR-18550,South,TEC-AC-10002942,Technology,0.2,-22.08,2017
2017-06-03,384.768,2,KN-16390,East,FUR-TA-10001932,Furniture,0.4,-153.9072,2017
2017-06-03,78.66,6,KN-16390,East,TEC-MA-10003173,Technology,0.0,0.0,2017
2017-06-03,45.36,4,KN-16390,East,OFF-PA-10004156,Office Supplies,0.0,0.0,2017
2017-09-19,32.4,5,JM-15535,East,OFF-PA-10004782,Office Supplies,0.0,0.0,2017
2017-10-28,24.0,2,KH-16510,Central,TEC-AC-10002167,Technology,0.2,-4.800000000000001,2017
2017-10-28,15.552,3,KH-16510,Central,OFF-PA-10001937,Office Supplies,0.2,-3.1104,2017
2017-10-28,26.176,2,KH-16510,Central,TEC-AC-10004510,Technology,0.2,-5.2352,2017
2017-11-17,1247.64,3,VW-21775,East,OFF-ST-10000142,Office Supplies,0.0,0.0,2017
2017-12-20,279.9,5,DK-13150,East,OFF-PA-10001970,Office Supplies,0.0,0.0,2017
2017-12-20,50.352,3,DK-13150,East,OFF-BI-10001524,Office Supplies,0.2,-10.0704,2017
2017-12-20,34.02,3,DK-13150,East,OFF-PA-10004156,Office Supplies,0.0,0.0,2017
2017-03-06,23.88,6,FC-14245,West,OFF-AR-10003158,Office Supplies,0.0,0.0,2017
2017-03-06,11.52,4,FC-14245,West,OFF-LA-10004559,Office Supplies,0.0,0.0,2017
2017-03-06,286.93,7,FC-14245,West,OFF-PA-10001033,Office Supplies,0.0,0.0,2017
2017-03-06,206.384,2,FC-14245,West,TEC-PH-10001336,Technology,0.2,-41.2768,2017
2017-09-15,218.352,3,RD-19480,West,FUR-CH-10002961,Furniture,0.2,-43.6704,2017
2017-09-15,529.9,5,RD-19480,West,FUR-FU-10001488,Furniture,0.0,0.0,2017
2017-09-15,99.3,10,RD-19480,West,OFF-AR-10001915,Office Supplies,0.0,0.0,2017
2017-09-15,108.96,2,RD-19480,West,OFF-AP-10001205,Office Supplies,0.0,0.0,2017
2017-09-15,2.688,1,RD-19480,West,OFF-BI-10004528,Office Supplies,0.2,-0.5376000000000001,2017
2017-01-16,5443.96,4,AR-10540,Central,OFF-BI-10004995,Office Supplies,0.0,0.0,2017
2017-01-16,302.67,3,AR-10540,Central,FUR-CH-10004626,Furniture,0.0,0.0,2017
2017-01-16,56.07,7,AR-10540,Central,OFF-PA-10001260,Office Supplies,0.0,0.0,2017
2017-12-04,8.8,5,TP-21130,Central,OFF-AR-10001315,Office Supplies,0.0,0.0,2017
2017-12-04,142.8,1,TP-21130,Central,TEC-AC-10004595,Technology,0.0,0.0,2017
2017-12-04,399.95,5,TP-21130,Central,TEC-AC-10001539,Technology,0.0,0.0,2017
2017-11-16,73.68,6,CC-12220,West,OFF-PA-10001363,Office Supplies,0.0,0.0,2017
2017-11-16,139.92,2,CC-12220,West,FUR-FU-10003394,Furniture,0.0,0.0,2017
2017-11-16,107.88,3,CC-12220,West,TEC-PH-10003171,Technology,0.2,-21.576,2017
2017-11-16,33.29,1,CC-12220,West,OFF-ST-10003123,Office Supplies,0.0,0.0,2017
2017-05-14,58.17,5,DP-13000,East,OFF-BI-10003007,Office Supplies,0.7,-40.719,2017
2017-05-14,5.04,2,DP-13000,East,OFF-LA-10000973,Office Supplies,0.2,-1.008,2017
2017-05-14,24.784,1,DP-13000,East,OFF-PA-10000483,Office Supplies,0.2,-4.9568,2017
2017-12-16,13.36,2,RB-19465,West,OFF-PA-10002986,Office Supplies,0.0,0.0,2017
2017-12-16,158.9,5,RB-19465,West,OFF-ST-10002289,Office Supplies,0.0,0.0,2017
2017-03-31,33.62,5,SC-20260,Central,OFF-AP-10003040,Office Supplies,0.8,-26.896,2017
2017-02-05,243.992,4,CB-12025,Central,OFF-BI-10004632,Office Supplies,0.8,-195.1936,2017
2017-02-05,7.12,5,CB-12025,Central,OFF-AR-10003087,Office Supplies,0.2,-1.424,2017
2017-03-03,1049.44,8,EJ-13720,West,TEC-AC-10000990,Technology,0.0,0.0,2017
2017-03-03,170.352,3,EJ-13720,West,FUR-CH-10003968,Furniture,0.2,-34.0704,2017
2017-07-21,101.94,6,AM-10705,South,OFF-AR-10003727,Office Supplies,0.0,0.0,2017
2017-07-21,271.96,4,AM-10705,South,TEC-PH-10002660,Technology,0.0,0.0,2017
2017-07-21,8.8,5,AM-10705,South,FUR-FU-10003274,Furniture,0.0,0.0,2017
2017-07-21,19.68,6,AM-10705,South,OFF-AR-10003829,Office Supplies,0.0,0.0,2017
2017-07-21,302.94,3,AM-10705,South,FUR-BO-10003441,Furniture,0.0,0.0,2017
2017-07-21,14.94,3,AM-10705,South,OFF-BI-10003355,Office Supplies,0.0,0.0,2017
2017-07-21,231.72,2,AM-10705,South,OFF-SU-10003505,Office Supplies,0.0,0.0,2017
2017-04-23,11.76,5,GG-14650,East,OFF-BI-10000285,Office Supplies,0.7,-8.232,2017
2017-04-23,5.344,1,GG-14650,East,OFF-PA-10001804,Office Supplies,0.2,-1.0688,2017
2017-06-17,146.352,3,RA-19945,West,OFF-ST-10001418,Office Supplies,0.2,-29.2704,2017
2017-01-13,32.4,5,CP-12085,Central,OFF-PA-10004983,Office Supplies,0.0,0.0,2017
2017-01-13,209.94,6,CP-12085,Central,OFF-AR-10004010,Office Supplies,0.0,0.0,2017
2017-01-13,4164.05,5,CP-12085,Central,OFF-SU-10002881,Office Supplies,0.0,0.0,2017
2017-01-13,212.94,3,CP-12085,Central,FUR-BO-10001608,Furniture,0.0,0.0,2017
2017-05-06,68.541,11,MB-18085,South,OFF-BI-10003982,Office Supplies,0.7,-47.9787,2017
2017-05-06,627.168,4,MB-18085,South,TEC-PH-10004977,Technology,0.2,-125.4336,2017
2017-05-06,122.12,5,MB-18085,South,OFF-LA-10003510,Office Supplies,0.2,-24.424,2017
2017-11-27,6.99,3,RP-19390,East,OFF-AR-10001573,Office Supplies,0.0,0.0,2017
2017-11-27,107.424,6,RP-19390,East,OFF-BI-10001196,Office Supplies,0.2,-21.4848,2017
2017-08-05,125.88,6,PO-18865,Central,OFF-BI-10001989,Office Supplies,0.0,0.0,2017
2017-08-05,79.78,2,PO-18865,Central,TEC-AC-10001714,Technology,0.0,0.0,2017
2017-08-05,133.2,9,PO-18865,Central,OFF-LA-10003498,Office Supplies,0.0,0.0,2017
2017-09-08,42.616,7,BF-11020,Central,OFF-BI-10002429,Office Supplies,0.8,-34.0928,2017
2017-09-08,319.984,2,BF-11020,Central,TEC-CO-10001943,Technology,0.2,-63.9968,2017
2017-09-08,45.92,5,BF-11020,Central,OFF-FA-10004854,Office Supplies,0.2,-9.184000000000001,2017
2017-09-08,21.184,2,BF-11020,Central,FUR-FU-10001095,Furniture,0.6,-12.7104,2017
2017-09-08,20.736,4,BF-11020,Central,OFF-PA-10000061,Office Supplies,0.2,-4.147200000000001,2017
2017-09-08,213.43,5,BF-11020,Central,FUR-CH-10003535,Furniture,0.3,-64.029,2017
2017-02-20,333.576,3,KM-16375,West,TEC-PH-10004447,Technology,0.2,-66.71520000000001,2017
2017-02-20,31.992,1,KM-16375,West,TEC-AC-10001114,Technology,0.2,-6.398400000000001,2017
2017-02-20,51.168,2,KM-16375,West,OFF-ST-10000563,Office Supplies,0.2,-10.2336,2017
2017-02-20,10.64,5,KM-16375,West,OFF-EN-10004846,Office Supplies,0.2,-2.128,2017
2017-02-20,68.704,2,KM-16375,West,FUR-FU-10002253,Furniture,0.2,-13.7408,2017
2017-02-20,386.91,9,KM-16375,West,FUR-TA-10001039,Furniture,0.5,-193.455,2017
2017-10-26,356.85,5,OT-18730,South,FUR-TA-10001520,Furniture,0.0,0.0,2017
2017-10-26,251.58,7,OT-18730,South,OFF-EN-10002831,Office Supplies,0.0,0.0,2017
2017-05-12,42.85,5,CA-12775,East,FUR-FU-10000719,Furniture,0.0,0.0,2017
2017-05-12,6.16,2,CA-12775,East,OFF-LA-10002271,Office Supplies,0.0,0.0,2017
2017-05-12,17.0,2,CA-12775,East,OFF-SU-10004661,Office Supplies,0.0,0.0,2017
2017-05-12,87.4,5,CA-12775,East,TEC-AC-10004859,Technology,0.0,0.0,2017
2017-05-25,29.84,2,MH-18115,South,OFF-BI-10002824,Office Supplies,0.0,0.0,2017
2017-09-02,10.9,1,TB-21055,East,OFF-ST-10000918,Office Supplies,0.0,0.0,2017
2017-09-02,79.92,4,TB-21055,East,OFF-PA-10000157,Office Supplies,0.0,0.0,2017
2017-09-02,146.82,3,TB-21055,East,OFF-PA-10002499,Office Supplies,0.0,0.0,2017
2017-01-01,3.6,2,DP-13390,Central,OFF-BI-10002012,Office Supplies,0.0,0.0,2017
2017-03-10,111.96,4,CM-11815,West,TEC-AC-10004568,Technology,0.0,0.0,2017
2017-12-02,12.16,5,RP-19855,Central,OFF-AR-10000817,Office Supplies,0.2,-2.432,2017
2017-07-31,17.52,4,LS-17200,Central,OFF-BI-10003460,Office Supplies,0.0,0.0,2017
2017-07-31,155.88,6,LS-17200,Central,OFF-AP-10002472,Office Supplies,0.0,0.0,2017
2017-08-11,477.51,11,DR-12940,South,OFF-BI-10000632,Office Supplies,0.0,0.0,2017
2017-09-30,164.88,3,CC-12475,East,OFF-PA-10000062,Office Supplies,0.0,0.0,2017
2017-07-21,16.34,2,SW-20455,West,OFF-PA-10003205,Office Supplies,0.0,0.0,2017
2017-07-21,225.296,2,SW-20455,West,FUR-CH-10000988,Furniture,0.2,-45.0592,2017
2017-07-21,50.352,3,SW-20455,West,OFF-BI-10001524,Office Supplies,0.2,-10.0704,2017
2017-08-18,9.912,3,PJ-19015,East,OFF-AR-10001419,Office Supplies,0.2,-1.9824,2017
2017-12-14,266.352,6,DB-13060,Central,FUR-FU-10002298,Furniture,0.6,-159.8112,2017
2017-12-14,56.328,3,DB-13060,Central,FUR-FU-10004091,Furniture,0.6,-33.7968,2017
2017-12-14,39.264,3,DB-13060,Central,TEC-AC-10004510,Technology,0.2,-7.852800000000001,2017
2017-12-14,95.232,6,DB-13060,Central,OFF-AR-10002987,Office Supplies,0.2,-19.0464,2017
2017-09-19,149.95,5,DP-13105,West,TEC-AC-10000057,Technology,0.0,0.0,2017
2017-09-19,23.32,2,DP-13105,West,OFF-AR-10000914,Office Supplies,0.0,0.0,2017
2017-09-19,16.74,3,DP-13105,West,OFF-AR-10004956,Office Supplies,0.0,0.0,2017
2017-09-04,14.82,6,VM-21835,East,OFF-FA-10001843,Office Supplies,0.0,0.0,2017
2017-08-10,177.2,5,SC-20695,Central,OFF-PA-10003302,Office Supplies,0.0,0.0,2017
2017-07-06,122.136,3,PO-18850,West,FUR-CH-10001146,Furniture,0.2,-24.4272,2017
2017-06-16,479.952,6,CS-12355,East,TEC-AC-10001606,Technology,0.2,-95.99040000000001,2017
2017-06-16,23.92,5,CS-12355,East,OFF-AR-10001427,Office Supplies,0.2,-4.784000000000001,2017
2017-11-13,629.95,5,KB-16600,East,TEC-PH-10004389,Technology,0.0,0.0,2017
2017-12-11,14.952,1,AA-10375,East,OFF-BI-10002498,Office Supplies,0.2,-2.9904,2017
2017-12-11,17.94,3,AA-10375,East,OFF-PA-10002245,Office Supplies,0.0,0.0,2017
2017-12-11,116.98,2,AA-10375,East,TEC-PH-10004522,Technology,0.0,0.0,2017
2017-09-15,47.4,5,TC-21145,East,FUR-FU-10002445,Furniture,0.0,0.0,2017
2017-09-15,512.96,4,TC-21145,East,FUR-CH-10003606,Furniture,0.0,0.0,2017
2017-09-15,395.94,6,TC-21145,East,TEC-PH-10002115,Technology,0.0,0.0,2017
2017-09-15,81.96,2,TC-21145,East,OFF-ST-10000934,Office Supplies,0.0,0.0,2017
2017-12-02,32.776,1,BG-11035,South,OFF-AR-10003903,Office Supplies,0.2,-6.555200000000001,2017
2017-06-26,272.94,3,DO-13435,East,OFF-ST-10004123,Office Supplies,0.0,0.0,2017
2017-04-20,317.058,3,SJ-20215,Central,FUR-CH-10002602,Furniture,0.3,-95.11739999999999,2017
2017-04-20,15.76,2,SJ-20215,Central,OFF-AR-10001683,Office Supplies,0.2,-3.152,2017
2017-04-20,14.56,5,SJ-20215,Central,FUR-FU-10002456,Furniture,0.6,-8.736,2017
2017-09-19,35.4,5,JP-16135,South,OFF-AR-10002445,Office Supplies,0.0,0.0,2017
2017-12-09,419.4,5,NC-18535,West,OFF-PA-10004359,Office Supplies,0.2,-83.88,2017
2017-12-09,13.005,3,NC-18535,West,OFF-BI-10000279,Office Supplies,0.7,-9.1035,2017
2017-01-28,449.91,9,CL-12700,East,TEC-AC-10002800,Technology,0.0,0.0,2017
2017-07-25,20.096,4,JC-15775,East,FUR-FU-10000732,Furniture,0.2,-4.019200000000001,2017
2017-07-25,37.752,3,JC-15775,East,OFF-SU-10004884,Office Supplies,0.2,-7.550400000000001,2017
2017-07-25,138.588,1,JC-15775,East,FUR-TA-10001771,Furniture,0.4,-55.4352,2017
2017-07-25,259.92,5,JC-15775,East,OFF-ST-10000060,Office Supplies,0.2,-51.98400000000001,2017
2017-07-25,20.736,4,JC-15775,East,OFF-PA-10004100,Office Supplies,0.2,-4.147200000000001,2017
2017-12-25,3.856,1,GD-14590,West,OFF-BI-10003314,Office Supplies,0.2,-0.7712,2017
2017-09-14,3.882,2,PS-18760,East,OFF-BI-10000301,Office Supplies,0.7,-2.7174,2017
2017-09-14,12.585,1,PS-18760,East,TEC-MA-10002930,Technology,0.7,-8.8095,2017
2017-09-14,113.372,2,PS-18760,East,FUR-CH-10002372,Furniture,0.3,-34.0116,2017
2017-09-14,18.312,4,PS-18760,East,OFF-BI-10003707,Office Supplies,0.7,-12.8184,2017
2017-09-14,127.936,8,PS-18760,East,FUR-FU-10001057,Furniture,0.2,-25.5872,2017
2017-09-14,241.17,2,PS-18760,East,TEC-MA-10001681,Technology,0.7,-168.819,2017
2017-12-28,1.68,5,LO-17170,Central,OFF-BI-10003784,Office Supplies,0.8,-1.344,2017
2017-12-28,7.968,3,LO-17170,Central,FUR-FU-10004586,Furniture,0.6,-4.7808,2017
2017-12-28,113.372,2,LO-17170,Central,FUR-CH-10004698,Furniture,0.3,-34.0116,2017
2017-12-28,2.96,2,LO-17170,Central,FUR-FU-10001935,Furniture,0.6,-1.776,2017
2017-11-02,168.1,5,CS-12505,West,OFF-AP-10003040,Office Supplies,0.0,0.0,2017
2017-07-21,17.48,4,CS-11860,East,OFF-AP-10002287,Office Supplies,0.0,0.0,2017
2017-10-15,152.65,5,DL-13495,West,OFF-LA-10003510,Office Supplies,0.0,0.0,2017
2017-10-15,22.72,1,DL-13495,West,FUR-FU-10000087,Furniture,0.0,0.0,2017
2017-02-05,1640.7,5,FC-14335,West,OFF-AP-10000275,Office Supplies,0.0,0.0,2017
2017-02-05,371.2,5,FC-14335,West,TEC-PH-10003505,Technology,0.2,-74.24,2017
2017-12-23,62.04,4,MF-18250,South,OFF-ST-10001328,Office Supplies,0.0,0.0,2017
2017-12-23,494.97,3,MF-18250,South,TEC-PH-10003601,Technology,0.0,0.0,2017
2017-12-23,367.96,4,MF-18250,South,OFF-ST-10001522,Office Supplies,0.0,0.0,2017
2017-12-23,44.96,2,MF-18250,South,OFF-PA-10001994,Office Supplies,0.0,0.0,2017
2017-12-23,182.94,3,MF-18250,South,OFF-EN-10001453,Office Supplies,0.0,0.0,2017
2017-04-17,28.14,3,PS-18760,West,OFF-PA-10004911,Office Supplies,0.0,0.0,2017
2017-04-17,7.38,2,PS-18760,West,OFF-LA-10001404,Office Supplies,0.0,0.0,2017
2017-04-17,10.9,5,PS-18760,West,OFF-FA-10001561,Office Supplies,0.0,0.0,2017
2017-04-17,274.89,11,PS-18760,West,TEC-AC-10001383,Technology,0.0,0.0,2017
2017-04-17,23.04,8,PS-18760,West,OFF-LA-10003190,Office Supplies,0.0,0.0,2017
2017-04-17,218.352,3,PS-18760,West,FUR-CH-10003774,Furniture,0.2,-43.6704,2017
2017-12-01,10.368,2,MY-17380,Central,OFF-PA-10000520,Office Supplies,0.2,-2.0736,2017
2017-09-10,37.056,4,HA-14905,East,TEC-AC-10003499,Technology,0.2,-7.4112,2017
2017-09-10,259.896,2,HA-14905,East,TEC-PH-10003580,Technology,0.4,-103.9584,2017
2017-04-25,19.05,3,LL-16840,West,OFF-PA-10004675,Office Supplies,0.0,0.0,2017
2017-04-25,73.344,3,LL-16840,West,OFF-BI-10000666,Office Supplies,0.2,-14.6688,2017
2017-09-18,95.68,8,SS-20140,South,TEC-PH-10001552,Technology,0.0,0.0,2017
2017-09-18,50.96,7,SS-20140,South,OFF-PA-10000673,Office Supplies,0.0,0.0,2017
2017-09-18,113.94,3,SS-20140,South,OFF-AR-10000380,Office Supplies,0.0,0.0,2017
2017-09-18,25.92,4,SS-20140,South,OFF-PA-10003848,Office Supplies,0.0,0.0,2017
2017-09-18,20.32,4,SS-20140,South,FUR-FU-10002963,Furniture,0.0,0.0,2017
2017-09-18,411.98,2,SS-20140,South,TEC-PH-10002447,Technology,0.0,0.0,2017
2017-09-18,34.48,2,SS-20140,South,OFF-SU-10004261,Office Supplies,0.0,0.0,2017
2017-09-18,244.55,5,SS-20140,South,OFF-PA-10003228,Office Supplies,0.0,0.0,2017
2017-08-18,10.782,3,CK-12205,East,OFF-BI-10004817,Office Supplies,0.7,-7.5474,2017
2017-07-24,2399.96,5,HR-14830,West,TEC-CO-10001449,Technology,0.2,-479.992,2017
2017-09-02,16.0,4,JS-15595,Central,OFF-FA-10002280,Office Supplies,0.2,-3.2,2017
2017-09-02,5.588,2,JS-15595,Central,OFF-AP-10003278,Office Supplies,0.8,-4.470400000000001,2017
2017-09-02,235.92,5,JS-15595,Central,OFF-ST-10003994,Office Supplies,0.2,-47.184,2017
2017-12-06,10.68,1,BN-11470,West,OFF-ST-10003221,Office Supplies,0.0,0.0,2017
2017-05-20,41.28,2,AR-10405,Central,OFF-BI-10002225,Office Supplies,0.0,0.0,2017
2017-12-10,14.76,2,JE-16165,South,FUR-FU-10002364,Furniture,0.0,0.0,2017
2017-07-29,115.96,2,VG-21790,West,FUR-BO-10004709,Furniture,0.0,0.0,2017
2017-08-01,186.54,3,EM-13960,West,OFF-ST-10004340,Office Supplies,0.0,0.0,2017
2017-05-02,159.56,4,EM-13825,West,TEC-AC-10001714,Technology,0.0,0.0,2017
2017-02-26,356.79,7,BM-11140,West,OFF-AP-10003287,Office Supplies,0.0,0.0,2017
2017-04-04,16.98,1,PS-19045,East,OFF-EN-10001532,Office Supplies,0.0,0.0,2017
2017-11-30,95.976,3,BP-11095,Central,TEC-AC-10001767,Technology,0.2,-19.1952,2017
2017-06-26,102.368,2,SC-20260,East,OFF-BI-10001071,Office Supplies,0.2,-20.4736,2017
2017-06-26,28.4,5,SC-20260,East,OFF-SU-10002503,Office Supplies,0.0,0.0,2017
2017-06-26,713.88,4,SC-20260,East,OFF-ST-10001490,Office Supplies,0.0,0.0,2017
2017-06-26,68.52,3,SC-20260,East,OFF-PA-10003790,Office Supplies,0.0,0.0,2017
2017-11-19,58.408,7,AP-10720,East,OFF-BI-10001628,Office Supplies,0.2,-11.6816,2017
2017-11-19,79.974,3,AP-10720,East,FUR-TA-10001676,Furniture,0.4,-31.9896,2017
2017-11-10,7.8,3,TB-21190,West,OFF-AR-10002221,Office Supplies,0.0,0.0,2017
2017-09-19,12.624,2,AB-10105,West,OFF-ST-10000321,Office Supplies,0.2,-2.5248,2017
2017-09-19,89.584,2,AB-10105,West,TEC-AC-10000109,Technology,0.2,-17.9168,2017
2017-09-19,471.92,2,AB-10105,West,TEC-PH-10002415,Technology,0.2,-94.38400000000001,2017
2017-09-19,18.18,4,AB-10105,West,OFF-BI-10001460,Office Supplies,0.7,-12.726,2017
2017-09-15,31.744,2,CC-12145,Central,OFF-AR-10002987,Office Supplies,0.2,-6.348800000000001,2017
2017-11-25,48.87,9,DL-13315,South,OFF-PA-10003724,Office Supplies,0.0,0.0,2017
2017-01-14,154.9,5,SO-20335,West,OFF-PA-10000483,Office Supplies,0.0,0.0,2017
2017-11-11,1158.12,5,BB-11545,South,OFF-AP-10002651,Office Supplies,0.2,-231.624,2017
2017-12-11,1.392,2,DK-13375,Central,OFF-AP-10001634,Office Supplies,0.8,-1.1136,2017
2017-12-23,13.84,4,JB-15400,Central,OFF-BI-10004002,Office Supplies,0.8,-11.072,2017
2017-12-23,175.872,4,JB-15400,Central,OFF-PA-10004475,Office Supplies,0.2,-35.17440000000001,2017
2017-05-26,208.44,3,KC-16675,South,OFF-AP-10002670,Office Supplies,0.0,0.0,2017
2017-05-26,25.76,2,KC-16675,South,OFF-SU-10004498,Office Supplies,0.0,0.0,2017
2017-12-09,148.257,3,DB-12910,West,FUR-BO-10001519,Furniture,0.15,-22.23855,2017
2017-02-06,227.46,6,SP-20545,East,TEC-PH-10002538,Technology,0.0,0.0,2017
2017-02-06,46.24,4,SP-20545,East,OFF-BI-10000279,Office Supplies,0.2,-9.248000000000001,2017
2017-01-29,5.22,2,RD-19585,East,OFF-LA-10001045,Office Supplies,0.0,0.0,2017
2017-11-09,523.392,3,JE-15610,West,FUR-CH-10004675,Furniture,0.2,-104.6784,2017
2017-09-22,12.96,2,PB-19105,South,OFF-PA-10004255,Office Supplies,0.0,0.0,2017
2017-09-22,17.94,3,PB-19105,South,OFF-AR-10003896,Office Supplies,0.0,0.0,2017
2017-12-17,166.72,2,AT-10735,East,OFF-ST-10002276,Office Supplies,0.0,0.0,2017
2017-12-17,24.816,3,AT-10735,East,OFF-BI-10001617,Office Supplies,0.2,-4.963200000000001,2017
2017-12-17,124.36,2,AT-10735,East,FUR-FU-10000308,Furniture,0.0,0.0,2017
2017-07-18,599.97,5,SV-20365,East,TEC-CO-10001943,Technology,0.4,-239.988,2017
2017-07-18,198.744,4,SV-20365,East,FUR-CH-10002647,Furniture,0.3,-59.6232,2017
2017-07-18,9.184,2,SV-20365,East,OFF-SU-10004768,Office Supplies,0.2,-1.8368,2017
2017-08-31,6.208,2,MG-17890,West,OFF-SU-10002522,Office Supplies,0.2,-1.2416,2017
2017-02-04,32.67,3,JF-15355,East,OFF-AP-10003971,Office Supplies,0.0,0.0,2017
2017-07-21,3.52,2,AR-10825,West,OFF-AR-10003469,Office Supplies,0.0,0.0,2017
2017-07-21,1626.192,9,AR-10825,West,TEC-PH-10002549,Technology,0.2,-325.2384,2017
2017-09-25,8.595,5,AH-10075,East,OFF-BI-10003476,Office Supplies,0.7,-6.0165,2017
2017-09-25,190.896,2,AH-10075,East,OFF-SU-10000157,Office Supplies,0.2,-38.1792,2017
2017-08-03,99.87,3,GA-14515,West,OFF-ST-10003123,Office Supplies,0.0,0.0,2017
2017-06-15,119.96,1,KH-16690,West,TEC-PH-10001809,Technology,0.2,-23.992,2017
2017-11-06,318.96,9,CD-11980,East,OFF-PA-10003302,Office Supplies,0.0,0.0,2017
2017-09-04,421.1,2,EJ-14155,West,OFF-ST-10003805,Office Supplies,0.0,0.0,2017
2017-06-19,760.116,6,KH-16330,East,FUR-CH-10000785,Furniture,0.3,-228.0348,2017
2017-06-19,38.784,3,KH-16330,East,FUR-FU-10004909,Furniture,0.2,-7.7568,2017
2017-06-19,122.328,9,KH-16330,East,TEC-AC-10001553,Technology,0.2,-24.4656,2017
2017-02-13,17.94,3,JP-15460,East,OFF-PA-10001184,Office Supplies,0.0,0.0,2017
2017-11-17,13.904,2,GG-14650,West,OFF-BI-10002103,Office Supplies,0.2,-2.7808,2017
2017-12-01,41.86,7,SO-20335,West,OFF-PA-10001593,Office Supplies,0.0,0.0,2017
2017-12-01,141.96,2,SO-20335,West,FUR-BO-10002598,Furniture,0.0,0.0,2017
2017-11-26,257.94,3,TT-21460,Central,FUR-TA-10001039,Furniture,0.0,0.0,2017
2017-11-26,1879.96,4,TT-21460,Central,TEC-PH-10002624,Technology,0.0,0.0,2017
2017-11-26,27.46,2,TT-21460,Central,FUR-FU-10001473,Furniture,0.0,0.0,2017
2017-11-26,89.98,2,TT-21460,Central,TEC-PH-10001819,Technology,0.0,0.0,2017
2017-11-26,828.6,3,TT-21460,Central,FUR-CH-10004287,Furniture,0.0,0.0,2017
2017-09-07,113.52,4,TG-21640,Central,TEC-AC-10002473,Technology,0.0,0.0,2017
2017-09-07,135.3,5,TG-21640,Central,FUR-FU-10003623,Furniture,0.0,0.0,2017
2017-03-11,776.85,5,MH-17290,East,TEC-PH-10002555,Technology,0.4,-310.74,2017
2017-03-11,12.294,1,MH-17290,East,OFF-BI-10002794,Office Supplies,0.7,-8.6058,2017
2017-03-11,154.764,3,MH-17290,East,FUR-TA-10004086,Furniture,0.4,-61.90560000000001,2017
2017-03-11,43.28,1,MH-17290,East,OFF-ST-10004946,Office Supplies,0.2,-8.656,2017
2017-12-22,141.96,2,SR-20425,South,FUR-CH-10002647,Furniture,0.0,0.0,2017
2017-12-22,182.55,2,AG-10330,West,FUR-TA-10003008,Furniture,0.5,-91.275,2017
2017-04-29,4.91,1,KT-16480,East,OFF-LA-10004055,Office Supplies,0.0,0.0,2017
2017-10-08,145.764,2,GM-14440,East,FUR-CH-10002372,Furniture,0.1,-14.5764,2017
2017-04-25,107.97,3,SG-20605,West,TEC-AC-10000158,Technology,0.0,0.0,2017
2017-03-26,143.96,5,HK-14890,Central,TEC-AC-10000158,Technology,0.2,-28.792,2017
2017-03-26,2399.96,5,HK-14890,Central,TEC-CO-10002313,Technology,0.2,-479.992,2017
2017-03-26,74.352,3,HK-14890,Central,OFF-PA-10002581,Office Supplies,0.2,-14.8704,2017
2017-03-26,87.168,8,HK-14890,Central,OFF-AP-10001205,Office Supplies,0.8,-69.73440000000001,2017
2017-03-26,32.232,3,HK-14890,Central,OFF-ST-10000344,Office Supplies,0.2,-6.446400000000001,2017
2017-05-04,2.202,2,MY-18295,East,OFF-BI-10002897,Office Supplies,0.7,-1.5414,2017
2017-05-04,9.396,3,MY-18295,East,OFF-BI-10003694,Office Supplies,0.7,-6.5772,2017
2017-04-30,23.24,5,NZ-18565,West,OFF-BI-10002071,Office Supplies,0.2,-4.648,2017
2017-04-21,908.82,9,JM-15250,East,FUR-CH-10004218,Furniture,0.0,0.0,2017
2017-08-17,5.552,2,ED-13885,Central,OFF-SU-10000432,Office Supplies,0.2,-1.1104,2017
2017-08-17,8.016,3,ED-13885,Central,OFF-AR-10003183,Office Supplies,0.2,-1.6032,2017
2017-08-17,74.592,4,ED-13885,Central,FUR-CH-10002017,Furniture,0.3,-22.3776,2017
2017-08-17,16.784,2,ED-13885,Central,FUR-FU-10003247,Furniture,0.6,-10.0704,2017
2017-08-17,38.864,4,ED-13885,Central,OFF-AP-10001563,Office Supplies,0.8,-31.0912,2017
2017-10-02,17.46,2,CM-12115,West,FUR-FU-10001424,Furniture,0.0,0.0,2017
2017-10-02,369.16,11,CM-12115,West,TEC-MA-10002930,Technology,0.2,-73.83200000000001,2017
2017-10-15,14.73,3,MC-17275,West,OFF-LA-10002034,Office Supplies,0.0,0.0,2017
2017-01-09,274.491,3,BP-11290,East,OFF-BI-10004632,Office Supplies,0.7,-192.1437,2017
2017-01-27,137.94,3,TG-21310,East,TEC-PH-10000193,Technology,0.0,0.0,2017
2017-09-02,40.68,3,MC-18100,Central,TEC-AC-10003441,Technology,0.2,-8.136000000000001,2017
2017-02-24,123.92,5,ES-14080,East,OFF-PA-10001125,Office Supplies,0.2,-24.784,2017
2017-02-24,1319.8,5,ES-14080,East,TEC-AC-10003033,Technology,0.2,-263.96,2017
2017-03-13,30.88,2,SC-20380,East,OFF-BI-10002353,Office Supplies,0.0,0.0,2017
2017-03-13,465.16,2,SC-20380,East,OFF-AP-10001564,Office Supplies,0.0,0.0,2017
2017-03-13,27.12,4,SC-20380,East,OFF-PA-10003673,Office Supplies,0.0,0.0,2017
2017-04-23,66.36,7,JF-15355,West,FUR-FU-10002445,Furniture,0.0,0.0,2017
2017-04-23,92.88,6,JF-15355,West,OFF-BI-10003638,Office Supplies,0.2,-18.576,2017
2017-04-23,24.14,2,JF-15355,West,FUR-FU-10004864,Furniture,0.0,0.0,2017
2017-08-17,4416.174,9,TP-21415,East,FUR-CH-10002024,Furniture,0.3,-1324.8522,2017
2017-05-22,49.56,7,RL-19615,West,OFF-AR-10002445,Office Supplies,0.0,0.0,2017
2017-02-09,354.9,5,SB-20170,West,OFF-ST-10001370,Office Supplies,0.0,0.0,2017
2017-06-10,14.7,7,GZ-14545,West,OFF-AR-10001231,Office Supplies,0.0,0.0,2017
2017-10-22,32.7,5,ML-17395,East,TEC-PH-10003988,Technology,0.4,-13.08,2017
2017-10-22,31.68,4,ML-17395,East,OFF-EN-10003068,Office Supplies,0.2,-6.336,2017
2017-06-13,181.86,7,PG-18895,South,OFF-AR-10004260,Office Supplies,0.0,0.0,2017
2017-08-16,13.428,3,SJ-20215,South,OFF-BI-10002824,Office Supplies,0.7,-9.3996,2017
2017-08-16,67.136,4,SJ-20215,South,OFF-ST-10004950,Office Supplies,0.2,-13.4272,2017
2017-10-16,599.985,5,GH-14410,West,TEC-MA-10001148,Technology,0.7,-419.9895,2017
2017-06-22,3.036,3,JK-15730,Central,OFF-BI-10002432,Office Supplies,0.8,-2.4288,2017
2017-09-09,25.92,5,LC-17140,East,OFF-AR-10001374,Office Supplies,0.2,-5.184000000000001,2017
2017-09-09,66.112,2,LC-17140,East,FUR-FU-10000723,Furniture,0.2,-13.2224,2017
2017-10-14,46.36,4,BK-11260,West,TEC-AC-10003614,Technology,0.0,0.0,2017
2017-12-04,649.0,2,LR-16915,South,TEC-MA-10001856,Technology,0.5,-324.5,2017
2017-09-04,97.184,2,DO-13645,South,FUR-CH-10003817,Furniture,0.2,-19.4368,2017
2017-09-04,10.368,2,DO-13645,South,OFF-PA-10000289,Office Supplies,0.2,-2.0736,2017
2017-06-10,14.13,3,MM-18280,East,OFF-FA-10004395,Office Supplies,0.0,0.0,2017
2017-05-11,43.92,3,ZC-21910,East,OFF-AR-10004456,Office Supplies,0.0,0.0,2017
2017-11-17,19.608,3,KH-16330,West,OFF-PA-10003205,Office Supplies,0.2,-3.9216,2017
2017-11-17,4.158,7,KH-16330,West,OFF-BI-10002813,Office Supplies,0.7,-2.9106,2017
2017-11-26,979.95,5,MN-17935,East,TEC-PH-10002310,Technology,0.0,0.0,2017
2017-11-26,135.3,5,MN-17935,East,FUR-FU-10003623,Furniture,0.0,0.0,2017
2017-09-03,8.904,3,MY-18295,Central,OFF-PA-10003424,Office Supplies,0.2,-1.7808,2017
2017-09-03,100.8,2,MY-18295,Central,TEC-AC-10004353,Technology,0.2,-20.16,2017
2017-12-05,41.96,2,CS-11950,East,FUR-FU-10001934,Furniture,0.0,0.0,2017
2017-12-05,9.45,3,CS-11950,East,OFF-LA-10003766,Office Supplies,0.0,0.0,2017
2017-11-10,400.8,5,MC-17845,West,OFF-AP-10004540,Office Supplies,0.0,0.0,2017
2017-11-10,28.792,1,MC-17845,West,OFF-BI-10001543,Office Supplies,0.2,-5.758400000000001,2017
2017-10-26,61.542,1,SC-20440,East,TEC-PH-10001433,Technology,0.4,-24.6168,2017
2017-10-26,81.438,7,SC-20440,East,OFF-BI-10003007,Office Supplies,0.7,-57.0066,2017
2017-09-21,15.51,1,BM-11575,West,OFF-ST-10004950,Office Supplies,0.0,0.0,2017
2017-12-11,721.875,6,DV-13045,South,FUR-TA-10004289,Furniture,0.45,-324.84375,2017
2017-12-11,73.568,4,DV-13045,South,TEC-PH-10003555,Technology,0.2,-14.7136,2017
2017-12-11,13.584,1,DV-13045,South,OFF-AR-10001958,Office Supplies,0.2,-2.7168,2017
2017-12-11,64.784,1,DV-13045,South,FUR-CH-10000225,Furniture,0.2,-12.9568,2017
2017-10-21,38.82,6,JB-15400,Central,OFF-BI-10000301,Office Supplies,0.0,0.0,2017
2017-10-21,21.9,5,JB-15400,Central,OFF-BI-10003460,Office Supplies,0.0,0.0,2017
2017-11-10,111.79,7,GH-14425,West,TEC-AC-10001772,Technology,0.0,0.0,2017
2017-03-16,445.44,8,MG-17650,East,TEC-PH-10003505,Technology,0.4,-178.176,2017
2017-02-06,29.9,5,SN-20560,West,OFF-PA-10001593,Office Supplies,0.0,0.0,2017
2017-04-15,15.57,3,BP-11095,South,OFF-BI-10004654,Office Supplies,0.7,-10.899,2017
2017-01-07,153.78,11,JF-15190,West,OFF-ST-10000760,Office Supplies,0.0,0.0,2017
2017-01-07,61.02,3,JF-15190,West,OFF-ST-10002301,Office Supplies,0.0,0.0,2017
2017-01-07,110.11,7,JF-15190,West,OFF-SU-10004884,Office Supplies,0.0,0.0,2017
2017-01-07,7.89,1,JF-15190,West,OFF-FA-10003112,Office Supplies,0.0,0.0,2017
2017-08-13,36.024,3,MK-17905,West,OFF-BI-10000069,Office Supplies,0.2,-7.204800000000001,2017
2017-11-02,54.336,4,GG-14650,Central,OFF-AR-10001958,Office Supplies,0.2,-10.8672,2017
2017-11-29,390.368,2,TT-21070,South,FUR-CH-10000454,Furniture,0.2,-78.0736,2017
2017-11-29,101.52,5,TT-21070,South,FUR-FU-10004017,Furniture,0.2,-20.304,2017
2017-12-04,74.352,3,LT-16765,East,OFF-PA-10000241,Office Supplies,0.2,-14.8704,2017
2017-05-02,15.7,5,DD-13570,West,OFF-PA-10003016,Office Supplies,0.0,0.0,2017
2017-05-02,59.52,3,DD-13570,West,OFF-AR-10001615,Office Supplies,0.0,0.0,2017
2017-05-02,34.4,5,DD-13570,West,OFF-PA-10002713,Office Supplies,0.0,0.0,2017
2017-08-06,70.12,4,SH-20395,East,OFF-SU-10002573,Office Supplies,0.0,0.0,2017
2017-01-20,11.52,5,ML-17410,Central,OFF-LA-10001613,Office Supplies,0.2,-2.304,2017
2017-05-30,156.792,1,MG-17890,West,TEC-PH-10001619,Technology,0.2,-31.3584,2017
2017-05-30,35.36,2,MG-17890,West,TEC-AC-10002323,Technology,0.2,-7.072,2017
2017-05-30,13.592,1,MG-17890,West,FUR-FU-10000820,Furniture,0.2,-2.7184,2017
2017-04-10,195.104,4,BS-11755,East,OFF-AP-10000026,Office Supplies,0.2,-39.02080000000001,2017
2017-04-10,36.672,3,BS-11755,East,FUR-FU-10003878,Furniture,0.2,-7.3344,2017
2017-09-02,18.72,5,JL-15235,West,OFF-BI-10000138,Office Supplies,0.2,-3.744,2017
2017-09-02,236.528,2,JL-15235,West,FUR-TA-10004607,Furniture,0.2,-47.3056,2017
2017-02-03,5.184,1,RD-19810,Central,OFF-PA-10001166,Office Supplies,0.2,-1.0368,2017
2017-02-03,65.584,2,RD-19810,Central,OFF-PA-10001033,Office Supplies,0.2,-13.1168,2017
2017-02-03,22.2,1,RD-19810,Central,FUR-FU-10004597,Furniture,0.6,-13.32,2017
2017-02-03,419.4,5,RD-19810,Central,OFF-PA-10000418,Office Supplies,0.2,-83.88,2017
2017-11-11,88.92,5,MH-18025,South,FUR-FU-10004090,Furniture,0.2,-17.784,2017
2017-09-17,9.912,3,SJ-20125,Central,OFF-AR-10000390,Office Supplies,0.2,-1.9824,2017
2017-09-17,318.43,5,SJ-20125,Central,FUR-CH-10003774,Furniture,0.3,-95.529,2017
2017-09-17,5.8,5,SJ-20125,Central,OFF-BI-10002412,Office Supplies,0.8,-4.64,2017
2017-09-17,1415.76,6,SJ-20125,Central,TEC-PH-10002415,Technology,0.2,-283.152,2017
2017-06-25,148.48,2,FM-14380,Central,TEC-PH-10003505,Technology,0.2,-29.696,2017
2017-11-11,34.92,4,TB-21190,West,FUR-FU-10001424,Furniture,0.0,0.0,2017
2017-12-28,2.48,1,CS-12400,Central,OFF-AR-10004707,Office Supplies,0.0,0.0,2017
2017-12-28,25.9,5,CS-12400,Central,OFF-BI-10004040,Office Supplies,0.0,0.0,2017
2017-11-05,12.96,2,AA-10645,West,OFF-PA-10003172,Office Supplies,0.0,0.0,2017
2017-11-16,119.94,6,CM-12190,East,TEC-PH-10002583,Technology,0.0,0.0,2017
2017-09-11,10.272,3,CC-12475,Central,OFF-PA-10004239,Office Supplies,0.2,-2.0544,2017
2017-09-11,512.19,5,CC-12475,Central,FUR-TA-10002855,Furniture,0.3,-153.657,2017
2017-09-11,1.556,2,CC-12475,Central,OFF-AP-10001626,Office Supplies,0.8,-1.2448,2017
2017-07-14,4.448,2,TC-21295,West,OFF-BI-10004022,Office Supplies,0.2,-0.8896000000000002,2017
2017-07-14,276.69,3,TC-21295,West,FUR-FU-10003601,Furniture,0.0,0.0,2017
2017-07-14,4.96,4,TC-21295,West,OFF-FA-10000490,Office Supplies,0.0,0.0,2017
2017-07-14,71.92,4,TC-21295,West,OFF-AR-10004042,Office Supplies,0.0,0.0,2017
2017-07-14,18.84,3,TC-21295,West,FUR-FU-10002960,Furniture,0.0,0.0,2017
2017-07-14,140.97,3,TC-21295,West,TEC-AC-10000991,Technology,0.0,0.0,2017
2017-07-14,470.376,3,TC-21295,West,TEC-PH-10004977,Technology,0.2,-94.0752,2017
2017-03-30,6.08,2,TB-21400,West,OFF-AR-10000817,Office Supplies,0.0,0.0,2017
2017-03-30,164.792,1,TB-21400,West,TEC-PH-10002447,Technology,0.2,-32.9584,2017
2017-06-08,12.176,4,BW-11200,Central,OFF-BI-10000309,Office Supplies,0.8,-9.7408,2017
2017-07-14,9.248,2,JL-15835,East,OFF-PA-10000605,Office Supplies,0.2,-1.8496,2017
2017-07-14,1889.946,9,JL-15835,East,TEC-PH-10000560,Technology,0.4,-755.9784,2017
2017-07-14,62.04,5,JL-15835,East,OFF-ST-10003455,Office Supplies,0.2,-12.408,2017
2017-07-14,396.92,5,JL-15835,East,FUR-FU-10002937,Furniture,0.2,-79.38400000000001,2017
2017-07-14,239.456,7,JL-15835,East,OFF-ST-10001837,Office Supplies,0.2,-47.8912,2017
2017-07-14,13.12,5,JL-15835,East,OFF-AR-10004757,Office Supplies,0.2,-2.624,2017
2017-12-09,29.36,2,JL-15835,South,OFF-BI-10004236,Office Supplies,0.0,0.0,2017
2017-12-09,214.9,5,JL-15835,South,OFF-AP-10000159,Office Supplies,0.0,0.0,2017
2017-12-09,15.92,4,JL-15835,South,OFF-BI-10003274,Office Supplies,0.0,0.0,2017
2017-12-09,146.45,5,JL-15835,South,TEC-AC-10001013,Technology,0.0,0.0,2017
2017-12-09,15.14,1,JL-15835,South,OFF-ST-10004963,Office Supplies,0.0,0.0,2017
2017-12-09,5.76,2,JL-15835,South,OFF-LA-10004409,Office Supplies,0.0,0.0,2017
2017-12-09,1399.98,2,JL-15835,South,TEC-CO-10001046,Technology,0.0,0.0,2017
2017-09-26,71.88,6,RA-19885,West,OFF-EN-10001028,Office Supplies,0.0,0.0,2017
2017-09-26,9.24,3,RA-19885,West,FUR-FU-10003829,Furniture,0.0,0.0,2017
2017-09-26,35.88,6,RA-19885,West,OFF-PA-10002245,Office Supplies,0.0,0.0,2017
2017-09-26,17.04,3,RA-19885,West,OFF-BI-10002215,Office Supplies,0.2,-3.408,2017
2017-09-26,931.176,3,RA-19885,West,OFF-BI-10003925,Office Supplies,0.2,-186.2352,2017
2017-02-25,196.784,2,SW-20245,South,FUR-CH-10002880,Furniture,0.2,-39.3568,2017
2017-02-25,231.92,5,SW-20245,South,FUR-BO-10004709,Furniture,0.2,-46.384,2017
2017-03-31,29.7,3,HG-14965,West,OFF-SU-10004231,Office Supplies,0.0,0.0,2017
2017-12-03,13.592,2,MV-17485,Central,FUR-FU-10000820,Furniture,0.6,-8.1552,2017
2017-12-02,114.288,1,BS-11380,West,OFF-ST-10003306,Office Supplies,0.2,-22.8576,2017
2017-12-02,36.624,8,BS-11380,West,OFF-BI-10003707,Office Supplies,0.7,-25.6368,2017
2017-12-02,242.352,8,BS-11380,West,FUR-BO-10003546,Furniture,0.7,-169.6464,2017
2017-12-02,49.616,2,BS-11380,West,TEC-PH-10000213,Technology,0.2,-9.923200000000001,2017
2017-12-02,508.704,6,BS-11380,West,FUR-FU-10001488,Furniture,0.2,-101.7408,2017
2017-12-02,57.36,6,BS-11380,West,TEC-PH-10004833,Technology,0.2,-11.472,2017
2017-12-02,906.68,5,BS-11380,West,FUR-CH-10002335,Furniture,0.2,-181.336,2017
2017-11-27,158.28,6,JR-16210,Central,OFF-PA-10003641,Office Supplies,0.0,0.0,2017
2017-11-27,497.94,3,JR-16210,Central,OFF-BI-10004519,Office Supplies,0.0,0.0,2017
2017-10-05,63.824,2,RB-19795,West,TEC-AC-10001714,Technology,0.2,-12.7648,2017
2017-04-21,47.976,3,KN-16390,Central,TEC-AC-10001998,Technology,0.2,-9.5952,2017
2017-04-21,20.736,4,KN-16390,Central,OFF-PA-10001534,Office Supplies,0.2,-4.147200000000001,2017
2017-11-16,17.31,3,MB-18085,West,FUR-FU-10001196,Furniture,0.0,0.0,2017
2017-04-20,146.86,7,CV-12295,Central,OFF-BI-10001989,Office Supplies,0.0,0.0,2017
2017-04-20,36.56,4,CV-12295,Central,OFF-BI-10001036,Office Supplies,0.0,0.0,2017
2017-12-24,264.32,2,NS-18505,Central,OFF-ST-10000585,Office Supplies,0.2,-52.864,2017
2017-05-03,25.92,4,MK-18160,West,OFF-PA-10001166,Office Supplies,0.0,0.0,2017
2017-05-03,22.96,7,MK-18160,West,OFF-AR-10003651,Office Supplies,0.0,0.0,2017
2017-10-27,189.576,1,JM-15655,West,FUR-TA-10001539,Furniture,0.2,-37.9152,2017
2017-10-27,71.96,5,JM-15655,West,TEC-PH-10004100,Technology,0.2,-14.392,2017
2017-12-29,1207.84,8,KH-16360,South,FUR-CH-10002602,Furniture,0.0,0.0,2017
2017-12-29,12.53,1,KH-16360,South,OFF-BI-10002414,Office Supplies,0.0,0.0,2017
2017-12-29,34.58,1,KH-16360,South,OFF-AR-10003696,Office Supplies,0.0,0.0,2017
2017-12-29,300.98,1,KH-16360,South,FUR-CH-10004495,Furniture,0.0,0.0,2017
2017-12-29,258.75,3,KH-16360,South,FUR-CH-10001270,Furniture,0.0,0.0,2017
2017-03-02,59.52,3,DB-13555,East,OFF-AR-10001615,Office Supplies,0.0,0.0,2017
2017-03-02,57.96,7,DB-13555,East,OFF-EN-10003286,Office Supplies,0.0,0.0,2017
2017-03-02,441.96,2,DB-13555,East,FUR-BO-10003660,Furniture,0.0,0.0,2017
2017-03-02,68.04,6,DB-13555,East,OFF-PA-10002764,Office Supplies,0.0,0.0,2017
2017-08-07,119.448,3,CK-12205,Central,TEC-AC-10001552,Technology,0.2,-23.8896,2017
2017-08-07,118.16,2,CK-12205,Central,OFF-ST-10002790,Office Supplies,0.2,-23.632,2017
2017-07-30,76.776,4,TC-21475,East,OFF-BI-10001071,Office Supplies,0.7,-53.74319999999999,2017
2017-06-01,53.9,5,CV-12805,Central,OFF-BI-10003676,Office Supplies,0.0,0.0,2017
2017-09-29,99.2,5,SC-20575,West,OFF-AR-10002067,Office Supplies,0.0,0.0,2017
2017-09-13,15.92,5,SG-20605,South,OFF-AR-10003158,Office Supplies,0.2,-3.184,2017
2017-05-06,152.94,3,TS-21655,West,OFF-AP-10001271,Office Supplies,0.0,0.0,2017
2017-07-15,179.94,3,RS-19420,South,OFF-AP-10002191,Office Supplies,0.0,0.0,2017
2017-07-15,872.94,3,RS-19420,South,FUR-TA-10004575,Furniture,0.0,0.0,2017
2017-07-15,12.96,2,RS-19420,South,OFF-PA-10003177,Office Supplies,0.0,0.0,2017
2017-07-02,163.96,5,AH-10120,Central,OFF-PA-10000357,Office Supplies,0.2,-32.792,2017
2017-07-02,5.232,4,AH-10120,Central,OFF-BI-10001787,Office Supplies,0.8,-4.1856,2017
2017-12-14,1199.98,2,BF-11170,East,TEC-CO-10002313,Technology,0.0,0.0,2017
2017-12-14,73.85,1,BF-11170,East,OFF-ST-10002790,Office Supplies,0.0,0.0,2017
2017-12-14,25.71,3,BF-11170,East,OFF-SU-10001664,Office Supplies,0.0,0.0,2017
2017-12-14,17.28,6,BF-11170,East,OFF-FA-10001332,Office Supplies,0.0,0.0,2017
2017-12-14,526.582,2,BF-11170,East,FUR-TA-10003473,Furniture,0.3,-157.9746,2017
2017-10-15,11.68,2,SV-20815,West,OFF-AR-10001761,Office Supplies,0.0,0.0,2017
2017-10-28,77.952,3,JM-15250,South,FUR-FU-10001876,Furniture,0.2,-15.5904,2017
2017-10-28,147.184,2,JM-15250,South,OFF-ST-10001522,Office Supplies,0.2,-29.4368,2017
2017-10-28,47.952,3,JM-15250,South,OFF-PA-10000300,Office Supplies,0.2,-9.5904,2017
2017-11-03,40.776,3,PB-19105,East,TEC-AC-10001553,Technology,0.2,-8.1552,2017
2017-09-09,159.96,4,MC-17605,West,TEC-AC-10001114,Technology,0.0,0.0,2017
2017-04-16,40.74,3,JO-15550,West,OFF-AP-10000027,Office Supplies,0.0,0.0,2017
2017-06-13,291.136,4,TW-21025,West,FUR-CH-10003774,Furniture,0.2,-58.22720000000001,2017
2017-09-18,114.848,4,PA-19060,Central,OFF-EN-10000927,Office Supplies,0.2,-22.9696,2017
2017-06-02,10.688,2,JD-15790,Central,OFF-PA-10000743,Office Supplies,0.2,-2.1376,2017
2017-09-15,12.42,3,GM-14500,West,OFF-AR-10004441,Office Supplies,0.0,0.0,2017
2017-12-18,12.672,9,AG-10330,South,OFF-AR-10001315,Office Supplies,0.2,-2.5344,2017
2017-07-30,89.95,5,JF-15355,East,TEC-PH-10003589,Technology,0.0,0.0,2017
2017-08-20,25.92,4,KT-16480,West,OFF-PA-10001639,Office Supplies,0.0,0.0,2017
2017-11-17,268.24,7,CK-12595,South,OFF-PA-10002558,Office Supplies,0.2,-53.648,2017
2017-11-17,431.16,5,CK-12595,South,TEC-AC-10003174,Technology,0.2,-86.23200000000001,2017
2017-11-13,43.6,4,SP-20620,East,TEC-PH-10003988,Technology,0.0,0.0,2017
2017-11-13,154.95,3,SP-20620,East,FUR-FU-10004845,Furniture,0.0,0.0,2017
2017-12-03,10.368,2,CC-12550,Central,OFF-PA-10003729,Office Supplies,0.2,-2.0736,2017
2017-09-26,2.224,1,SL-20155,West,OFF-AR-10003251,Office Supplies,0.2,-0.4448000000000001,2017
2017-08-12,17.52,3,BB-11545,East,OFF-AR-10004078,Office Supplies,0.0,0.0,2017
2017-08-12,1779.9,5,BB-11545,East,FUR-CH-10002331,Furniture,0.0,0.0,2017
2017-08-12,219.9,5,BB-11545,East,OFF-AR-10001953,Office Supplies,0.0,0.0,2017
2017-11-12,26.72,5,LB-16735,South,OFF-PA-10003651,Office Supplies,0.2,-5.344,2017
2017-09-19,4.842,3,FG-14260,East,OFF-BI-10001132,Office Supplies,0.7,-3.3894,2017
2017-10-12,39.984,2,SP-20860,Central,TEC-AC-10001383,Technology,0.2,-7.9968,2017
2017-03-24,47.01,3,HR-14830,East,OFF-EN-10004483,Office Supplies,0.0,0.0,2017
2017-03-24,469.99,1,HR-14830,East,TEC-PH-10002624,Technology,0.0,0.0,2017
2017-03-24,207.846,3,HR-14830,East,FUR-CH-10003396,Furniture,0.1,-20.7846,2017
2017-06-01,324.744,3,BW-11065,East,OFF-ST-10002756,Office Supplies,0.2,-64.9488,2017
2017-06-08,1497.666,2,MG-17680,West,FUR-BO-10004834,Furniture,0.15,-224.6499,2017
2017-06-08,17.52,2,MG-17680,West,TEC-PH-10000307,Technology,0.2,-3.504,2017
2017-01-26,11.84,8,CJ-12010,West,OFF-FA-10000611,Office Supplies,0.0,0.0,2017
2017-12-08,592.74,6,CW-11905,East,OFF-ST-10000036,Office Supplies,0.0,0.0,2017
2017-10-31,508.768,4,CY-12745,Central,TEC-PH-10004042,Technology,0.2,-101.7536,2017
2017-10-31,9.912,3,CY-12745,Central,OFF-EN-10001137,Office Supplies,0.2,-1.9824,2017
2017-07-21,124.404,4,GM-14500,Central,FUR-TA-10001676,Furniture,0.3,-37.3212,2017
2017-12-07,320.64,4,BH-11710,South,OFF-AP-10004540,Office Supplies,0.0,0.0,2017
2017-12-07,52.0,4,BH-11710,South,TEC-AC-10001266,Technology,0.0,0.0,2017
2017-03-02,18.528,4,JA-15970,East,OFF-BI-10002353,Office Supplies,0.7,-12.9696,2017
2017-07-03,24.0,2,MO-17950,South,TEC-AC-10002167,Technology,0.2,-4.800000000000001,2017
2017-09-25,24.448,4,CA-11965,East,OFF-EN-10004459,Office Supplies,0.2,-4.889600000000001,2017
2017-09-09,31.104,6,DK-12835,West,OFF-PA-10002036,Office Supplies,0.2,-6.220800000000001,2017
2017-09-09,11.176,1,DK-12835,West,OFF-AP-10003278,Office Supplies,0.2,-2.2352,2017
2017-12-03,13.344,6,LC-16870,West,OFF-AR-10003856,Office Supplies,0.2,-2.6688,2017
2017-12-03,76.752,6,LC-16870,West,TEC-AC-10002006,Technology,0.2,-15.3504,2017
2017-12-03,102.336,8,LC-16870,West,TEC-AC-10002006,Technology,0.2,-20.4672,2017
2017-12-03,10.32,2,LC-16870,West,OFF-PA-10002246,Office Supplies,0.2,-2.064,2017
2017-12-03,47.32,7,LC-16870,West,OFF-SU-10004782,Office Supplies,0.2,-9.464,2017
2017-12-03,23.376,3,LC-16870,West,FUR-FU-10004351,Furniture,0.2,-4.6752,2017
2017-12-03,16.72,5,LC-16870,West,FUR-FU-10004270,Furniture,0.2,-3.344,2017
2017-12-03,16.192,1,LC-16870,West,FUR-FU-10004053,Furniture,0.2,-3.2384,2017
2017-07-23,13.92,3,NM-18445,East,OFF-BI-10002412,Office Supplies,0.2,-2.784,2017
2017-06-21,82.4,5,EH-14125,East,OFF-BI-10002852,Office Supplies,0.0,0.0,2017
2017-06-21,6.24,2,EH-14125,East,OFF-BI-10000145,Office Supplies,0.0,0.0,2017
2017-06-21,447.84,8,EH-14125,East,OFF-PA-10001970,Office Supplies,0.0,0.0,2017
2017-08-13,272.048,7,DC-12850,South,OFF-AP-10001563,Office Supplies,0.2,-54.4096,2017
2017-08-13,1614.582,6,DC-12850,South,OFF-BI-10001359,Office Supplies,0.7,-1130.2074,2017
2017-08-13,24.32,5,DC-12850,South,OFF-FA-10003495,Office Supplies,0.2,-4.864000000000001,2017
2017-08-13,1.584,2,DC-12850,South,TEC-AC-10003709,Technology,0.2,-0.3168,2017
2017-08-13,31.984,1,DC-12850,South,FUR-FU-10003268,Furniture,0.2,-6.396800000000001,2017
2017-08-13,14.76,5,DC-12850,South,OFF-EN-10003845,Office Supplies,0.2,-2.952,2017
2017-08-13,423.648,2,DC-12850,South,FUR-CH-10002073,Furniture,0.2,-84.7296,2017
2017-08-25,25.696,2,JE-15715,East,OFF-ST-10003996,Office Supplies,0.2,-5.139200000000001,2017
2017-06-17,3404.5,5,SR-20740,East,TEC-MA-10003673,Technology,0.0,0.0,2017
2017-06-17,101.34,3,SR-20740,East,TEC-AC-10004992,Technology,0.0,0.0,2017
2017-09-04,30.384,1,JK-16120,Central,OFF-AR-10000380,Office Supplies,0.2,-6.0768,2017
2017-09-15,38.62,2,Dp-13240,East,OFF-ST-10000943,Office Supplies,0.0,0.0,2017
2017-09-15,59.98,2,Dp-13240,East,TEC-AC-10001090,Technology,0.0,0.0,2017
2017-03-13,174.3,3,JB-16000,East,OFF-BI-10002026,Office Supplies,0.0,0.0,2017
2017-09-24,383.96,5,PP-18955,South,TEC-PH-10000526,Technology,0.2,-76.792,2017
2017-09-24,15.57,3,PP-18955,South,OFF-BI-10004002,Office Supplies,0.7,-10.899,2017
2017-11-20,2.97,3,KH-16330,East,TEC-AC-10003433,Technology,0.0,0.0,2017
2017-11-20,569.99,1,KH-16330,East,TEC-PH-10001363,Technology,0.0,0.0,2017
2017-11-20,50.97,3,KH-16330,East,FUR-FU-10000820,Furniture,0.0,0.0,2017
2017-07-25,298.116,6,EM-14200,Central,FUR-TA-10004767,Furniture,0.3,-89.4348,2017
2017-08-17,23.36,2,RW-19540,West,OFF-EN-10003134,Office Supplies,0.0,0.0,2017
2017-08-17,71.976,3,RW-19540,West,TEC-PH-10002564,Technology,0.2,-14.3952,2017
2017-08-17,8.56,2,RW-19540,West,OFF-PA-10003893,Office Supplies,0.0,0.0,2017
2017-08-17,13.92,3,RW-19540,West,OFF-BI-10000174,Office Supplies,0.2,-2.784,2017
2017-08-17,2518.29,9,RW-19540,West,OFF-AP-10001058,Office Supplies,0.0,0.0,2017
2017-08-17,540.57,3,RW-19540,West,OFF-ST-10001496,Office Supplies,0.0,0.0,2017
2017-08-17,221.056,8,RW-19540,West,OFF-BI-10004230,Office Supplies,0.2,-44.21120000000001,2017
2017-12-25,39.582,9,GA-14725,Central,OFF-BI-10003684,Office Supplies,0.8,-31.6656,2017
2017-12-25,44.688,7,GA-14725,Central,OFF-SU-10000946,Office Supplies,0.2,-8.937600000000002,2017
2017-12-25,31.744,2,GA-14725,Central,OFF-AR-10001615,Office Supplies,0.2,-6.348800000000001,2017
2017-12-25,40.98,5,GA-14725,Central,OFF-BI-10001597,Office Supplies,0.8,-32.784,2017
2017-12-25,3.168,3,GA-14725,Central,OFF-BI-10001116,Office Supplies,0.8,-2.5344,2017
2017-10-05,435.168,4,GG-14650,West,FUR-CH-10001190,Furniture,0.2,-87.0336,2017
2017-10-05,14.9,5,GG-14650,West,OFF-FA-10002780,Office Supplies,0.0,0.0,2017
2017-10-05,15.8,4,GG-14650,West,OFF-AP-10004052,Office Supplies,0.0,0.0,2017
2017-10-05,72.9,5,GG-14650,West,FUR-FU-10004666,Furniture,0.0,0.0,2017
2017-10-05,206.352,3,GG-14650,West,FUR-TA-10004086,Furniture,0.2,-41.2704,2017
2017-10-05,7.992,1,GG-14650,West,TEC-PH-10000702,Technology,0.2,-1.5984,2017
2017-11-18,81.36,5,JS-15685,South,OFF-ST-10002301,Office Supplies,0.2,-16.272,2017
2017-11-18,20.232,8,JS-15685,South,OFF-BI-10001636,Office Supplies,0.7,-14.1624,2017
2017-11-18,389.056,4,JS-15685,South,OFF-AP-10002684,Office Supplies,0.2,-77.8112,2017
2017-11-18,20.736,4,JS-15685,South,OFF-PA-10004609,Office Supplies,0.2,-4.147200000000001,2017
2017-11-18,41.472,8,JS-15685,South,OFF-PA-10003309,Office Supplies,0.2,-8.294400000000001,2017
2017-01-22,15.12,5,EH-13765,Central,OFF-FA-10002975,Office Supplies,0.2,-3.024,2017
2017-01-22,7.872,3,EH-13765,Central,OFF-AR-10003481,Office Supplies,0.2,-1.5744,2017
2017-11-03,199.75,5,CR-12580,West,TEC-AC-10004469,Technology,0.0,0.0,2017
2017-11-03,1673.184,12,CR-12580,West,FUR-TA-10001095,Furniture,0.2,-334.6368,2017
2017-05-25,663.92,5,TB-21625,East,OFF-BI-10004519,Office Supplies,0.2,-132.784,2017
2017-05-25,120.0,8,TB-21625,East,TEC-AC-10002167,Technology,0.0,0.0,2017
2017-05-25,3.29,1,TB-21625,East,OFF-FA-10000936,Office Supplies,0.0,0.0,2017
2017-05-25,18.84,3,TB-21625,East,FUR-FU-10000732,Furniture,0.0,0.0,2017
2017-10-17,52.792,1,BF-11020,West,TEC-PH-10001700,Technology,0.2,-10.5584,2017
2017-11-02,83.9,10,NP-18670,Central,OFF-AP-10001962,Office Supplies,0.0,0.0,2017
2017-11-02,11.76,2,NP-18670,Central,OFF-PA-10001838,Office Supplies,0.0,0.0,2017
2017-07-10,41.91,3,BF-11275,South,OFF-AP-10003278,Office Supplies,0.0,0.0,2017
2017-06-30,435.999,3,JC-15775,West,FUR-BO-10003966,Furniture,0.15,-65.39985,2017
2017-08-21,388.704,6,CM-11815,West,FUR-CH-10004698,Furniture,0.2,-77.74080000000001,2017
2017-08-21,572.58,6,CM-11815,West,OFF-ST-10000025,Office Supplies,0.0,0.0,2017
2017-08-21,33.18,2,CM-11815,West,TEC-AC-10000682,Technology,0.0,0.0,2017
2017-03-11,63.88,4,PV-18985,East,TEC-AC-10001772,Technology,0.0,0.0,2017
2017-03-11,26.72,1,PV-18985,East,FUR-FU-10001379,Furniture,0.0,0.0,2017
2017-09-15,295.056,9,DO-13645,West,OFF-BI-10002794,Office Supplies,0.2,-59.0112,2017
2017-11-03,16.272,3,JM-16195,South,OFF-PA-10003673,Office Supplies,0.2,-3.2544,2017
2017-09-28,2.655,1,SF-20965,East,OFF-BI-10004094,Office Supplies,0.7,-1.8585,2017
2017-01-01,454.56,5,JM-15250,Central,OFF-ST-10002743,Office Supplies,0.2,-90.912,2017
2017-01-01,141.42,5,JM-15250,Central,FUR-FU-10002116,Furniture,0.6,-84.85199999999999,2017
2017-01-01,310.744,4,JM-15250,Central,FUR-CH-10003199,Furniture,0.3,-93.2232,2017
2017-01-01,12.736,4,JM-15250,Central,OFF-AR-10003158,Office Supplies,0.2,-2.5472,2017
2017-01-01,6.47,5,JM-15250,Central,OFF-BI-10000301,Office Supplies,0.8,-5.176,2017
2017-01-01,13.748,14,JM-15250,Central,OFF-BI-10000343,Office Supplies,0.8,-10.9984,2017
2017-01-01,15.224,2,JM-15250,Central,OFF-AP-10004708,Office Supplies,0.8,-12.1792,2017
2017-04-28,28.08,3,JL-15130,South,OFF-AP-10000252,Office Supplies,0.2,-5.616,2017
2017-11-08,109.9,5,SR-20425,East,OFF-AR-10002818,Office Supplies,0.0,0.0,2017
2017-07-27,23.88,3,DK-13375,West,FUR-FU-10001940,Furniture,0.0,0.0,2017
2017-07-27,26.2,4,DK-13375,West,OFF-PA-10003883,Office Supplies,0.0,0.0,2017
2017-07-27,12.96,2,DK-13375,West,OFF-PA-10002787,Office Supplies,0.0,0.0,2017
2017-07-27,234.95,5,DK-13375,West,TEC-AC-10000991,Technology,0.0,0.0,2017
2017-12-28,118.25,5,SV-20935,West,OFF-ST-10003058,Office Supplies,0.0,0.0,2017
2017-12-28,4.28,1,SV-20935,West,OFF-PA-10004239,Office Supplies,0.0,0.0,2017
2017-02-17,89.0664,1,CR-12820,Central,FUR-BO-10001601,Furniture,0.32,-28.501248,2017
2017-02-17,175.44,6,CR-12820,Central,OFF-AR-10000937,Office Supplies,0.2,-35.088,2017
2017-02-17,438.336,4,CR-12820,Central,TEC-PH-10000038,Technology,0.2,-87.66720000000001,2017
2017-12-08,215.544,4,EG-13900,East,FUR-CH-10003396,Furniture,0.3,-64.6632,2017
2017-11-18,55.584,6,RD-19930,Central,OFF-EN-10002592,Office Supplies,0.2,-11.1168,2017
2017-11-18,127.386,2,RD-19930,Central,FUR-CH-10000422,Furniture,0.3,-38.21579999999999,2017
2017-10-03,20.64,5,LW-16825,Central,OFF-AR-10004817,Office Supplies,0.2,-4.128,2017
2017-08-29,148.02,3,RW-19540,West,FUR-FU-10003374,Furniture,0.0,0.0,2017
2017-11-24,33.29,1,BG-11695,Central,OFF-ST-10003123,Office Supplies,0.0,0.0,2017
2017-06-30,204.95,5,TT-21220,West,OFF-PA-10000675,Office Supplies,0.0,0.0,2017
2017-07-22,526.344,4,EB-13930,Central,FUR-CH-10004997,Furniture,0.3,-157.9032,2017
2017-09-07,161.568,2,JA-15970,West,FUR-CH-10004860,Furniture,0.2,-32.3136,2017
2017-08-26,64.96,5,DP-13000,Central,FUR-FU-10000222,Furniture,0.6,-38.97599999999999,2017
2017-06-09,49.12,4,AG-10675,South,OFF-PA-10000249,Office Supplies,0.0,0.0,2017
2017-03-23,32.48,2,RB-19360,West,OFF-ST-10001558,Office Supplies,0.0,0.0,2017
2017-03-23,20.04,3,RB-19360,West,OFF-PA-10002986,Office Supplies,0.0,0.0,2017
2017-03-23,13999.96,4,RB-19360,West,TEC-CO-10004722,Technology,0.0,0.0,2017
2017-03-20,238.0,2,RD-19720,East,TEC-AC-10002842,Technology,0.0,0.0,2017
2017-03-20,61.96,2,RD-19720,East,OFF-PA-10001125,Office Supplies,0.0,0.0,2017
2017-12-26,16.032,3,KB-16240,Central,OFF-PA-10004285,Office Supplies,0.2,-3.2064,2017
2017-11-06,2036.86,7,AB-10060,West,FUR-TA-10004575,Furniture,0.0,0.0,2017
2017-11-06,449.568,2,AB-10060,West,FUR-CH-10003312,Furniture,0.2,-89.9136,2017
2017-11-06,108.96,3,AB-10060,West,TEC-AC-10001465,Technology,0.0,0.0,2017
2017-12-22,474.95,5,CM-12115,West,TEC-AC-10000474,Technology,0.0,0.0,2017
2017-05-18,22.608,3,BM-11575,Central,FUR-FU-10004973,Furniture,0.6,-13.5648,2017
2017-05-18,1.892,1,BM-11575,Central,FUR-FU-10001918,Furniture,0.6,-1.1352,2017
2017-07-23,63.312,3,MY-17380,Central,OFF-PA-10003641,Office Supplies,0.2,-12.6624,2017
2017-11-17,38.88,6,CC-12370,East,OFF-PA-10004735,Office Supplies,0.0,0.0,2017
2017-11-17,187.76,4,CC-12370,East,FUR-FU-10004091,Furniture,0.0,0.0,2017
2017-09-05,89.568,4,LP-17095,South,TEC-AC-10004568,Technology,0.2,-17.9136,2017
2017-09-05,71.96,5,LP-17095,South,OFF-AR-10001897,Office Supplies,0.2,-14.392,2017
2017-09-05,15.552,3,LP-17095,South,OFF-PA-10001800,Office Supplies,0.2,-3.1104,2017
2017-04-24,10.43,5,AF-10870,Central,OFF-BI-10001628,Office Supplies,0.8,-8.344,2017
2017-04-24,72.784,1,AF-10870,Central,OFF-ST-10004123,Office Supplies,0.2,-14.5568,2017
2017-09-07,81.568,2,DM-12955,South,OFF-AP-10001271,Office Supplies,0.2,-16.3136,2017
2017-11-01,189.7,10,SF-20065,East,OFF-PA-10004243,Office Supplies,0.0,0.0,2017
2017-11-01,40.99,1,SF-20065,East,OFF-PA-10001033,Office Supplies,0.0,0.0,2017
2017-05-01,3.328,2,CJ-12010,South,OFF-SU-10001212,Office Supplies,0.2,-0.6656,2017
2017-05-01,933.262,4,CJ-12010,South,FUR-TA-10001889,Furniture,0.45,-419.9679,2017
2017-05-01,2803.92,5,CJ-12010,South,FUR-CH-10002024,Furniture,0.2,-560.784,2017
2017-10-20,4.768,2,PT-19090,South,OFF-ST-10000617,Office Supplies,0.2,-0.9536,2017
2017-10-20,6.672,1,PT-19090,South,OFF-PA-10000380,Office Supplies,0.2,-1.3344,2017
2017-10-20,4.448,2,PT-19090,South,OFF-AR-10003251,Office Supplies,0.2,-0.8896000000000002,2017
2017-10-20,43.936,4,PT-19090,South,FUR-FU-10000175,Furniture,0.2,-8.7872,2017
2017-08-12,299.99,1,DK-12895,West,TEC-CO-10000971,Technology,0.0,0.0,2017
2017-08-12,192.16,4,DK-12895,West,OFF-PA-10003134,Office Supplies,0.0,0.0,2017
2017-08-12,242.624,8,DK-12895,West,TEC-PH-10002538,Technology,0.2,-48.5248,2017
2017-08-12,46.74,3,DK-12895,West,OFF-ST-10001228,Office Supplies,0.0,0.0,2017
2017-08-12,174.95,5,DK-12895,West,TEC-AC-10000397,Technology,0.0,0.0,2017
2017-08-12,100.704,6,DK-12895,West,OFF-BI-10004308,Office Supplies,0.2,-20.1408,2017
2017-01-30,69.375,1,LP-17095,Central,FUR-TA-10003469,Furniture,0.5,-34.6875,2017
2017-01-30,31.68,4,LP-17095,Central,OFF-SU-10004231,Office Supplies,0.2,-6.336,2017
2017-01-30,2003.168,4,LP-17095,Central,TEC-PH-10002584,Technology,0.2,-400.6336,2017
2017-01-30,9.344,2,LP-17095,Central,OFF-AR-10003602,Office Supplies,0.2,-1.8688,2017
2017-06-30,1085.42,7,ND-18460,East,OFF-ST-10002615,Office Supplies,0.0,0.0,2017
2017-04-22,675.06,3,BD-11725,South,OFF-ST-10003716,Office Supplies,0.0,0.0,2017
2017-05-09,65.232,3,MC-17605,South,OFF-EN-10002504,Office Supplies,0.2,-13.0464,2017
2017-05-09,207.0,3,MC-17605,South,FUR-CH-10001270,Furniture,0.2,-41.40000000000001,2017
2017-11-03,18.368,4,JO-15145,West,OFF-BI-10002393,Office Supplies,0.2,-3.6736,2017
2017-03-13,299.9,2,MT-17815,East,TEC-PH-10001809,Technology,0.0,0.0,2017
2017-07-26,1649.95,5,GZ-14545,West,TEC-AC-10003870,Technology,0.0,0.0,2017
2017-07-26,362.352,3,GZ-14545,West,FUR-CH-10000665,Furniture,0.2,-72.4704,2017
2017-11-03,486.368,4,BG-11740,West,FUR-TA-10001086,Furniture,0.2,-97.2736,2017
2017-01-26,62.72,4,BD-11500,South,FUR-FU-10002157,Furniture,0.0,0.0,2017
2017-01-26,2939.93,7,BD-11500,South,TEC-PH-10001459,Technology,0.0,0.0,2017
2017-04-11,1.752,1,HM-14980,South,OFF-AR-10000422,Office Supplies,0.2,-0.3504,2017
2017-04-11,20.992,8,HM-14980,South,OFF-AR-10000127,Office Supplies,0.2,-4.1984,2017
2017-11-13,11.21,1,EM-14065,East,OFF-ST-10004634,Office Supplies,0.0,0.0,2017
2017-09-08,61.68,5,FC-14245,South,OFF-ST-10001321,Office Supplies,0.2,-12.336,2017
2017-09-08,158.376,3,FC-14245,South,TEC-PH-10001750,Technology,0.2,-31.6752,2017
2017-07-21,2.864,4,KL-16555,Central,OFF-BI-10001890,Office Supplies,0.8,-2.2912,2017
2017-07-21,94.192,7,KL-16555,Central,OFF-BI-10004224,Office Supplies,0.8,-75.3536,2017
2017-10-06,143.7,3,XP-21865,East,OFF-PA-10001357,Office Supplies,0.0,0.0,2017
2017-10-06,6.48,1,XP-21865,East,OFF-PA-10004888,Office Supplies,0.0,0.0,2017
2017-11-07,7.88,4,FP-14320,East,TEC-AC-10002370,Technology,0.0,0.0,2017
2017-05-13,299.52,9,CW-11905,East,OFF-BI-10002082,Office Supplies,0.0,0.0,2017
2017-04-13,436.704,6,YS-21880,West,FUR-CH-10003774,Furniture,0.2,-87.3408,2017
2017-06-11,61.44,3,ZD-21925,West,OFF-AP-10004532,Office Supplies,0.0,0.0,2017
2017-05-03,32.448,2,BO-11350,East,FUR-FU-10004245,Furniture,0.2,-6.4896,2017
2017-05-03,26.388,4,BO-11350,East,OFF-BI-10003684,Office Supplies,0.7,-18.4716,2017
2017-05-03,373.47,5,BO-11350,East,FUR-TA-10003748,Furniture,0.4,-149.388,2017
2017-05-03,64.2,5,BO-11350,East,OFF-BI-10002133,Office Supplies,0.7,-44.94,2017
2017-05-03,8.0,2,BO-11350,East,OFF-FA-10002280,Office Supplies,0.2,-1.6,2017
2017-01-02,31.744,2,TS-21655,Central,OFF-AR-10001955,Office Supplies,0.2,-6.348800000000001,2017
2017-01-02,5.432,2,TS-21655,Central,OFF-AP-10000027,Office Supplies,0.8,-4.3456,2017
2017-01-02,913.43,5,TS-21655,Central,FUR-TA-10002958,Furniture,0.3,-274.029,2017
2017-01-02,372.144,3,TS-21655,Central,OFF-ST-10002615,Office Supplies,0.2,-74.42880000000001,2017
2017-04-28,751.984,2,JL-15235,South,TEC-PH-10002624,Technology,0.2,-150.3968,2017
2017-01-30,604.768,4,SZ-20035,West,TEC-PH-10002275,Technology,0.2,-120.9536,2017
2017-03-21,64.384,1,PW-19030,South,OFF-AP-10001242,Office Supplies,0.2,-12.8768,2017
2017-09-04,11.808,3,CV-12805,West,OFF-BI-10001757,Office Supplies,0.2,-2.3616,2017
2017-12-04,11.76,2,CS-12250,West,OFF-PA-10001838,Office Supplies,0.0,0.0,2017
2017-12-23,27.46,2,JB-16045,East,FUR-FU-10001473,Furniture,0.0,0.0,2017
2017-11-02,155.372,2,SR-20425,East,FUR-CH-10001973,Furniture,0.3,-46.6116,2017
2017-07-08,83.92,4,HE-14800,East,FUR-FU-10003247,Furniture,0.0,0.0,2017
2017-07-08,141.9,5,HE-14800,East,TEC-AC-10002473,Technology,0.0,0.0,2017
2017-07-08,39.98,2,HE-14800,East,FUR-FU-10001057,Furniture,0.0,0.0,2017
2017-07-08,28.91,7,HE-14800,East,OFF-AR-10001419,Office Supplies,0.0,0.0,2017
2017-07-08,174.95,5,HE-14800,East,OFF-AR-10004010,Office Supplies,0.0,0.0,2017
2017-03-10,933.408,4,MD-17350,Central,FUR-TA-10002228,Furniture,0.3,-280.0224,2017
2017-04-06,106.32,3,ML-17755,Central,OFF-PA-10000474,Office Supplies,0.0,0.0,2017
2017-05-09,147.92,5,LB-16795,West,OFF-BI-10004330,Office Supplies,0.2,-29.584,2017
2017-05-09,104.28,3,LB-16795,West,OFF-ST-10000604,Office Supplies,0.0,0.0,2017
2017-05-09,286.85,1,LB-16795,West,FUR-TA-10004154,Furniture,0.0,0.0,2017
2017-05-09,66.96,4,LB-16795,West,OFF-ST-10000636,Office Supplies,0.0,0.0,2017
2017-05-09,199.98,2,LB-16795,West,TEC-AC-10004171,Technology,0.0,0.0,2017
2017-10-12,45.0,3,NP-18670,East,TEC-AC-10002167,Technology,0.0,0.0,2017
2017-10-12,17.9,5,NP-18670,East,OFF-FA-10000621,Office Supplies,0.0,0.0,2017
2017-10-12,40.48,2,NP-18670,East,FUR-FU-10004053,Furniture,0.0,0.0,2017
2017-10-12,2154.9,5,NP-18670,East,FUR-BO-10003404,Furniture,0.0,0.0,2017
2017-11-23,4.36,2,DC-12850,Central,OFF-SU-10001935,Office Supplies,0.0,0.0,2017
2017-11-12,62.352,6,DJ-13510,West,TEC-AC-10004227,Technology,0.2,-12.4704,2017
2017-11-08,274.2,10,KN-16450,East,FUR-FU-10003535,Furniture,0.0,0.0,2017
2017-03-14,49.616,2,BN-11470,Central,TEC-PH-10000213,Technology,0.2,-9.923200000000001,2017
2017-05-06,84.416,4,DB-13615,West,OFF-PA-10002254,Office Supplies,0.2,-16.8832,2017
2017-10-23,240.744,4,AH-10075,East,FUR-TA-10001039,Furniture,0.3,-72.22319999999999,2017
2017-10-23,35.0,4,AH-10075,East,FUR-FU-10004963,Furniture,0.0,0.0,2017
2017-10-23,210.68,2,AH-10075,East,FUR-FU-10000277,Furniture,0.0,0.0,2017
2017-10-23,637.896,3,AH-10075,East,FUR-TA-10004915,Furniture,0.3,-191.3688,2017
2017-10-23,43.44,8,AH-10075,East,OFF-PA-10003724,Office Supplies,0.0,0.0,2017
2017-10-23,2.22,1,AH-10075,East,OFF-AP-10002906,Office Supplies,0.0,0.0,2017
2017-05-28,106.869,3,TH-21235,Central,FUR-CH-10001146,Furniture,0.3,-32.0607,2017
2017-05-28,3.564,3,TH-21235,Central,OFF-BI-10004364,Office Supplies,0.8,-2.8512,2017
2017-04-23,387.136,4,PN-18775,South,FUR-BO-10001972,Furniture,0.2,-77.42720000000001,2017
2017-04-23,45.408,2,PN-18775,South,TEC-AC-10002473,Technology,0.2,-9.0816,2017
2017-04-23,77.952,3,PN-18775,South,FUR-FU-10000193,Furniture,0.2,-15.5904,2017
2017-04-23,3.0,1,PN-18775,South,OFF-LA-10000081,Office Supplies,0.2,-0.6000000000000001,2017
2017-04-09,37.896,4,NC-18625,East,OFF-BI-10004492,Office Supplies,0.7,-26.5272,2017
2017-04-09,65.584,2,NC-18625,East,OFF-PA-10001033,Office Supplies,0.2,-13.1168,2017
2017-10-27,44.784,1,TW-21025,West,OFF-PA-10004039,Office Supplies,0.2,-8.9568,2017
2017-12-18,5.76,2,TT-21460,West,OFF-AR-10002578,Office Supplies,0.0,0.0,2017
2017-02-11,20.7,2,DJ-13510,East,OFF-LA-10001297,Office Supplies,0.0,0.0,2017
2017-09-24,199.8,10,PB-19150,West,FUR-FU-10002759,Furniture,0.0,0.0,2017
2017-03-27,45.68,2,BD-11560,West,OFF-PA-10000740,Office Supplies,0.0,0.0,2017
2017-03-27,110.96,2,BD-11560,West,OFF-PA-10001144,Office Supplies,0.0,0.0,2017
2017-03-27,11.94,3,BD-11560,West,OFF-PA-10000859,Office Supplies,0.0,0.0,2017
2017-07-07,5.94,3,AT-10735,West,OFF-FA-10001135,Office Supplies,0.0,0.0,2017
2017-06-05,20.736,4,NS-18640,South,OFF-PA-10002787,Office Supplies,0.2,-4.147200000000001,2017
2017-06-04,30.336,6,EM-14065,Central,FUR-FU-10002501,Furniture,0.6,-18.2016,2017
2017-12-04,12.99,1,DO-13645,East,FUR-FU-10002506,Furniture,0.0,0.0,2017
2017-12-04,182.22,3,DO-13645,East,FUR-CH-10003817,Furniture,0.0,0.0,2017
2017-12-04,302.94,3,DO-13645,East,FUR-CH-10004860,Furniture,0.0,0.0,2017
2017-09-21,55.86,7,DB-13615,West,OFF-PA-10004082,Office Supplies,0.0,0.0,2017
2017-03-16,44.376,2,SP-20920,East,TEC-PH-10004348,Technology,0.4,-17.7504,2017
2017-03-16,51.264,6,SP-20920,East,FUR-FU-10003424,Furniture,0.2,-10.2528,2017
2017-03-16,5.193,3,SP-20920,East,OFF-BI-10004654,Office Supplies,0.7,-3.6351,2017
2017-03-16,159.984,2,SP-20920,East,TEC-AC-10004571,Technology,0.2,-31.9968,2017
2017-03-16,54.224,2,SP-20920,East,OFF-ST-10000675,Office Supplies,0.2,-10.8448,2017
2017-11-10,241.424,2,ME-17320,West,FUR-CH-10001714,Furniture,0.2,-48.2848,2017
2017-03-09,479.984,2,KB-16315,West,TEC-CO-10000971,Technology,0.2,-95.99680000000001,2017
2017-03-09,30.84,5,KB-16315,West,OFF-BI-10003910,Office Supplies,0.2,-6.168,2017
2017-11-13,239.92,8,CB-12025,South,TEC-AC-10000927,Technology,0.0,0.0,2017
2017-04-30,4.842,3,MH-18115,South,OFF-BI-10000822,Office Supplies,0.7,-3.3894,2017
2017-04-30,220.704,6,MH-18115,South,FUR-FU-10000747,Furniture,0.2,-44.14080000000001,2017
2017-08-27,14.336,4,ST-20530,South,OFF-AP-10000804,Office Supplies,0.2,-2.8672,2017
2017-07-03,102.3,1,TS-21505,East,FUR-FU-10004188,Furniture,0.0,0.0,2017
2017-12-22,607.52,2,CM-12190,Central,FUR-TA-10004915,Furniture,0.0,0.0,2017
2017-12-22,31.16,2,CM-12190,Central,OFF-ST-10001228,Office Supplies,0.0,0.0,2017
2017-12-09,11.088,7,RD-19720,East,OFF-BI-10001116,Office Supplies,0.7,-7.761599999999999,2017
2017-07-11,1287.45,5,KB-16240,West,TEC-AC-10003832,Technology,0.0,0.0,2017
2017-07-11,168.1,5,KB-16240,West,OFF-AP-10003040,Office Supplies,0.0,0.0,2017
2017-01-29,4.768,2,BD-11770,East,OFF-AR-10002053,Office Supplies,0.2,-0.9536,2017
2017-09-29,7.98,3,FH-14365,East,OFF-EN-10004846,Office Supplies,0.0,0.0,2017
2017-04-23,18.688,2,SO-20335,West,OFF-EN-10003134,Office Supplies,0.2,-3.7376,2017
2017-04-23,11.664,3,SO-20335,West,FUR-FU-10001025,Furniture,0.2,-2.3328,2017
2017-11-09,191.976,3,PM-19135,South,TEC-AC-10002567,Technology,0.2,-38.3952,2017
2017-11-09,499.168,4,PM-19135,South,TEC-PH-10004094,Technology,0.2,-99.8336,2017
2017-08-18,23.18,2,CM-12160,East,TEC-AC-10003614,Technology,0.0,0.0,2017
2017-11-13,82.95,5,SE-20110,West,TEC-AC-10000682,Technology,0.0,0.0,2017
2017-03-03,399.672,7,BT-11395,West,FUR-TA-10001520,Furniture,0.2,-79.93440000000001,2017
2017-09-08,65.12,4,EM-14095,East,OFF-ST-10001031,Office Supplies,0.0,0.0,2017
2017-11-06,30.56,5,LC-17050,Central,FUR-FU-10003878,Furniture,0.6,-18.336,2017
2017-05-13,20.768,2,FH-14275,South,OFF-AP-10000358,Office Supplies,0.2,-4.1536,2017
2017-08-25,130.98,2,SV-20365,East,FUR-BO-10001798,Furniture,0.5,-65.49,2017
2017-04-27,139.58,7,HM-14980,West,FUR-FU-10000397,Furniture,0.0,0.0,2017
2017-07-23,399.95,5,PO-19180,Central,TEC-AC-10000736,Technology,0.0,0.0,2017
2017-01-12,760.98,5,DB-13120,Central,OFF-BI-10000545,Office Supplies,0.8,-608.784,2017
2017-12-02,67.86,6,SV-20935,West,OFF-BI-10001670,Office Supplies,0.7,-47.502,2017
2017-11-25,723.92,5,HZ-14950,South,FUR-BO-10003965,Furniture,0.2,-144.784,2017
2017-03-30,94.2,5,AB-10165,West,FUR-FU-10004973,Furniture,0.0,0.0,2017
2017-02-16,18.368,2,JS-16030,Central,OFF-FA-10004854,Office Supplies,0.2,-3.6736,2017
2017-02-16,600.558,3,JS-16030,Central,FUR-CH-10004063,Furniture,0.3,-180.1674,2017
2017-02-16,50.352,3,JS-16030,Central,OFF-ST-10000642,Office Supplies,0.2,-10.0704,2017
2017-02-16,28.032,6,JS-16030,Central,OFF-AR-10004078,Office Supplies,0.2,-5.606400000000001,2017
2017-02-16,7.692,1,JS-16030,Central,FUR-FU-10004270,Furniture,0.6,-4.6152,2017
2017-10-24,517.405,5,PO-18850,Central,FUR-TA-10004607,Furniture,0.3,-155.2215,2017
2017-11-25,5.16,2,TZ-21580,West,OFF-AR-10002335,Office Supplies,0.0,0.0,2017
2017-11-14,96.36,6,PW-19030,East,OFF-ST-10003996,Office Supplies,0.0,0.0,2017
2017-09-15,300.904,1,CS-12400,West,FUR-TA-10003473,Furniture,0.2,-60.1808,2017
2017-06-15,239.976,3,TS-21205,South,TEC-PH-10001051,Technology,0.2,-47.9952,2017
2017-06-15,31.168,4,TS-21205,South,FUR-FU-10004351,Furniture,0.2,-6.2336,2017
2017-06-15,120.96,2,TS-21205,South,FUR-TA-10004152,Furniture,0.4,-48.384,2017
2017-06-15,2239.936,8,TS-21205,South,TEC-PH-10000560,Technology,0.2,-447.9872,2017
2017-06-15,76.608,8,TS-21205,South,OFF-AP-10004249,Office Supplies,0.2,-15.3216,2017
2017-06-15,142.776,1,TS-21205,South,OFF-ST-10001490,Office Supplies,0.2,-28.5552,2017
2017-06-15,91.36,5,TS-21205,South,OFF-PA-10000312,Office Supplies,0.2,-18.272,2017
2017-07-11,71.952,6,TS-21430,West,TEC-PH-10000004,Technology,0.2,-14.3904,2017
2017-07-11,29.8,5,TS-21430,West,OFF-BI-10003708,Office Supplies,0.2,-5.960000000000001,2017
2017-11-16,1.824,1,BM-11650,East,OFF-BI-10002949,Office Supplies,0.7,-1.2768,2017
2017-03-18,46.2,4,SW-20275,West,OFF-AR-10003752,Office Supplies,0.0,0.0,2017
2017-06-27,19.44,3,PW-19030,West,OFF-PA-10003848,Office Supplies,0.0,0.0,2017
2017-06-27,126.3,3,PW-19030,West,FUR-FU-10001290,Furniture,0.0,0.0,2017
2017-06-27,1287.45,5,PW-19030,West,TEC-AC-10003832,Technology,0.0,0.0,2017
2017-04-06,8.1,5,CS-12175,South,OFF-BI-10003669,Office Supplies,0.7,-5.669999999999999,2017
2017-12-08,13.248,4,MJ-17740,East,OFF-AR-10004441,Office Supplies,0.2,-2.6496,2017
2017-12-08,83.988,2,MJ-17740,East,TEC-PH-10001924,Technology,0.4,-33.5952,2017
2017-02-02,210.58,2,BO-11350,West,FUR-FU-10000293,Furniture,0.0,0.0,2017
2017-02-02,30.96,2,BO-11350,West,OFF-BI-10003638,Office Supplies,0.2,-6.192,2017
2017-02-02,239.984,2,BO-11350,West,TEC-MA-10002109,Technology,0.2,-47.99680000000001,2017
2017-09-09,17.712,6,JD-16015,East,OFF-LA-10000443,Office Supplies,0.2,-3.5424,2017
2017-09-09,4.86,3,JD-16015,East,OFF-BI-10003669,Office Supplies,0.7,-3.402,2017
2017-09-09,6.258,2,JD-16015,East,OFF-BI-10001628,Office Supplies,0.7,-4.380599999999999,2017
2017-09-14,942.784,4,DB-13555,South,OFF-AP-10002534,Office Supplies,0.2,-188.5568,2017
2017-09-14,74.352,3,DB-13555,South,OFF-PA-10001125,Office Supplies,0.2,-14.8704,2017
2017-12-13,287.976,3,BP-11095,East,FUR-BO-10004015,Furniture,0.2,-57.59520000000001,2017
2017-03-17,4.608,2,AS-10630,South,OFF-LA-10003190,Office Supplies,0.2,-0.9216,2017
2017-05-28,195.96,5,CM-11815,West,TEC-PH-10001305,Technology,0.2,-39.19200000000001,2017
2017-05-28,15.552,3,CM-11815,West,OFF-PA-10001534,Office Supplies,0.2,-3.1104,2017
2017-05-28,271.968,4,CM-11815,West,TEC-AC-10000844,Technology,0.2,-54.39360000000001,2017
2017-06-15,698.352,3,JE-15715,South,FUR-CH-10000847,Furniture,0.2,-139.6704,2017
2017-06-15,77.728,2,JE-15715,South,FUR-BO-10000468,Furniture,0.2,-15.5456,2017
2017-03-18,537.544,7,TT-21220,Central,TEC-PH-10001557,Technology,0.2,-107.5088,2017
2017-11-23,10.688,2,CS-12250,Central,OFF-PA-10004285,Office Supplies,0.2,-2.1376,2017
2017-08-19,102.72,3,DO-13435,West,OFF-BI-10002133,Office Supplies,0.2,-20.544,2017
2017-10-26,33.282,3,JF-15190,East,OFF-BI-10004330,Office Supplies,0.7,-23.2974,2017
2017-10-26,118.65,5,JF-15190,East,TEC-PH-10002807,Technology,0.4,-47.46000000000001,2017
2017-10-26,14.76,5,JF-15190,East,OFF-LA-10001404,Office Supplies,0.2,-2.952,2017
2017-05-30,37.52,4,SM-20950,West,OFF-PA-10004911,Office Supplies,0.0,0.0,2017
2017-11-03,959.984,2,DK-13090,South,TEC-CO-10003236,Technology,0.2,-191.9968,2017
2017-11-03,4.086,2,DK-13090,South,OFF-BI-10002982,Office Supplies,0.7,-2.8602,2017
2017-11-03,55.984,2,DK-13090,South,OFF-AR-10004010,Office Supplies,0.2,-11.1968,2017
2017-11-03,10.688,2,DK-13090,South,OFF-PA-10002947,Office Supplies,0.2,-2.1376,2017
2017-03-21,8.856,3,TB-21055,East,OFF-EN-10003845,Office Supplies,0.2,-1.7712,2017
2017-09-24,15.51,1,KF-16285,South,OFF-ST-10004950,Office Supplies,0.0,0.0,2017
2017-09-24,89.9,2,KF-16285,South,TEC-PH-10003171,Technology,0.0,0.0,2017
2017-09-24,14.28,4,KF-16285,South,OFF-AR-10000614,Office Supplies,0.0,0.0,2017
2017-09-24,12.72,3,KF-16285,South,OFF-AR-10000034,Office Supplies,0.0,0.0,2017
2017-09-24,15.75,5,KF-16285,South,OFF-LA-10003766,Office Supplies,0.0,0.0,2017
2017-12-18,7.236,3,BP-11290,East,OFF-BI-10004209,Office Supplies,0.7,-5.0652,2017
2017-12-18,4.824,3,BP-11290,East,OFF-FA-10002988,Office Supplies,0.2,-0.9648,2017
2017-12-18,91.36,5,BP-11290,East,OFF-PA-10002222,Office Supplies,0.2,-18.272,2017
2017-12-18,130.112,2,BP-11290,East,OFF-AP-10004487,Office Supplies,0.2,-26.0224,2017
2017-12-24,21.312,3,DP-13105,West,OFF-BI-10001679,Office Supplies,0.2,-4.2624,2017
2017-10-13,209.94,6,JW-15220,West,TEC-AC-10002335,Technology,0.0,0.0,2017
2017-10-13,31.984,2,JW-15220,West,TEC-PH-10003187,Technology,0.2,-6.396800000000001,2017
2017-10-13,5083.96,5,JW-15220,West,OFF-BI-10003527,Office Supplies,0.2,-1016.792,2017
2017-08-20,35.96,1,TT-21460,South,TEC-PH-10003171,Technology,0.2,-7.192,2017
2017-12-01,15.92,5,SH-19975,West,OFF-BI-10002003,Office Supplies,0.2,-3.184,2017
2017-12-01,70.68,12,SH-19975,West,FUR-FU-10000023,Furniture,0.0,0.0,2017
2017-12-01,541.24,4,SH-19975,West,OFF-ST-10002756,Office Supplies,0.0,0.0,2017
2017-11-14,21.99,5,TC-21295,Central,OFF-BI-10003684,Office Supplies,0.8,-17.592,2017
2017-09-17,480.0,4,GZ-14470,East,TEC-MA-10004626,Technology,0.0,0.0,2017
2017-09-17,34.05,3,GZ-14470,East,OFF-ST-10000615,Office Supplies,0.0,0.0,2017
2017-10-20,15.984,2,MY-18295,South,TEC-PH-10004071,Technology,0.2,-3.1968,2017
2017-10-20,14.352,3,MY-18295,South,OFF-PA-10001667,Office Supplies,0.2,-2.8704,2017
2017-12-01,629.64,9,ML-17755,West,FUR-FU-10003394,Furniture,0.0,0.0,2017
2017-10-28,21.93,3,SA-20830,East,OFF-LA-10002475,Office Supplies,0.0,0.0,2017
2017-11-04,95.976,3,CA-12265,South,TEC-AC-10000303,Technology,0.2,-19.1952,2017
2017-11-04,143.928,9,CA-12265,South,TEC-PH-10000127,Technology,0.2,-28.7856,2017
2017-11-04,3.564,2,CA-12265,South,OFF-BI-10004364,Office Supplies,0.7,-2.4948,2017
2017-11-04,4.928,2,CA-12265,South,OFF-LA-10002195,Office Supplies,0.2,-0.9856,2017
2017-06-11,4.572,4,ZC-21910,South,OFF-BI-10001525,Office Supplies,0.7,-3.2004,2017
2017-12-18,99.95,5,HE-14800,Central,FUR-FU-10001057,Furniture,0.0,0.0,2017
2017-12-18,29.34,3,HE-14800,Central,TEC-AC-10002331,Technology,0.0,0.0,2017
2017-08-27,12.672,3,BP-11185,East,OFF-PA-10000528,Office Supplies,0.2,-2.5344,2017
2017-08-27,1119.888,14,BP-11185,East,TEC-AC-10001908,Technology,0.2,-223.9776,2017
2017-10-10,239.358,3,SW-20245,Central,FUR-CH-10001545,Furniture,0.3,-71.8074,2017
2017-12-24,19.44,3,NC-18535,East,OFF-PA-10001972,Office Supplies,0.0,0.0,2017
2017-12-24,12.3,5,NC-18535,East,OFF-BI-10000201,Office Supplies,0.0,0.0,2017
2017-12-22,934.956,6,JL-15130,South,FUR-TA-10002903,Furniture,0.4,-373.9824,2017
2017-12-22,46.864,2,JL-15130,South,TEC-AC-10001013,Technology,0.2,-9.3728,2017
2017-12-22,26.16,3,JL-15130,South,OFF-ST-10000918,Office Supplies,0.2,-5.232,2017
2017-12-22,23.128,7,JL-15130,South,OFF-AR-10001419,Office Supplies,0.2,-4.6256,2017
2017-12-22,59.24,5,JL-15130,South,OFF-AP-10003266,Office Supplies,0.2,-11.848,2017
2017-12-25,21.0,3,JH-15430,South,FUR-FU-10004963,Furniture,0.2,-4.2,2017
2017-12-25,120.0,2,JH-15430,South,TEC-MA-10004626,Technology,0.5,-60.0,2017
2017-11-25,299.96,5,RO-19780,Central,TEC-PH-10003437,Technology,0.2,-59.992,2017
2017-11-25,67.84,5,RO-19780,Central,OFF-AP-10002867,Office Supplies,0.8,-54.27200000000001,2017
2017-11-25,853.93,5,RO-19780,Central,FUR-CH-10002126,Furniture,0.3,-256.179,2017
2017-11-25,18.688,4,RO-19780,Central,OFF-AR-10001761,Office Supplies,0.2,-3.7376,2017
2017-11-06,1.248,2,CC-12370,Central,OFF-BI-10000145,Office Supplies,0.8,-0.9984000000000001,2017
2017-12-02,19.728,9,ES-14080,East,OFF-AR-10001662,Office Supplies,0.2,-3.945600000000001,2017
2017-12-02,151.188,2,ES-14080,East,TEC-PH-10004531,Technology,0.4,-60.4752,2017
2017-03-24,271.764,2,MV-17485,East,FUR-CH-10000665,Furniture,0.1,-27.1764,2017
2017-04-25,344.981,7,RL-19615,West,FUR-BO-10004709,Furniture,0.15,-51.74715,2017
2017-11-23,36.288,7,JP-15460,Central,OFF-PA-10000477,Office Supplies,0.2,-7.2576,2017
2017-11-23,78.304,2,JP-15460,Central,OFF-PA-10002923,Office Supplies,0.2,-15.6608,2017
2017-11-23,127.785,1,JP-15460,Central,FUR-TA-10003008,Furniture,0.3,-38.3355,2017
2017-11-23,6.104,2,JP-15460,Central,OFF-BI-10003707,Office Supplies,0.8,-4.8832,2017
2017-10-01,104.75,5,TN-21040,West,TEC-AC-10004708,Technology,0.0,0.0,2017
2017-10-16,18.528,2,VP-21760,South,TEC-AC-10003499,Technology,0.2,-3.7056,2017
2017-10-16,1875.258,7,VP-21760,South,FUR-TA-10001950,Furniture,0.4,-750.1032,2017
2017-11-11,35.184,2,PG-18820,Central,TEC-PH-10004531,Technology,0.2,-7.036799999999999,2017
2017-03-20,56.704,2,HG-14845,Central,OFF-PA-10000474,Office Supplies,0.2,-11.3408,2017
2017-03-20,274.064,7,HG-14845,Central,OFF-PA-10002377,Office Supplies,0.2,-54.81280000000001,2017
2017-05-13,458.43,5,MH-18115,East,FUR-CH-10001482,Furniture,0.3,-137.529,2017
2017-11-18,92.52,6,NB-18655,Central,OFF-ST-10001321,Office Supplies,0.0,0.0,2017
2017-11-18,37.76,1,NB-18655,Central,OFF-ST-10000777,Office Supplies,0.0,0.0,2017
2017-11-18,7.38,2,NB-18655,Central,OFF-LA-10003720,Office Supplies,0.0,0.0,2017
2017-11-18,5.82,2,NB-18655,Central,FUR-FU-10000206,Furniture,0.0,0.0,2017
2017-07-12,3.816,1,CS-11860,East,OFF-PA-10000791,Office Supplies,0.2,-0.7632,2017
2017-05-19,26.16,4,ND-18460,South,OFF-BI-10001787,Office Supplies,0.0,0.0,2017
2017-03-18,13.9,5,BP-11050,West,OFF-AR-10002766,Office Supplies,0.0,0.0,2017
2017-03-18,19.4,5,BP-11050,West,OFF-EN-10003072,Office Supplies,0.0,0.0,2017
2017-09-01,314.6,4,RW-19540,West,OFF-AP-10001005,Office Supplies,0.0,0.0,2017
2017-09-01,283.56,4,RW-19540,West,FUR-TA-10002607,Furniture,0.0,0.0,2017
2017-06-22,487.96,2,RB-19465,Central,FUR-CH-10000454,Furniture,0.0,0.0,2017
2017-11-21,55.176,3,HZ-14950,Central,TEC-PH-10003555,Technology,0.2,-11.0352,2017
2017-12-16,5.984,2,KM-16225,West,OFF-BI-10003196,Office Supplies,0.2,-1.1968,2017
2017-12-16,189.95,5,KM-16225,West,TEC-AC-10000358,Technology,0.0,0.0,2017
2017-12-16,149.95,5,KM-16225,West,TEC-AC-10000057,Technology,0.0,0.0,2017
2017-12-16,29.95,5,KM-16225,West,OFF-AR-10001988,Office Supplies,0.0,0.0,2017
2017-12-16,44.4,3,KM-16225,West,OFF-LA-10003498,Office Supplies,0.0,0.0,2017
2017-09-22,21.96,2,BK-11260,West,OFF-SU-10001218,Office Supplies,0.0,0.0,2017
2017-05-26,23.08,2,BM-11785,South,TEC-AC-10000521,Technology,0.0,0.0,2017
2017-12-04,11.352,3,KE-16420,East,FUR-FU-10001918,Furniture,0.2,-2.2704,2017
2017-09-11,143.952,6,KH-16630,West,TEC-PH-10002564,Technology,0.2,-28.7904,2017
2017-09-11,19.44,3,KH-16630,West,OFF-PA-10002262,Office Supplies,0.0,0.0,2017
2017-11-02,5.56,2,BG-11035,South,OFF-AR-10000246,Office Supplies,0.0,0.0,2017
2017-10-13,348.56,8,AH-10210,South,OFF-ST-10002974,Office Supplies,0.0,0.0,2017
2017-10-12,369.544,7,MG-17650,Central,TEC-PH-10002085,Technology,0.2,-73.9088,2017
2017-10-12,10.368,2,MG-17650,Central,OFF-PA-10001934,Office Supplies,0.2,-2.0736,2017
2017-10-12,791.88,3,MG-17650,Central,TEC-AC-10003033,Technology,0.2,-158.376,2017
2017-01-19,429.6,2,NS-18505,East,TEC-PH-10001817,Technology,0.4,-171.84,2017
2017-01-19,31.968,2,NS-18505,East,FUR-FU-10002759,Furniture,0.2,-6.3936,2017
2017-01-19,887.271,3,NS-18505,East,FUR-CH-10000309,Furniture,0.3,-266.1813,2017
2017-01-19,21.696,4,NS-18505,East,OFF-PA-10003673,Office Supplies,0.2,-4.339200000000001,2017
2017-03-18,90.86,7,JK-15325,West,OFF-AP-10000358,Office Supplies,0.0,0.0,2017
2017-11-24,7.78,1,PR-18880,West,OFF-PA-10002137,Office Supplies,0.0,0.0,2017
2017-05-25,50.136,3,JL-15505,Central,OFF-ST-10002182,Office Supplies,0.2,-10.0272,2017
2017-09-04,88.074,7,AS-10045,West,OFF-BI-10002931,Office Supplies,0.7,-61.65179999999999,2017
2017-05-28,27.46,2,MD-17860,East,FUR-FU-10001473,Furniture,0.0,0.0,2017
2017-05-28,125.13,3,MD-17860,East,OFF-AP-10001469,Office Supplies,0.0,0.0,2017
2017-09-30,159.98,2,BT-11530,West,TEC-AC-10002402,Technology,0.0,0.0,2017
2017-05-20,8.288,2,RD-19480,West,OFF-BI-10004040,Office Supplies,0.2,-1.6576,2017
2017-05-20,1123.128,9,RD-19480,West,TEC-PH-10004094,Technology,0.2,-224.6256,2017
2017-05-20,64.9,5,RD-19480,West,OFF-AP-10000358,Office Supplies,0.0,0.0,2017
2017-06-12,71.976,3,SB-20185,West,TEC-PH-10002564,Technology,0.2,-14.3952,2017
2017-06-12,19.44,3,SB-20185,West,OFF-PA-10001639,Office Supplies,0.0,0.0,2017
2017-08-07,707.88,3,JL-15505,West,TEC-PH-10002415,Technology,0.2,-141.576,2017
2017-08-07,11.952,3,JL-15505,West,OFF-BI-10003355,Office Supplies,0.2,-2.3904,2017
2017-08-07,31.128,3,JL-15505,West,OFF-BI-10000216,Office Supplies,0.2,-6.2256,2017
2017-08-07,55.76,4,JL-15505,West,TEC-AC-10004803,Technology,0.0,0.0,2017
2017-08-07,24.56,2,JL-15505,West,OFF-PA-10001970,Office Supplies,0.0,0.0,2017
2017-08-07,51.75,1,JL-15505,West,FUR-FU-10004848,Furniture,0.0,0.0,2017
2017-08-07,207.184,1,JL-15505,West,FUR-CH-10002317,Furniture,0.2,-41.43680000000001,2017
2017-08-07,1473.1,5,JL-15505,West,OFF-AP-10002534,Office Supplies,0.0,0.0,2017
2017-08-03,39.816,3,AB-10105,Central,TEC-AC-10000682,Technology,0.2,-7.963200000000001,2017
2017-08-03,16.06,1,SC-20230,West,OFF-ST-10003996,Office Supplies,0.0,0.0,2017
2017-12-11,7.28,1,RS-19870,Central,OFF-EN-10003160,Office Supplies,0.0,0.0,2017
2017-12-11,5.4,3,RS-19870,Central,OFF-BI-10002012,Office Supplies,0.0,0.0,2017
2017-09-30,20.664,7,BF-10975,East,OFF-LA-10004677,Office Supplies,0.2,-4.1328,2017
2017-11-24,13.762,1,JG-15310,Central,OFF-AP-10002311,Office Supplies,0.8,-11.0096,2017
2017-11-14,15.28,2,AW-10930,Central,OFF-EN-10004459,Office Supplies,0.0,0.0,2017
2017-10-13,11.07,3,MH-18025,South,OFF-LA-10000248,Office Supplies,0.0,0.0,2017
2017-10-13,1504.52,4,MH-18025,South,FUR-TA-10003473,Furniture,0.0,0.0,2017
2017-10-13,25.92,4,MH-18025,South,OFF-PA-10004355,Office Supplies,0.0,0.0,2017
2017-11-04,7.536,6,FM-14290,Central,OFF-BI-10001308,Office Supplies,0.8,-6.0288,2017
2017-11-04,1.408,2,FM-14290,Central,OFF-BI-10003094,Office Supplies,0.8,-1.1264,2017
2017-11-04,4.144,4,FM-14290,Central,OFF-BI-10004040,Office Supplies,0.8,-3.3152,2017
2017-11-04,52.752,3,FM-14290,Central,OFF-ST-10002485,Office Supplies,0.2,-10.5504,2017
2017-03-19,381.36,7,GZ-14545,West,OFF-AP-10001205,Office Supplies,0.0,0.0,2017
2017-07-23,15.192,3,TB-21520,West,OFF-BI-10003429,Office Supplies,0.2,-3.0384,2017
2017-07-23,58.32,9,TB-21520,West,OFF-PA-10002689,Office Supplies,0.0,0.0,2017
2017-02-11,147.568,2,MM-17260,East,FUR-FU-10003601,Furniture,0.2,-29.5136,2017
2017-10-27,56.784,7,NB-18655,South,OFF-PA-10001685,Office Supplies,0.2,-11.3568,2017
2017-10-27,5.607,3,NB-18655,South,OFF-BI-10001097,Office Supplies,0.7,-3.9249,2017
2017-10-27,6.576,3,NB-18655,South,OFF-AR-10001662,Office Supplies,0.2,-1.3152,2017
2017-05-22,9.84,3,VF-21715,West,OFF-AR-10003651,Office Supplies,0.0,0.0,2017
2017-05-22,2.78,1,VF-21715,West,OFF-AR-10003732,Office Supplies,0.0,0.0,2017
2017-03-02,107.648,2,KD-16615,West,OFF-BI-10004224,Office Supplies,0.2,-21.5296,2017
2017-09-23,199.95,5,DO-13645,South,TEC-AC-10001114,Technology,0.0,0.0,2017
2017-09-23,12.96,2,DO-13645,South,OFF-PA-10002005,Office Supplies,0.0,0.0,2017
2017-11-11,25.5,3,JL-15505,Central,OFF-SU-10004661,Office Supplies,0.0,0.0,2017
2017-09-02,215.976,3,SU-20665,West,FUR-CH-10003061,Furniture,0.2,-43.1952,2017
2017-11-24,11.673,3,MY-17380,South,OFF-BI-10000216,Office Supplies,0.7,-8.1711,2017
2017-11-24,64.848,7,MY-17380,South,OFF-EN-10003448,Office Supplies,0.2,-12.9696,2017
2017-08-21,32.088,7,PK-19075,East,OFF-BI-10003476,Office Supplies,0.2,-6.4176,2017
2017-08-21,4305.552,6,PK-19075,East,OFF-BI-10001359,Office Supplies,0.2,-861.1104,2017
2017-09-02,1577.94,3,AH-10210,South,OFF-BI-10003650,Office Supplies,0.0,0.0,2017
2017-12-01,15.936,4,SC-20305,East,OFF-LA-10004853,Office Supplies,0.2,-3.1872,2017
2017-12-01,8.001,7,SC-20305,East,OFF-BI-10001759,Office Supplies,0.7,-5.600699999999999,2017
2017-12-01,398.972,2,SC-20305,East,FUR-CH-10003379,Furniture,0.3,-119.6916,2017
2017-09-11,67.9,5,CB-12025,South,OFF-AP-10000027,Office Supplies,0.0,0.0,2017
2017-09-02,11.696,2,LW-17215,West,OFF-LA-10002475,Office Supplies,0.2,-2.3392,2017
2017-06-19,6.888,3,DB-13270,Central,OFF-BI-10003166,Office Supplies,0.8,-5.510400000000001,2017
2017-06-19,457.485,3,DB-13270,Central,FUR-TA-10000688,Furniture,0.3,-137.2455,2017
2017-11-30,1079.316,6,TB-21625,East,FUR-CH-10003981,Furniture,0.3,-323.7948,2017
2017-03-02,0.556,1,RS-19765,Central,OFF-BI-10004022,Office Supplies,0.8,-0.4448000000000001,2017
2017-11-17,43.8,6,TB-21625,East,OFF-BI-10000050,Office Supplies,0.0,0.0,2017
2017-05-28,13.872,3,AM-10360,East,OFF-PA-10002464,Office Supplies,0.2,-2.7744,2017
2017-05-28,115.96,4,AM-10360,East,FUR-BO-10004709,Furniture,0.5,-57.98,2017
2017-03-06,4.928,2,DW-13540,Central,OFF-LA-10000134,Office Supplies,0.2,-0.9856,2017
2017-03-06,63.488,4,DW-13540,Central,OFF-AR-10000588,Office Supplies,0.2,-12.6976,2017
2017-02-21,47.904,1,DK-13090,Central,TEC-AC-10002076,Technology,0.2,-9.580800000000002,2017
2017-07-20,13.36,2,AR-10825,East,OFF-PA-10000743,Office Supplies,0.0,0.0,2017
2017-07-20,163.764,2,AR-10825,East,FUR-CH-10002780,Furniture,0.1,-16.3764,2017
2017-07-20,183.92,4,AR-10825,East,FUR-FU-10000747,Furniture,0.0,0.0,2017
2017-09-23,211.04,8,DB-13660,West,OFF-PA-10003641,Office Supplies,0.0,0.0,2017
2017-09-23,594.816,2,DB-13660,West,FUR-CH-10003973,Furniture,0.2,-118.9632,2017
2017-09-23,72.96,3,DB-13660,West,OFF-BI-10000977,Office Supplies,0.2,-14.592,2017
2017-09-07,80.96,4,PF-19225,West,FUR-FU-10004053,Furniture,0.0,0.0,2017
2017-09-07,455.712,2,PF-19225,West,TEC-PH-10002033,Technology,0.2,-91.14240000000001,2017
2017-09-07,25.98,1,PF-19225,West,OFF-AR-10004260,Office Supplies,0.0,0.0,2017
2017-09-11,195.68,4,SS-20410,South,OFF-AP-10002578,Office Supplies,0.0,0.0,2017
2017-09-11,14.2,4,SS-20410,South,OFF-FA-10000992,Office Supplies,0.0,0.0,2017
2017-05-01,314.352,3,AG-10900,South,FUR-BO-10001798,Furniture,0.2,-62.8704,2017
2017-05-01,4.608,2,AG-10900,South,OFF-LA-10004409,Office Supplies,0.2,-0.9216,2017
2017-09-16,17.9,5,CY-12745,West,OFF-FA-10000621,Office Supplies,0.0,0.0,2017
2017-02-17,455.97,5,CK-12325,East,FUR-TA-10001086,Furniture,0.4,-182.388,2017
2017-02-17,5.715,5,CK-12325,East,OFF-BI-10001525,Office Supplies,0.7,-4.0005,2017
2017-02-17,57.594,1,CK-12325,East,TEC-PH-10000526,Technology,0.4,-23.0376,2017
2017-02-17,30.144,2,CK-12325,East,FUR-FU-10004973,Furniture,0.2,-6.0288,2017
2017-02-17,899.43,5,CK-12325,East,FUR-CH-10003981,Furniture,0.3,-269.829,2017
2017-09-24,520.464,2,RO-19780,Central,FUR-CH-10003973,Furniture,0.3,-156.1392,2017
2017-09-24,11.424,3,RO-19780,Central,OFF-PA-10002109,Office Supplies,0.2,-2.2848,2017
2017-03-21,30.576,6,PS-18970,West,OFF-BI-10004410,Office Supplies,0.2,-6.115200000000001,2017
2017-03-21,13.02,7,PS-18970,West,OFF-FA-10004838,Office Supplies,0.0,0.0,2017
2017-03-21,22.14,3,PS-18970,West,FUR-FU-10002364,Furniture,0.0,0.0,2017
2017-03-21,359.32,4,PS-18970,West,OFF-ST-10001809,Office Supplies,0.0,0.0,2017
2017-11-07,272.97,3,KN-16390,East,FUR-CH-10000422,Furniture,0.0,0.0,2017
2017-05-07,419.944,7,CS-11950,West,TEC-PH-10003437,Technology,0.2,-83.98880000000001,2017
2017-12-25,31.8,3,PO-18865,East,TEC-AC-10003237,Technology,0.0,0.0,2017
2017-12-17,32.56,2,DP-13105,Central,OFF-ST-10001031,Office Supplies,0.0,0.0,2017
2017-08-11,25.92,4,SJ-20125,East,OFF-PA-10003441,Office Supplies,0.0,0.0,2017
2017-08-27,120.576,8,SF-20200,West,FUR-FU-10004973,Furniture,0.2,-24.1152,2017
2017-01-19,79.92,4,RM-19375,East,OFF-PA-10000157,Office Supplies,0.0,0.0,2017
2017-01-19,12.28,1,RM-19375,East,OFF-PA-10001970,Office Supplies,0.0,0.0,2017
2017-01-19,542.94,3,RM-19375,East,OFF-AP-10000828,Office Supplies,0.0,0.0,2017
2017-01-19,2.04,1,RM-19375,East,OFF-EN-10001509,Office Supplies,0.0,0.0,2017
2017-03-13,7.992,1,FH-14275,Central,TEC-PH-10004700,Technology,0.2,-1.5984,2017
2017-04-13,7.92,5,DP-13105,East,OFF-FA-10004076,Office Supplies,0.2,-1.584,2017
2017-09-22,1071.0,9,LC-17140,East,TEC-AC-10002842,Technology,0.0,0.0,2017
2017-09-22,12.07,1,LC-17140,East,FUR-FU-10004864,Furniture,0.0,0.0,2017
2017-12-10,3.273,1,WB-21850,East,OFF-BI-10000014,Office Supplies,0.7,-2.2911,2017
2017-12-10,87.92,5,WB-21850,East,FUR-FU-10001475,Furniture,0.2,-17.584,2017
2017-10-02,15.224,2,SC-20695,Central,OFF-AP-10004708,Office Supplies,0.8,-12.1792,2017
2017-10-02,21.984,6,SC-20695,Central,OFF-AP-10001947,Office Supplies,0.8,-17.5872,2017
2017-05-26,12.96,2,CD-11920,West,OFF-PA-10000520,Office Supplies,0.0,0.0,2017
2017-07-31,285.576,4,GM-14680,East,TEC-PH-10001079,Technology,0.4,-114.2304,2017
2017-04-07,16.256,2,HR-14770,South,OFF-AR-10003156,Office Supplies,0.2,-3.2512,2017
2017-04-07,219.184,2,HR-14770,South,TEC-PH-10000576,Technology,0.2,-43.8368,2017
2017-05-27,477.3,5,DN-13690,Central,FUR-FU-10003664,Furniture,0.0,0.0,2017
2017-06-03,136.26,9,MO-17800,West,OFF-ST-10004963,Office Supplies,0.0,0.0,2017
2017-05-27,27.192,3,BW-11110,South,TEC-AC-10002380,Technology,0.2,-5.438400000000001,2017
2017-05-27,12.06,5,BW-11110,South,OFF-BI-10004209,Office Supplies,0.7,-8.442,2017
2017-11-25,701.96,2,BS-11590,South,FUR-CH-10001854,Furniture,0.0,0.0,2017
2017-11-05,164.688,6,CD-12280,East,OFF-BI-10002735,Office Supplies,0.2,-32.9376,2017
2017-11-05,166.5,2,CD-12280,East,FUR-TA-10003469,Furniture,0.4,-66.60000000000001,2017
2017-11-05,12.96,2,CD-12280,East,OFF-PA-10001870,Office Supplies,0.0,0.0,2017
2017-11-05,110.96,2,CD-12280,East,OFF-PA-10004071,Office Supplies,0.0,0.0,2017
2017-11-05,99.98,2,CD-12280,East,TEC-PH-10001448,Technology,0.0,0.0,2017
2017-11-05,11.424,1,CD-12280,East,OFF-BI-10002706,Office Supplies,0.2,-2.2848,2017
2017-11-05,128.124,2,CD-12280,East,FUR-CH-10004875,Furniture,0.1,-12.8124,2017
2017-11-05,101.4,5,CD-12280,East,FUR-FU-10004245,Furniture,0.0,0.0,2017
2017-11-06,18.16,2,HG-14845,Central,OFF-ST-10000615,Office Supplies,0.2,-3.632,2017
2017-10-12,673.344,3,NF-18385,East,FUR-TA-10001932,Furniture,0.3,-202.0032,2017
2017-12-11,6.54,3,NB-18655,East,OFF-FA-10001561,Office Supplies,0.0,0.0,2017
2017-01-03,2022.272,8,CM-12385,West,OFF-BI-10004584,Office Supplies,0.2,-404.4544,2017
2017-01-03,9.12,3,CM-12385,West,OFF-AR-10000817,Office Supplies,0.0,0.0,2017
2017-11-07,38.16,9,EC-14050,Central,OFF-BI-10000756,Office Supplies,0.0,0.0,2017
2017-11-05,4.41,1,AB-10060,Central,OFF-PA-10002615,Office Supplies,0.0,0.0,2017
2017-11-05,167.94,3,AB-10060,Central,OFF-PA-10000565,Office Supplies,0.0,0.0,2017
2017-11-05,67.8,10,AB-10060,Central,OFF-PA-10003673,Office Supplies,0.0,0.0,2017
2017-05-30,204.6664,1,KT-16480,Central,FUR-BO-10001811,Furniture,0.32,-65.49324800000001,2017
2017-05-08,81.08,4,MM-18055,West,OFF-AP-10000692,Office Supplies,0.0,0.0,2017
2017-12-05,83.92,5,PB-18805,West,OFF-BI-10001524,Office Supplies,0.2,-16.784,2017
2017-12-05,199.9,5,PB-18805,West,FUR-FU-10003268,Furniture,0.0,0.0,2017
2017-12-05,31.176,3,PB-18805,West,TEC-PH-10000148,Technology,0.2,-6.2352,2017
2017-12-05,172.752,6,PB-18805,West,OFF-BI-10001543,Office Supplies,0.2,-34.5504,2017
2017-12-05,9.296,2,PB-18805,West,OFF-BI-10002071,Office Supplies,0.2,-1.8592,2017
2017-03-24,12.768,2,AC-10615,Central,OFF-ST-10002352,Office Supplies,0.2,-2.5536,2017
2017-07-08,52.76,2,MR-17545,West,OFF-PA-10003127,Office Supplies,0.0,0.0,2017
2017-10-26,55.616,2,BF-11215,Central,OFF-ST-10000464,Office Supplies,0.2,-11.1232,2017
2017-06-12,8.856,3,TS-21610,Central,FUR-FU-10002364,Furniture,0.6,-5.3136,2017
2017-09-07,16.9,5,AA-10375,East,OFF-PA-10002659,Office Supplies,0.0,0.0,2017
2017-09-07,39.96,2,AA-10375,East,OFF-PA-10000157,Office Supplies,0.0,0.0,2017
2017-07-05,79.96,4,DK-12835,Central,TEC-PH-10002293,Technology,0.0,0.0,2017
2017-09-14,1079.85,3,RB-19705,East,TEC-PH-10004586,Technology,0.0,0.0,2017
2017-09-14,70.98,1,RB-19705,East,OFF-ST-10001370,Office Supplies,0.0,0.0,2017
2017-09-14,29.95,5,RB-19705,East,OFF-AR-10001988,Office Supplies,0.0,0.0,2017
2017-09-14,589.41,5,RB-19705,East,FUR-CH-10003298,Furniture,0.1,-58.941,2017
2017-06-25,400.784,1,SB-20185,East,FUR-BO-10002213,Furniture,0.2,-80.1568,2017
2017-08-26,53.72,4,HJ-14875,Central,OFF-ST-10000344,Office Supplies,0.0,0.0,2017
2017-04-17,195.136,4,BM-11575,Central,OFF-ST-10001418,Office Supplies,0.2,-39.0272,2017
2017-07-23,121.536,4,AZ-10750,Central,OFF-AR-10000380,Office Supplies,0.2,-24.3072,2017
2017-09-14,8.56,2,HZ-14950,East,OFF-PA-10002741,Office Supplies,0.0,0.0,2017
2017-09-14,11.56,2,HZ-14950,East,OFF-PA-10003845,Office Supplies,0.0,0.0,2017
2017-01-24,25.86,3,KD-16495,West,OFF-AP-10001492,Office Supplies,0.0,0.0,2017
2017-01-24,276.784,2,KD-16495,West,OFF-BI-10004318,Office Supplies,0.2,-55.3568,2017
2017-01-24,110.352,3,KD-16495,West,TEC-PH-10000193,Technology,0.2,-22.0704,2017
2017-05-08,41.472,8,EB-13705,Central,OFF-PA-10003848,Office Supplies,0.2,-8.294400000000001,2017
2017-11-04,70.72,4,HG-14965,East,TEC-AC-10002323,Technology,0.2,-14.144,2017
2017-11-04,194.352,3,HG-14965,East,OFF-ST-10002344,Office Supplies,0.2,-38.8704,2017
2017-12-05,21.6,6,BF-11080,East,OFF-PA-10000007,Office Supplies,0.0,0.0,2017
2017-12-05,11.07,3,BF-11080,East,OFF-LA-10000248,Office Supplies,0.0,0.0,2017
2017-10-24,11.68,4,CS-11950,South,OFF-FA-10000735,Office Supplies,0.0,0.0,2017
2017-11-16,899.982,3,BS-11380,East,TEC-CO-10002095,Technology,0.4,-359.9928,2017
2017-11-16,86.352,3,BS-11380,East,OFF-AR-10004022,Office Supplies,0.2,-17.2704,2017
2017-11-16,139.96,5,BS-11380,East,TEC-AC-10002335,Technology,0.2,-27.992,2017
2017-06-29,21.392,2,ME-17725,Central,OFF-AP-10000240,Office Supplies,0.8,-17.1136,2017
2017-06-29,307.314,3,ME-17725,Central,FUR-TA-10002855,Furniture,0.3,-92.19420000000001,2017
2017-06-29,409.9992,3,ME-17725,Central,FUR-BO-10000780,Furniture,0.32,-131.199744,2017
2017-09-23,9.248,2,MH-17785,Central,OFF-PA-10001846,Office Supplies,0.2,-1.8496,2017
2017-02-13,90.64,8,MH-17455,Central,OFF-AP-10004785,Office Supplies,0.0,0.0,2017
2017-11-12,11.56,2,EP-13915,West,OFF-PA-10001846,Office Supplies,0.0,0.0,2017
2017-06-08,89.544,7,FO-14305,West,TEC-AC-10002006,Technology,0.2,-17.9088,2017
2017-06-08,35.168,2,FO-14305,West,OFF-ST-10002485,Office Supplies,0.2,-7.0336,2017
2017-06-08,72.588,2,FO-14305,West,OFF-BI-10000778,Office Supplies,0.7,-50.81159999999999,2017
2017-01-23,95.984,2,HP-14815,West,TEC-AC-10001874,Technology,0.2,-19.1968,2017
2017-01-23,4.938,2,HP-14815,West,OFF-BI-10004506,Office Supplies,0.7,-3.456599999999999,2017
2017-08-31,193.95,3,MS-17770,West,OFF-ST-10001511,Office Supplies,0.0,0.0,2017
2017-11-16,119.94,3,LC-16885,West,FUR-FU-10003268,Furniture,0.0,0.0,2017
2017-11-16,12.42,3,LC-16885,West,FUR-FU-10001847,Furniture,0.0,0.0,2017
2017-04-02,14.94,3,AH-10465,South,OFF-LA-10001569,Office Supplies,0.0,0.0,2017
2017-11-13,22.0,5,KL-16645,West,TEC-PH-10003442,Technology,0.2,-4.4,2017
2017-12-13,8.64,3,EP-13915,West,OFF-LA-10004559,Office Supplies,0.0,0.0,2017
2017-12-13,38.88,6,EP-13915,West,OFF-PA-10003172,Office Supplies,0.0,0.0,2017
2017-12-13,201.04,8,EP-13915,West,FUR-FU-10001473,Furniture,0.0,0.0,2017
2017-12-13,12.96,2,EP-13915,West,OFF-PA-10000232,Office Supplies,0.0,0.0,2017
2017-01-02,16.59,1,FW-14395,West,TEC-AC-10000682,Technology,0.0,0.0,2017
2017-05-30,35.1,6,KA-16525,West,OFF-AR-10003405,Office Supplies,0.0,0.0,2017
2017-09-30,11.646,9,SC-20050,Central,OFF-BI-10000301,Office Supplies,0.8,-9.3168,2017
2017-06-20,32.4,5,PG-18895,South,OFF-PA-10001534,Office Supplies,0.0,0.0,2017
2017-06-20,503.96,4,PG-18895,South,TEC-PH-10003691,Technology,0.0,0.0,2017
2017-04-04,7.04,4,TA-21385,East,OFF-AR-10001545,Office Supplies,0.0,0.0,2017
2017-09-24,31.08,6,NK-18490,West,OFF-PA-10000551,Office Supplies,0.0,0.0,2017
2017-09-24,7.3,2,NK-18490,West,OFF-SU-10001574,Office Supplies,0.0,0.0,2017
2017-12-15,22.83,3,KM-16660,West,OFF-PA-10004569,Office Supplies,0.0,0.0,2017
2017-12-15,54.32,4,KM-16660,West,OFF-AP-10000027,Office Supplies,0.0,0.0,2017
2017-12-15,196.776,3,KM-16660,West,TEC-PH-10000675,Technology,0.2,-39.3552,2017
2017-07-31,11.54,1,LB-16795,East,OFF-PA-10003256,Office Supplies,0.0,0.0,2017
2017-07-31,849.95,5,LB-16795,East,OFF-BI-10003656,Office Supplies,0.0,0.0,2017
2017-07-31,11.01,3,LB-16795,East,OFF-BI-10002897,Office Supplies,0.0,0.0,2017
2017-10-19,39.624,3,JS-16030,West,OFF-BI-10004826,Office Supplies,0.2,-7.924800000000001,2017
2017-11-12,221.024,2,DK-13375,East,OFF-ST-10002574,Office Supplies,0.2,-44.20480000000001,2017
2017-09-17,89.97,3,SC-20380,West,TEC-AC-10001109,Technology,0.0,0.0,2017
2017-12-02,286.86,7,KM-16720,East,OFF-AP-10001293,Office Supplies,0.0,0.0,2017
2017-12-02,979.95,5,KM-16720,East,TEC-PH-10004977,Technology,0.0,0.0,2017
2017-12-02,4.36,2,KM-16720,East,OFF-SU-10001935,Office Supplies,0.0,0.0,2017
2017-11-14,34.24,8,JE-15715,West,OFF-AR-10003504,Office Supplies,0.0,0.0,2017
2017-03-16,310.12,2,KD-16615,West,OFF-ST-10002615,Office Supplies,0.0,0.0,2017
2017-03-16,70.464,6,KD-16615,West,OFF-BI-10004236,Office Supplies,0.2,-14.0928,2017
2017-03-16,19.68,5,KD-16615,West,OFF-BI-10001757,Office Supplies,0.2,-3.936,2017
2017-03-16,140.67,3,KD-16615,West,OFF-AP-10001154,Office Supplies,0.0,0.0,2017
2017-11-28,62.65,5,EP-13915,West,OFF-LA-10001074,Office Supplies,0.0,0.0,2017
2017-01-21,268.576,4,BE-11410,Central,OFF-EN-10002230,Office Supplies,0.2,-53.71520000000001,2017
2017-11-24,364.08,2,BP-11290,West,FUR-TA-10000617,Furniture,0.2,-72.816,2017
2017-11-24,71.088,2,BP-11290,West,FUR-TA-10001676,Furniture,0.2,-14.2176,2017
2017-03-27,8.26,2,LC-16870,South,OFF-LA-10000476,Office Supplies,0.0,0.0,2017
2017-03-27,17.76,2,LC-16870,South,OFF-BI-10001679,Office Supplies,0.0,0.0,2017
2017-03-27,332.94,3,LC-16870,South,OFF-ST-10001128,Office Supplies,0.0,0.0,2017
2017-03-27,292.1,2,LC-16870,South,FUR-TA-10002533,Furniture,0.0,0.0,2017
2017-03-27,206.1,5,LC-16870,South,TEC-PH-10004006,Technology,0.0,0.0,2017
2017-03-27,17.64,4,LC-16870,South,OFF-PA-10002615,Office Supplies,0.0,0.0,2017
2017-11-04,4.3,2,KM-16375,South,OFF-AR-10000657,Office Supplies,0.0,0.0,2017
2017-02-28,9.84,2,DB-13660,East,OFF-BI-10001757,Office Supplies,0.0,0.0,2017
2017-02-28,7.78,1,DB-13660,East,OFF-PA-10002137,Office Supplies,0.0,0.0,2017
2017-12-09,54.9,5,LW-17215,Central,OFF-BI-10000088,Office Supplies,0.0,0.0,2017
2017-12-07,50.04,6,TC-21535,West,OFF-PA-10000380,Office Supplies,0.0,0.0,2017
2017-03-27,1023.332,5,CJ-12010,Central,FUR-BO-10001811,Furniture,0.32,-327.46624,2017
2017-03-27,600.558,3,CJ-12010,Central,FUR-CH-10004063,Furniture,0.3,-180.1674,2017
2017-03-27,39.992,1,CJ-12010,Central,TEC-AC-10004901,Technology,0.2,-7.9984,2017
2017-03-27,211.246,2,CJ-12010,Central,FUR-CH-10001714,Furniture,0.3,-63.3738,2017
2017-09-29,97.3,7,JK-15730,West,OFF-SU-10000898,Office Supplies,0.0,0.0,2017
2017-07-27,194.848,4,JW-15955,South,FUR-CH-10001146,Furniture,0.2,-38.96960000000001,2017
2017-07-21,2.112,2,PT-19090,Central,OFF-BI-10001116,Office Supplies,0.8,-1.6896,2017
2017-06-19,129.3,2,JS-15685,East,OFF-ST-10001511,Office Supplies,0.0,0.0,2017
2017-06-19,11.568,3,JS-15685,East,OFF-BI-10004728,Office Supplies,0.2,-2.3136,2017
2017-07-16,242.352,3,NF-18385,South,FUR-CH-10004218,Furniture,0.2,-48.47040000000001,2017
2017-09-14,895.944,7,CY-12745,East,TEC-AC-10002001,Technology,0.2,-179.1888,2017
2017-09-02,43.1,5,MH-17290,West,OFF-AP-10001492,Office Supplies,0.0,0.0,2017
2017-09-02,511.5,5,MH-17290,West,FUR-FU-10004188,Furniture,0.0,0.0,2017
2017-09-02,147.92,5,MH-17290,West,OFF-BI-10004330,Office Supplies,0.2,-29.584,2017
2017-06-19,50.32,4,GA-14515,West,FUR-FU-10002396,Furniture,0.0,0.0,2017
2017-06-19,24.56,2,GA-14515,West,OFF-PA-10004438,Office Supplies,0.0,0.0,2017
2017-01-14,67.4,5,HR-14770,Central,OFF-ST-10001590,Office Supplies,0.0,0.0,2017
2017-01-14,2.52,2,HR-14770,Central,OFF-FA-10003472,Office Supplies,0.0,0.0,2017
2017-01-14,67.8,4,HR-14770,Central,TEC-PH-10000169,Technology,0.0,0.0,2017
2017-01-14,18.76,2,HR-14770,Central,OFF-ST-10002562,Office Supplies,0.0,0.0,2017
2017-01-14,12.12,4,HR-14770,Central,TEC-AC-10001445,Technology,0.0,0.0,2017
2017-01-14,11.34,1,HR-14770,Central,OFF-PA-10004156,Office Supplies,0.0,0.0,2017
2017-01-14,159.8,4,HR-14770,Central,TEC-AC-10004469,Technology,0.0,0.0,2017
2017-01-14,18.96,2,HR-14770,Central,FUR-FU-10001037,Furniture,0.0,0.0,2017
2017-10-06,290.336,2,MH-17455,Central,OFF-ST-10003208,Office Supplies,0.2,-58.06720000000001,2017
2017-10-06,19.152,2,MH-17455,Central,OFF-AR-10004790,Office Supplies,0.2,-3.8304,2017
2017-04-20,848.544,4,BE-11455,East,OFF-ST-10000078,Office Supplies,0.2,-169.7088,2017
2017-04-20,8.7,5,BE-11455,East,OFF-BI-10000174,Office Supplies,0.7,-6.089999999999999,2017
2017-04-20,122.382,3,BE-11455,East,TEC-PH-10004080,Technology,0.4,-48.9528,2017
2017-10-12,9.96,2,CA-12265,East,OFF-PA-10000477,Office Supplies,0.0,0.0,2017
2017-03-19,8.94,3,VG-21805,East,OFF-AR-10002467,Office Supplies,0.0,0.0,2017
2017-08-21,237.096,3,SC-20845,West,OFF-ST-10000036,Office Supplies,0.2,-47.4192,2017
2017-08-21,22.752,3,SC-20845,West,FUR-FU-10001037,Furniture,0.2,-4.5504,2017
2017-08-21,6.672,1,SC-20845,West,OFF-PA-10001950,Office Supplies,0.2,-1.3344,2017
2017-01-29,12.96,2,TM-21010,Central,OFF-PA-10003848,Office Supplies,0.0,0.0,2017
2017-01-29,94.85,5,TM-21010,Central,OFF-PA-10000176,Office Supplies,0.0,0.0,2017
2017-01-29,13.48,1,TM-21010,Central,OFF-ST-10001590,Office Supplies,0.0,0.0,2017
2017-01-29,14.91,3,TM-21010,Central,FUR-FU-10000010,Furniture,0.0,0.0,2017
2017-05-06,191.968,4,JF-15490,Central,TEC-AC-10001990,Technology,0.2,-38.3936,2017
2017-06-24,102.93,3,SC-20575,East,OFF-BI-10002735,Office Supplies,0.0,0.0,2017
2017-11-24,223.58,14,JL-15835,West,TEC-AC-10001772,Technology,0.0,0.0,2017
2017-06-01,1925.88,6,HW-14935,Central,FUR-CH-10003746,Furniture,0.0,0.0,2017
2017-06-01,2405.2,8,HW-14935,Central,OFF-AP-10002945,Office Supplies,0.0,0.0,2017
2017-06-01,83.97,3,HW-14935,Central,TEC-AC-10004568,Technology,0.0,0.0,2017
2017-06-01,39.89,1,HW-14935,Central,TEC-AC-10001714,Technology,0.0,0.0,2017
2017-06-01,17.38,2,HW-14935,Central,OFF-BI-10002072,Office Supplies,0.0,0.0,2017
2017-10-06,9.344,2,AJ-10945,West,OFF-AR-10001761,Office Supplies,0.2,-1.8688,2017
2017-09-16,18.0,1,CL-12700,South,TEC-AC-10002305,Technology,0.0,0.0,2017
2017-12-11,40.2,5,RB-19435,East,OFF-BI-10004209,Office Supplies,0.0,0.0,2017
2017-12-11,735.98,2,RB-19435,East,OFF-BI-10004600,Office Supplies,0.0,0.0,2017
2017-12-11,22.75,7,RB-19435,East,OFF-AP-10003622,Office Supplies,0.0,0.0,2017
2017-08-03,16.52,5,TB-21055,East,OFF-LA-10004484,Office Supplies,0.2,-3.304,2017
2017-11-17,79.99,1,RA-19885,South,TEC-AC-10001539,Technology,0.0,0.0,2017
2017-11-17,206.1,5,RA-19885,South,TEC-PH-10004006,Technology,0.0,0.0,2017
2017-02-26,91.96,2,DB-13060,West,FUR-FU-10000747,Furniture,0.0,0.0,2017
2017-02-26,258.576,2,DB-13060,West,TEC-PH-10003645,Technology,0.2,-51.71520000000001,2017
2017-02-26,29.6,4,DB-13060,West,OFF-PA-10004041,Office Supplies,0.0,0.0,2017
2017-05-04,243.16,2,CC-12220,West,OFF-AP-10002684,Office Supplies,0.0,0.0,2017
